genome_a,genome_b,edge,Phylogenetic distance (GTDB),Functional distance (KO jaccard),category
MAGsDB_PAAX01,MAGsDB_PASS01,0,1.510682227,0.588097103,unlinked
MAGsDB_TARA_RED_MAG_00015,MAGsDB_NHCT01,0,2.505709934,0.603966006,unlinked
MAGsDB_NZAO01,MAGsDB_PCCK01,0,2.146672927,0.593652445,unlinked
MAGsDB_NZZH01,MAGsDB_NHEC01,0,2.78416252,0.709387296,unlinked
MAGsDB_DJLZ01,MAGsDB_DAGF01,0,1.977597551,0.806851742,unlinked
MarDB_GCA_003533785.1_ASM353378v1,MAGsDB_NZZG01,0,2.237512227,0.710782045,unlinked
MAGsDB_DDEL01,MAGsDB_PBKG01,0,2.223688517,0.645806726,unlinked
MarDB_Prochlorococcus_marinus_MIT_9302,MarRef_Celeribacter_manganoxidans_strain_DY25,0,3.360975527,0.641516966,unlinked
MarDB_Prochlorococcus_sp_AG-402-G06,MarDB_Roseobacter_sp_MED193,0,3.329092507,0.675581395,unlinked
MAGsDB_DATW01,MarDB_Bacteroidetes_bacterium_strain_Spr30G08_bin33,0,3.101889742,0.776198934,unlinked
MAGsDB_DAFX01,MarDB_Oceanicaulis_alexandrii,0,2.861091227,0.795623836,unlinked
MAGsDB_TARA_MED_MAG_00077,MAGsDB_DIHQ01,0,2.410719214,0.528562461,unlinked
MarDB_Synechococcus_sp_WH8016,MAGsDB_TARA_ASE_MAG_00008,0,2.540246154,0.637298091,unlinked
MarRef_Synechococcus_sp_WH_8102,MarDB_Candidatus_Pelagibacter_ubique_HIMB058,0,2.770331767,0.624806999,unlinked
MarDB_GCA_003444155.1_ASM344415v1,MAGsDB_DAMU01,0,2.581491904,0.799818429,unlinked
MAGsDB_TARA_MED_MAG_00032,MarDB_Oceanospirillum_beijerinckii,0,2.313056814,0.685376098,unlinked
MAGsDB_PBYB01,MAGsDB_PAOV01,0,2.592730584,0.762576097,unlinked
MAGsDB_NYVA01,MAGsDB_PBWI01,0,2.762732228,0.711372064,unlinked
MarDB_GCA_003519765.1_ASM351976v1,MarDB_Prochlorococcus_sp_AG-355-G23,0,3.141698614,0.688224527,unlinked
MAGsDB_TARA_PSW_MAG_00002,MarDB_Prochlorococcus_sp_AG-355-M18,0,2.881597227,0.624213836,unlinked
MarDB_Salinisphaera_shabanensis,MAGsDB_DLPT01,0,1.286595882,0.519025875,unlinked
MarDB_Salinicola_salarius_strain_DSM_18044,MarDB_Prochlorococcus_sp_AG-355-B18,0,2.977390254,0.68102824,unlinked
MAGsDB_PAYI01,MAGsDB_PBRZ01,0,2.059592727,0.601915185,unlinked
MarDB_GCA_003444075.1_ASM344407v1,MAGsDB_DJZG01,0,1.818835693,0.552074513,unlinked
MAGsDB_PBIY01,MAGsDB_PAOB01,0,2.298247774,0.621090909,unlinked
MAGsDB_PBWJ01,MarDB_Sphingomonas_sp_SKA58,0,3.015545658,0.712389381,unlinked
MAGsDB_NZYO01,MAGsDB_NZNV01,0,2.128582727,0.676111383,unlinked
MAGsDB_TARA_PSE_MAG_00046,MarDB_GCA_003602535.1_ASM360253v1,0,2.53534391,0.791113676,unlinked
MarDB_Prochlorococcus_sp_AG-347-K10,MAGsDB_TARA_RED_MAG_00018,0,3.085314814,0.818127251,unlinked
MAGsDB_PATH01,MAGsDB_PBTT01,0,2.367823857,0.69,unlinked
MAGsDB_PBPT01,MarDB_Glaciecola_mesophila_KMM_241,0,2.402766157,0.700700332,unlinked
MAGsDB_DLRK01,MAGsDB_PBHZ01,0,2.674947227,0.806078148,unlinked
MAGsDB_DCCC01,MAGsDB_PASS01,0,1.527022227,0.562525458,unlinked
MarDB_Prochlorococcus_sp_AG-347-J22,MarDB_Candidatus_Pelagibacter_sp_HTCC7211,0,3.466628207,0.644714997,unlinked
MAGsDB_DEYU01,MarRef_alpha_proteobacterium_HIMB5,0,2.518686643,0.642607683,unlinked
MAGsDB_TARA_PSE_MAG_00038,MAGsDB_TARA_ANE_MAG_00054,0,2.4028082,0.679363275,unlinked
MAGsDB_TARA_IOS_MAG_00015,MAGsDB_NZUH01,0,2.764352054,0.634379263,unlinked
MAGsDB_TARA_MED_MAG_00136,MAGsDB_DJYW01,0,2.156279114,0.574755473,unlinked
MarDB_GCA_003533785.1_ASM353378v1,MarDB_OCS155_cluster_bacterium_AG-333-G23,0,2.869693111,0.690492713,unlinked
MarDB_Proteobacteria_bacterium_UBA5953,MAGsDB_TARA_MED_MAG_00126,0,2.26320632,0.664288899,unlinked
MAGsDB_DKPX01,MarDB_Synechococcus_sp_RS9916,0,1.833618227,0.649076517,unlinked
MAGsDB_DGLR01,MAGsDB_TARA_RED_MAG_00014,0,2.261068806,0.713525836,unlinked
MAGsDB_NZJW01,MAGsDB_PAHZ01,0,3.225733727,0.670992366,unlinked
MAGsDB_PBRC01,MAGsDB_NZUJ01,0,2.164692227,0.585346216,unlinked
MAGsDB_TARA_PSE_MAG_00038,MarDB_Colwellia_aestuarii_CGMCC1_6965,0,1.896060814,0.592351816,unlinked
MAGsDB_PBKN01,MAGsDB_PAVC01,0,2.394612027,0.691072575,unlinked
MarDB_Pelagibacteraceae_bacterium_AG-349-O05,MAGsDB_PABA01,0,2.349522237,0.712810707,unlinked
MAGsDB_NZHJ01,MarDB_Pelagibacterales_bacterium_MED-G40,0,3.022821007,0.656912948,unlinked
MAGsDB_TARA_PON_MAG_00002,MarDB_GCA_003533785.1_ASM353378v1,0,1.740102227,0.665630827,unlinked
MAGsDB_TARA_ANE_MAG_00078,MAGsDB_DARI01,0,2.608958114,0.82039801,unlinked
MAGsDB_PALX01,MAGsDB_NZTO01,0,2.392252227,0.632949727,unlinked
MAGsDB_TARA_MED_MAG_00063,MAGsDB_DEAA01,0,1.702372014,0.638420799,unlinked
MAGsDB_TARA_PSE_MAG_00031,MAGsDB_NZRN01,0,2.89904546,0.695224719,unlinked
MAGsDB_TARA_MED_MAG_00027,MarDB_SAR324_cluster_bacterium_lautmerah10,0,1.948269761,0.668719754,unlinked
MarDB_alpha_proteobacterium_SCGC_AAA536-K22,MAGsDB_TARA_PSE_MAG_00018,0,2.419765388,0.648567764,unlinked
MarDB_Pelagibacteraceae_bacterium_AG-404-P07,MAGsDB_NZIO01,0,0.493232237,0.367218282,unlinked
MAGsDB_NZKY01,MarDB_Synechococcus_sp_WH_8109,0,2.171794802,0.608554161,unlinked
MarDB_Pelagibacteraceae_bacterium_AG-345-F21,MarDB_Prochlorococcus_marinus_MIT_9107,0,3.256848167,0.67020649,unlinked
MAGsDB_TARA_IOS_MAG_00024,MAGsDB_NHCT01,0,2.233428314,0.650060753,unlinked
MAGsDB_TARA_PSE_MAG_00073,MAGsDB_PAZE01,0,3.072754424,0.701995012,unlinked
MAGsDB_TARA_ANW_MAG_00065,MAGsDB_PBAR01,0,2.01275019,0.607275734,unlinked
MarDB_Prochlorococcus_sp_AG-347-J14,MAGsDB_PAZP01,0,3.250913827,0.700060716,unlinked
MAGsDB_DKPW01,MarDB_Pelagibacteraceae_bacterium_AG-426-I15,0,1.837092227,0.651212553,unlinked
MarDB_Synechococcus_sp_AG-679-B05,MAGsDB_TARA_ANE_MAG_00024,0,2.776354222,0.807692308,unlinked
MAGsDB_DJLZ01,MAGsDB_TARA_PSW_MAG_00069,0,1.097213114,0.588268472,unlinked
MarDB_Pseudomonas_sp_MT5,MAGsDB_NHFA01,0,2.387754315,0.817795108,unlinked
MAGsDB_DLRV01,MAGsDB_PAHY01,0,1.790392227,0.717804002,unlinked
MAGsDB_NZFP01,MAGsDB_TARA_ANE_MAG_00030,0,2.676324144,0.79870892,unlinked
MarDB_Prochlorococcus_sp_scB241_528N17,MAGsDB_PAPT01,0,3.212076747,0.628885701,unlinked
MarDB_Rhodobacteraceae_bacterium_HTCC2083,MAGsDB_PAHJ01,0,1.366062227,0.411134021,unlinked
MAGsDB_PABV01,MarDB_Spongiibacter_tropicus,0,2.452556641,0.805970149,unlinked
MAGsDB_PBYE01,MarDB_Pelagibacteraceae_bacterium_AG-313-A04,0,1.971772167,0.618811881,unlinked
MAGsDB_NZHT01,MAGsDB_PBAP01,0,1.352922786,0.526670754,unlinked
MAGsDB_TARA_MED_MAG_00025,MarDB_GCF_003730275.1_ASM373027v1,0,2.8008957,0.660474716,unlinked
MAGsDB_DGPK01,MAGsDB_DDZT01,0,2.616782178,0.670241287,unlinked
MarDB_GCF_003335485.1_ASM333548v1,MAGsDB_DEYM01,0,1.586248827,0.56272838,unlinked
MarDB_Prochlorococcus_sp_AG-347-J14,MarDB_Prochlorococcus_sp_AG-449-G23,0,0.029362227,0.180916031,unlinked
MAGsDB_PBKW01,MarDB_Pseudomonas_stutzeri_strain_4C29,0,2.576350618,0.736311239,unlinked
MAGsDB_DEBL01,MAGsDB_DAXQ01,0,1.891786927,0.826855124,unlinked
MarDB_Prochlorococcus_sp_AG-402-L18,MAGsDB_PBNV01,0,2.905818227,0.682141165,unlinked
MAGsDB_TARA_IOS_MAG_00024,MarDB_Candidatus_Pelagibacter_ubique_HIMB083,0,2.660550524,0.58934373,unlinked
MAGsDB_DIIC01,MAGsDB_TARA_RED_MAG_00018,0,2.078882814,0.802904564,unlinked
MarDB_Thalassolituus_sp_UBA2535,MarDB_Prochlorococcus_sp_AG-347-L21,0,3.028870869,0.693844272,unlinked
MAGsDB_DEBO01,MarDB_Prochlorococcus_marinus_XMU1408,0,2.777228227,0.6305,unlinked
MarDB_Halomonas_taeanensis_strain_BH539,MAGsDB_PASM01,0,2.820840394,0.741998439,unlinked
MAGsDB_TARA_PSE_MAG_00010,MarDB_Prochlorococcus_sp_scB243_495K23,0,3.332160164,0.663789869,unlinked
MAGsDB_PAJD01,MAGsDB_PAAY01,0,1.798822727,0.599177801,unlinked
MAGsDB_TARA_PSW_MAG_00067,MAGsDB_PBEX01,0,2.269307813,0.664466447,unlinked
MAGsDB_PACZ01,MAGsDB_DEAI01,0,2.621372237,0.673249551,unlinked
MarRef_Prochlorococcus_marinus_bv_HNLC2,MarDB_GCF_003788585.1_ASM378858v1,0,3.089343674,0.649328859,unlinked
MarDB_Microbacteriaceae_bacterium_strain_strain_Alg239_V181,MarRef_Prochlorococcus_marinus_subsp_pastoris_str_CCMP1986,0,3.023781662,0.654142146,unlinked
MarRef_Celeribacter_manganoxidans_strain_DY25,MAGsDB_TARA_RED_MAG_00052,0,3.274429741,0.711587983,unlinked
MarDB_Bacteroidetes_bacterium_strain_Spr30G08_bin33,MarDB_Prochlorococcus_sp_AG-347-K16,0,3.275498227,0.626538256,unlinked
MarDB_Pelagibacteraceae_bacterium_AG-325-E13,MAGsDB_TARA_ANW_MAG_00040,0,2.059107654,0.625895599,unlinked
MarDB_Alphaproteobacteria_bacterium_MarineAlpha5_Bin5,MAGsDB_NHBS01,0,1.164427227,0.525810324,unlinked
MAGsDB_NZGC01,MarRef_Planktomarina_temperata_RCA23,0,2.554603577,0.542272906,unlinked
MarDB_Prochlorococcus_sp_AG-363-A16,MAGsDB_DALZ01,0,2.917484227,0.805571031,unlinked
MAGsDB_PAYK01,MarDB_Pelagibacteraceae_bacterium_AG-390-D18,0,3.036552487,0.692826487,unlinked
MAGsDB_DCQE01,MAGsDB_TARA_RED_MAG_00004,0,2.29851664,0.597215316,unlinked
MarDB_GCA_003331605.1_ASM333160v1,MAGsDB_PAHB01,0,1.712635624,0.62109375,unlinked
MAGsDB_DBTD01,MarDB_Rhodobacteraceae_bacterium_ASP1004a,0,2.314034807,0.583112457,unlinked
MAGsDB_TARA_MED_MAG_00136,MAGsDB_NZXU01,0,1.315159114,0.580202312,unlinked
MAGsDB_DCQB01,MAGsDB_NZED01,0,2.501015754,0.654181185,unlinked
MAGsDB_NZZE01,MarDB_Roseovarius_mucosus,0,2.908306894,0.65872706,unlinked
MAGsDB_DAPP01,MAGsDB_NZED01,0,2.736643227,0.818507157,unlinked
MAGsDB_DKFX01,MAGsDB_PAPJ01,0,2.541182237,0.619816674,unlinked
MAGsDB_DANX01,MAGsDB_PBRS01,0,3.067197227,0.771554437,unlinked
MarRef_Synechococcus_sp_WH_7803,MAGsDB_DAHL01,0,2.394353227,0.847695391,unlinked
MAGsDB_TARA_MED_MAG_00069,MarRef_Formosa_sp_Hel3_A1_48,0,2.477049095,0.593495935,unlinked
MarDB_GCA_003331225.1_ASM333122v1,MAGsDB_DDCY01,0,2.315752097,0.667782027,unlinked
MAGsDB_TARA_IOS_MAG_00017,MAGsDB_DAHO01,0,2.992392784,0.800687285,unlinked
MAGsDB_TARA_PON_MAG_00033,MarRef_Prochlorococcus_marinus_str_MIT_9312,0,3.391785514,0.791938998,unlinked
MAGsDB_TARA_ANW_MAG_00035,MAGsDB_PBOD01,0,1.685647184,0.619941594,unlinked
MAGsDB_PBVT01,MAGsDB_DGAM01,0,1.846661027,0.63078959,unlinked
MAGsDB_PAQM01,MAGsDB_DDIH01,0,2.758847754,0.614185922,unlinked
MarDB_Salegentibacter_mishustinae_strain_DSM_23404_1,MAGsDB_TARA_PON_MAG_00015,0,1.993273534,0.600414938,unlinked
MAGsDB_TARA_ASW_MAG_00008,MarDB_Pseudoalteromonas_sp_BSi20311,0,2.318614821,0.526739927,unlinked
MAGsDB_PABG01,MarRef_Erythrobacter_sp_YH_07,0,2.047697678,0.580987352,unlinked
MAGsDB_PARX01,MarDB_Porticoccaceae_bacterium_UBA3436,0,2.383146827,0.592980857,unlinked
MAGsDB_TARA_PSW_MAG_00021,MAGsDB_NZZG01,0,1.576173744,0.746847268,unlinked
MAGsDB_DIIG01,MAGsDB_DKOR01,0,1.968542227,0.629955947,unlinked
MAGsDB_NZSA01,MAGsDB_TARA_ANE_MAG_00011,0,1.095731614,0.538622129,unlinked
MAGsDB_DFPC01,MarDB_Citreicella_sp_SE45,0,1.504539545,0.516173913,unlinked
MAGsDB_NZAO01,MAGsDB_PBDJ01,0,2.19055945,0.666847531,unlinked
MAGsDB_DDII01,MAGsDB_TARA_ION_MAG_00022,0,2.424160014,0.55075594,unlinked
MAGsDB_DCQB01,MAGsDB_DEYT01,0,2.444659754,0.619460941,unlinked
MAGsDB_DLTP01,MarDB_Prochlorococcus_sp_AG-402-P16,0,2.430086794,0.700394218,unlinked
MAGsDB_PBWW01,MAGsDB_TARA_PSW_MAG_00077,0,2.00877827,0.829405163,unlinked
MAGsDB_DHZF01,MAGsDB_DDJT01,0,3.131999327,0.691363851,unlinked
MAGsDB_PBWW01,MAGsDB_PBFM01,0,2.125350854,0.790131168,unlinked
MAGsDB_PBEP01,MarDB_GCA_003671475.1_ASM367147v1,0,2.164456814,0.76296018,unlinked
MarDB_Pelagibacteraceae_bacterium_AG-404-P07,MAGsDB_PAME01,0,3.036862237,0.692435119,unlinked
MarDB_Salipiger_nanhaiensis_strain_DSM_27508,MAGsDB_PANK01,0,1.161387427,0.364730878,unlinked
MAGsDB_TARA_PSE_MAG_00038,MarDB_Erythrobacter_sp_EhN03,0,1.770206788,0.491920152,unlinked
MAGsDB_PBFM01,MarRef_Prochlorococcus_marinus_str_MIT_9215,0,2.929468427,0.689655172,unlinked
MAGsDB_PAND01,MarDB_Nitrosopumilus_sp_Nsub,0,2.672324186,0.838992333,unlinked
MAGsDB_DBZA01,MAGsDB_TARA_RED_MAG_00011,0,1.903657409,0.645190157,unlinked
MAGsDB_DIHT01,MarRef_Euzebyella_marina,0,2.538811254,0.585635359,unlinked
MarRef_Zunongwangia_profunda_SM-A87,MAGsDB_TARA_RED_MAG_00092,0,2.514341354,0.653698162,unlinked
MAGsDB_NHDV01,MAGsDB_DAHO01,0,3.023738137,0.797759801,unlinked
MAGsDB_NZYO01,MAGsDB_DBTD01,0,1.169035307,0.591352859,unlinked
MAGsDB_TARA_ANE_MAG_00057,MAGsDB_PBPR01,0,2.594265253,0.835602622,unlinked
MarDB_Prochlorococcus_sp_AG-402-B05,MAGsDB_PBGL02,0,3.284291471,0.798734905,unlinked
MAGsDB_TARA_ANE_MAG_00015,MarDB_GCA_003504155.1_ASM350415v1,0,1.962334048,0.762557078,unlinked
MAGsDB_PAIS01,MAGsDB_TARA_PSW_MAG_00042,0,2.545891594,0.622498888,unlinked
MAGsDB_PBWG01,MAGsDB_PBKA01,0,2.501401597,0.69851632,unlinked
MAGsDB_PABA01,MarRef_Alteromonas_australica_H_17,0,1.849170417,0.570302648,unlinked
MarDB_Leeuwenhoekiella_palythoae_strain_DSM_19859,MAGsDB_NYWG01,0,2.513515097,0.621459227,unlinked
MAGsDB_TARA_ION_MAG_00004,MarDB_Pseudoalteromonas_lipolytica_UCD-48B,0,1.055635744,0.498066784,unlinked
MAGsDB_DACD01,MAGsDB_DCCD01,0,2.462600018,0.794858871,unlinked
MAGsDB_PAPY01,MAGsDB_DAMG01,0,2.200673747,0.798738833,unlinked
MAGsDB_PCCU01,MAGsDB_PANC01,0,2.520547727,0.67802385,unlinked
MAGsDB_DKPX01,MarDB_Pseudoalteromonas_sp_BSi20311,0,2.052961205,0.686360321,unlinked
MAGsDB_TARA_ANE_MAG_00043,MarDB_Vibrio_sagamiensis_NBRC_104589,0,2.625886174,0.71239607,unlinked
MAGsDB_TARA_RED_MAG_00045,MarRef_Thalassolituus_oleivorans_MIL-1,0,2.097722206,0.608494208,unlinked
MarDB_Synechococcus_sp_AG-679-B05,MAGsDB_TARA_ION_MAG_00033,0,2.964762752,0.831882481,unlinked
MarDB_Prochlorococcus_sp_AG-347-C10,MAGsDB_NZEX01,0,2.690789803,0.729990357,unlinked
MAGsDB_DJZU01,MAGsDB_DJIA01,0,1.418652127,0.580528224,unlinked
MarDB_Prochlorococcus_sp_AG-418-O03,MAGsDB_DJMC01,0,2.663730444,0.712982833,unlinked
MarDB_Pelagibacteraceae_bacterium_AG-349-L17,MAGsDB_DCQR01,0,2.459737599,0.638297872,unlinked
MarDB_SAR116_cluster_bacterium_AG-447-C21,MAGsDB_DDCY01,0,2.650575577,0.669502911,unlinked
MAGsDB_DEBI01,MAGsDB_NZUH01,0,2.265429315,0.611356467,unlinked
MAGsDB_DCWM01,MAGsDB_DLRJ01,0,1.369984567,0.602101116,unlinked
MAGsDB_DCCB01,MAGsDB_TARA_IOS_MAG_00012,0,2.179845114,0.654545455,unlinked
MAGsDB_PARQ01,MAGsDB_DLRN01,0,0.729092227,0.447447447,unlinked
MarDB_Citreicella_marina_strain_DSM_26424,MarDB_Pelagibacteraceae_bacterium_AG-426-M19,0,2.163326688,0.636572303,unlinked
MarDB_alpha_proteobacterium_SCGC_AAA536-K22,MAGsDB_DCWQ01,0,2.482195427,0.670633032,unlinked
MAGsDB_PBTN01,MAGsDB_DAUW01,0,2.674560097,0.828812962,unlinked
MAGsDB_DAPT01,MAGsDB_TARA_RED_MAG_00021,0,2.150671184,0.650075415,unlinked
MarDB_Prochlorococcus_sp_AG-347-C10,MarDB_Candidatus_Pelagibacter_ubique_HIMB083,0,3.549576024,0.677251732,unlinked
MarDB_Rhodobacteraceae_bacterium_O3.65,MAGsDB_DBSW01,0,3.105239427,0.69682059,unlinked
MAGsDB_NZHP01,MarDB_Pelagibacteraceae_bacterium_AG-426-P20,0,2.269982816,0.621067031,unlinked
MAGsDB_PBYB01,MarDB_Euryarchaeota_archaeon_strain_RS392,0,2.690118584,0.848195002,unlinked
MAGsDB_DAPP01,MAGsDB_PBMO01,0,0.597803726,0.410867493,unlinked
MAGsDB_DIBD01,MarDB_Candidatus_Pelagibacter_sp_HTCC7211,0,2.434147344,0.623413258,unlinked
MarDB_Prochlorococcus_sp_AG-436-A04,MAGsDB_PBKH01,0,2.681598227,0.678571429,unlinked
MarDB_Methylophilales_bacterium_HTCC2181,MAGsDB_PAPI01,0,2.700981767,0.621112158,unlinked
MAGsDB_TARA_MED_MAG_00043,MAGsDB_DCLA01,0,2.134526774,0.689627553,unlinked
MAGsDB_PAEP01,MAGsDB_NZOB01,0,2.789968227,0.714795009,unlinked
MAGsDB_PBFL01,MarDB_Prochlorococcus_sp_AG-347-K16,0,3.381265214,0.66532721,unlinked
MarDB_Prochlorococcus_sp_scB243_498B22,MarDB_Pseudoalteromonas_sp_3D05,0,3.013423894,0.686139748,unlinked
MarDB_Nitrosopumilus_sp_BACL13_MAG-121220-bin23,MAGsDB_DGPX01,0,2.491256966,0.833698031,unlinked
MAGsDB_PBUF01,MAGsDB_TARA_MED_MAG_00012,0,1.338530074,0.504118616,unlinked
MAGsDB_TARA_MED_MAG_00040,MarDB_Prochlorococcus_sp_AG-355-M18,0,3.056565814,0.71680376,unlinked
MarRef_Pseudodesulfovibrio_profundus_strain_500-1,MarDB_Prochlorococcus_sp_AG-388-F11,0,2.666133987,0.666088465,unlinked
MAGsDB_PBHR01,MAGsDB_TARA_PON_MAG_00038,0,2.489248934,0.821487603,unlinked
MAGsDB_NZMY01,MarDB_Candidatus_Pelagibacter_HTCC1002,0,2.140404774,0.605855856,unlinked
MAGsDB_TARA_MED_MAG_00021,MAGsDB_DKGH01,0,2.213504196,0.591363876,unlinked
MarRef_Idiomarina_sp_OT37-5b_MMP08606195,MarDB_Prochlorococcus_sp_AG-347-K15,0,2.970808227,0.712167466,unlinked
MAGsDB_TARA_ION_MAG_00023,MAGsDB_PAAV01,0,2.033868914,0.715827338,unlinked
MAGsDB_TARA_MED_MAG_00042,MAGsDB_TARA_ANE_MAG_00001,0,1.501792438,0.462130178,unlinked
MarDB_Nitrosopelagicus_sp_REDSEA-S31_B2,MAGsDB_PBDW01,0,2.124421473,0.821195974,unlinked
MAGsDB_TARA_ANE_MAG_00028,MAGsDB_PAME01,0,3.054146234,0.699944843,unlinked
MAGsDB_PACC02,MarDB_GCF_003730275.1_ASM373027v1,0,1.384292494,0.540352505,unlinked
MAGsDB_PATZ01,MarDB_GCA_003385605.1_ASM338560v1,0,3.218171934,0.772231784,unlinked
MarDB_GCA_003523885.1_ASM352388v1,MAGsDB_DGQA01,0,2.155727744,0.607410882,unlinked
MarDB_Prochlorococcus_sp_AG-347-K18,MAGsDB_PBYP01,0,3.005803907,0.694421657,unlinked
MAGsDB_PBNM01,MarDB_Rhodobacteraceae_bacterium_REDSEA-S02_B3,0,2.785965884,0.665118679,unlinked
MarDB_GCA_003331265.1_ASM333126v1,MAGsDB_PABM01,0,0.692153024,0.436666667,unlinked
MAGsDB_PBFH01,MAGsDB_DDIM01,0,0.938702227,0.567233385,unlinked
MarDB_GCA_003491725.1_ASM349172v1,MarRef_Candidatus_Pelagibacter_sp_IMCC9063,0,1.794333404,0.575284091,unlinked
MAGsDB_DEYL01,MAGsDB_TARA_ION_MAG_00009,0,2.618663147,0.609335363,unlinked
MAGsDB_PAVR01,MAGsDB_NHDO01,0,2.189679984,0.640656064,unlinked
MarDB_Labrenzia_sp_C1B10,MAGsDB_TARA_ANW_MAG_00042,0,2.301934324,0.688400824,unlinked
MAGsDB_TARA_ION_MAG_00023,MAGsDB_PAZC01,0,1.942678814,0.620885358,unlinked
MAGsDB_NZLU01,MAGsDB_PBTH01,0,2.868543127,0.811295972,unlinked
MAGsDB_NZFW01,MarDB_Halomonas_lionensis_RHS90,0,2.665070227,0.729295426,unlinked
MAGsDB_PBYS01,MarDB_Pelagibacteraceae_bacterium_AG-447-N18,0,2.576872237,0.67047532,unlinked
MarDB_Pseudomonas_marincola_strain_JCM_14761,MAGsDB_PABS01,0,2.160485828,0.559459459,unlinked
MAGsDB_TARA_MED_MAG_00117,MAGsDB_TARA_PSW_MAG_00077,0,2.183809302,0.639229422,unlinked
MAGsDB_TARA_ASW_MAG_00008,MarDB_Prochlorococcus_sp_AG-409-L18,0,2.882861844,0.649722341,unlinked
MAGsDB_PBCY01,MAGsDB_PAFB01,0,1.518202227,0.601914414,unlinked
MAGsDB_NYYX01,MAGsDB_DEAI01,0,2.181722227,0.72054899,unlinked
MarDB_Dokdonia_donghaensis_MED134,MAGsDB_DHZF01,0,3.112943114,0.615676359,unlinked
MAGsDB_NZVQ01,MarDB_Pseudoalteromonas_sp_520P1_No._423,0,2.323640227,0.714119472,unlinked
MAGsDB_TARA_PSW_MAG_00049,MAGsDB_NZXU01,0,2.651130242,0.701042041,unlinked
MAGsDB_TARA_RED_MAG_00028,MarRef_Synechococcus_sp_CC9605,0,2.545277389,0.667367315,unlinked
MarDB_SAR116_cluster_bacterium_AG-390-L20,MarDB_Pelagibacteraceae_bacterium_AG-319-F18,0,1.817432207,0.565265487,unlinked
MAGsDB_PBGD01,MAGsDB_DFMJ01,0,3.07795515,0.686387686,unlinked
MAGsDB_PATZ01,MAGsDB_NZUQ01,0,2.495510067,0.795362903,unlinked
MAGsDB_PBFG01,MarDB_OCS116_cluster_bacterium_AG-390-A19,0,2.92852062,0.618821936,unlinked
MAGsDB_DIIG01,MAGsDB_TARA_PSE_MAG_00077,0,2.772541274,0.623513266,unlinked
MAGsDB_TARA_MED_MAG_00014,MarDB_Oceanicaulis_alexandrii,0,2.497403903,0.600886025,unlinked
MAGsDB_TARA_ION_MAG_00041,MAGsDB_DJYU01,0,2.72323826,0.630938586,unlinked
MAGsDB_PBQI01,MarRef_Erythrobacter_sp_YH_07,0,1.172059614,0.575348075,unlinked
MAGsDB_TARA_MED_MAG_00039,MAGsDB_DDEH01,0,2.844125027,0.632086168,unlinked
MAGsDB_DBIA01,MAGsDB_NHFA01,0,2.61712486,0.766719326,unlinked
MAGsDB_PAYI01,MAGsDB_PALD01,0,0.547202227,0.43867458,unlinked
MAGsDB_NZWG01,ProGenomes_575788_PRJEA32815,0,2.402461135,0.728351955,unlinked
MAGsDB_DEAU01,MAGsDB_PBWL01,0,0.975620303,0.42662116,unlinked
MAGsDB_PBFD01,MarDB_Prochlorococcus_marinus_MIT_9201,0,2.800721829,0.626173385,unlinked
MAGsDB_PBTN01,MAGsDB_DELD01,0,1.088945097,0.596055515,unlinked
MAGsDB_DEYT01,MarDB_Alphaproteobacteria_bacterium_MarineAlpha5_Bin12,0,2.500345227,0.628720627,unlinked
MarDB_Pelagibacteraceae_bacterium_AG-422-B15,MarDB_Pseudoalteromonas_sp_H105,0,2.073633828,0.705953827,unlinked
MAGsDB_TARA_PSW_MAG_00100,MAGsDB_NZGY01,0,2.878935214,0.717672414,unlinked
MarDB_Prochlorococcus_sp_AG-418-M08,MAGsDB_TARA_RED_MAG_00009,0,2.915872064,0.597686375,unlinked
MAGsDB_PBNP01,MAGsDB_DBHQ01,0,2.487167474,0.74049217,unlinked
MarDB_Synechococcus_sp_WH_8109,MAGsDB_NYUE01,0,2.358876089,0.632267442,unlinked
MarDB_Vibrio_caribbenthicus_ATCC_BAA2122,MAGsDB_PBGL02,0,2.593356771,0.845115453,unlinked
MAGsDB_NZHT01,ProGenomes_1235558_PRJNA175917,0,2.374444286,0.672280229,unlinked
MarRef_Synechococcus_sp_KORDI-100,MarDB_Prochlorococcus_sp_AG-418-I20,0,0.877302227,0.339953271,unlinked
MAGsDB_PAUJ01,MAGsDB_PBLL01,0,2.601682227,0.693600868,unlinked
MAGsDB_PAFH01,MAGsDB_TARA_ANW_MAG_00040,0,2.100354054,0.653988378,unlinked
MarDB_Pseudoalteromonas_distincta,MarDB_Pelagibacteraceae_bacterium_AG-430-I06,0,2.171231748,0.72930561,unlinked
MAGsDB_DEBO01,MAGsDB_PBEW01,0,2.474701314,0.66503268,unlinked
MarDB_Prochlorococcus_sp_AG-670-O07,MAGsDB_DJLW01,0,3.023245804,0.731300813,unlinked
MAGsDB_NZED01,MarDB_Marinomonas_sp_Cmf_18.22,0,2.378258227,0.669954209,unlinked
MarDB_Alcanivorax_jadensis_T9,MAGsDB_DCQA01,0,0.990068217,0.573909172,unlinked
MarRef_Prochlorococcus_sp_MIT_0604,MarDB_Prochlorococcus_sp_scB243_495L20,0,0.027316282,0.07630814,unlinked
MAGsDB_TARA_IOS_MAG_00067,MarDB_Prochlorococcus_sp_AG-409-M05,0,2.367711906,0.696697921,unlinked
MAGsDB_PBNM01,MAGsDB_PBBS01,0,0.562044467,0.462063733,unlinked
MarDB_Nitrosopumilus_sp_BACL13_MAG-121220-bin23,MarDB_Prochlorococcus_sp_AG-355-G23,0,2.916522966,0.79086116,unlinked
MarDB_Vibrio_chagasii_strain_LC2-408,MAGsDB_DGJX01,0,2.616901537,0.710656316,unlinked
MAGsDB_TARA_MED_MAG_00117,MAGsDB_PBNP01,0,2.260991886,0.653576438,unlinked
MAGsDB_PBTH01,MAGsDB_DGPX01,0,2.945683127,0.783639597,unlinked
MAGsDB_TARA_PSW_MAG_00054,MarRef_Vibrionaceae_bacterium_NSCS20N07D,0,2.343114354,0.685549688,unlinked
MAGsDB_TARA_MED_MAG_00032,MAGsDB_PAUH01,0,3.087129654,0.779092702,unlinked
MAGsDB_PAYP01,MAGsDB_PBTP01,0,1.901411009,0.576459685,unlinked
MarDB_Candidatus_Marinamargulisbacteria_bacterium_SCGC_AG-343-D04,MAGsDB_DCQE01,0,1.688864074,0.685079727,unlinked
MAGsDB_PBGD01,MarDB_Pseudoalteromonas_sp_520P1_No._423,0,2.573032627,0.730678233,unlinked
MAGsDB_TARA_PSW_MAG_00007,MarDB_Prochlorococcus_sp_AG-363-O06,0,2.667428126,0.713800905,unlinked
MAGsDB_DBSW01,MAGsDB_TARA_ANE_MAG_00009,0,2.916016814,0.700223714,unlinked
MAGsDB_NHEC01,MAGsDB_TARA_RED_MAG_00033,0,2.066170323,0.719409283,unlinked
MarDB_GCA_003491725.1_ASM349172v1,MarDB_Candidatus_Pelagibacter_ubique_HTCC8051,0,2.249063384,0.565581395,unlinked
MarDB_Pelagibacteraceae_bacterium_AG-345-O09,MAGsDB_NHBS01,0,1.561987237,0.55264969,unlinked
MAGsDB_NZPK01,MAGsDB_PARR01,0,2.239834127,0.658548466,unlinked
MAGsDB_TARA_ANW_MAG_00009,MAGsDB_DGPN01,0,2.588102827,0.65,unlinked
MAGsDB_DFPC01,MAGsDB_DEYK01,0,2.973436259,0.61627907,unlinked
MAGsDB_DEWY01,MAGsDB_PAFB01,0,1.120352227,0.56284153,unlinked
MarRef_Alteromonas_australica_H_17,MAGsDB_TARA_MED_MAG_00015,0,1.408030417,0.567106284,unlinked
MAGsDB_DEPK01,MAGsDB_NYVM01,0,2.529455387,0.67020336,unlinked
MAGsDB_TARA_ION_MAG_00022,MAGsDB_TARA_PON_MAG_00039,0,1.71073709,0.504297994,unlinked
MAGsDB_TARA_MED_MAG_00127,MAGsDB_DAEN01,0,1.96164787,0.809229305,unlinked
MarRef_Alteromonas_sp_SN2,MAGsDB_PBWI01,0,2.460346331,0.744633605,unlinked
MAGsDB_TARA_IOS_MAG_00011,MAGsDB_PANK01,0,2.690154477,0.656311443,unlinked
MAGsDB_NZPI01,MAGsDB_PAPO01,0,2.015897217,0.6781158,unlinked
MAGsDB_PADB01,MAGsDB_PAPO01,0,2.120371217,0.644651163,unlinked
MAGsDB_TARA_RED_MAG_00042,MAGsDB_DKNM01,0,2.237698198,0.664031621,unlinked
MAGsDB_TARA_PSW_MAG_00007,MarDB_Maribacter_sp_SDRB-Phe2,0,2.856362126,0.653465347,unlinked
MAGsDB_PBCF01,MAGsDB_NHCB01,0,1.524588905,0.526315789,unlinked
MarDB_Alphaproteobacteria_bacterium_MarineAlpha3_Bin7,MAGsDB_DAZE01,0,2.853543417,0.790949336,unlinked
MAGsDB_PBMR01,MAGsDB_DBSX01,0,2.517470864,0.815261044,unlinked
MAGsDB_TARA_PSE_MAG_00009,MarDB_Vibrio_cyclitrophicus_FF75_2,0,2.405126632,0.660115979,unlinked
MAGsDB_TARA_ANW_MAG_00040,MarRef_Erythrobacter_sp_YH_07,0,1.5249677,0.398513702,unlinked
MarDB_Pelagibacteraceae_bacterium_AG-333-C14,MAGsDB_TARA_RED_MAG_00037,0,1.165241949,0.579881657,unlinked
MAGsDB_TARA_ANE_MAG_00017,MAGsDB_PAIV01,0,2.792457,0.643262411,unlinked
MarDB_Salinisphaeraceae_bacterium_OUC007,MarDB_Zunongwangia_mangrovi_strain_DSM_24499,0,2.626260927,0.564503518,unlinked
MAGsDB_NZXT01,MAGsDB_NZRN01,0,2.60600434,0.755146262,unlinked
MAGsDB_TARA_PSE_MAG_00059,MAGsDB_DFVV01,0,2.277774786,0.687060097,unlinked
MarDB_Erythrobacter_citreus_LAMA_915,MAGsDB_NZPQ01,0,2.969797533,0.688369781,unlinked
MarRef_Pseudomonas_sp_MT-1,MAGsDB_DLPT01,0,0.795985865,0.535326087,unlinked
MarRef_Synechococcus_sp_WH_8102,MAGsDB_PBNO01,0,2.829547827,0.626226934,unlinked
MAGsDB_PBAR01,MarDB_Vibrio_splendidus_strain_5S_245,0,2.208348737,0.693088142,unlinked
MAGsDB_PBMF01,MAGsDB_DLRN01,0,2.157192227,0.616132167,unlinked
MAGsDB_DBNJ01,MarDB_GCF_003315015.1_ASM331501v1,0,2.41992273,0.652006173,unlinked
MAGsDB_TARA_MED_MAG_00047,MAGsDB_TARA_ION_MAG_00016,0,1.855307444,0.584560691,unlinked
MAGsDB_DFMC01,MAGsDB_TARA_PSW_MAG_00113,0,2.358427386,0.6636698,unlinked
MarDB_Rhodobacteraceae_bacterium_SB2,MarDB_Prochlorococcus_sp_AG-459-N19,0,3.479288227,0.681512605,unlinked
MAGsDB_NYVG01,MarDB_Thalassolituus_sp_ESRF-bin27,0,1.085354307,0.537171351,unlinked
MarDB_Candidatus_Thioglobus_sp_MED-G25,MAGsDB_PAIV01,0,2.492978494,0.66628506,unlinked
MAGsDB_PASO01,MAGsDB_TARA_RED_MAG_00003,0,0.977386114,0.402292861,unlinked
MAGsDB_PBAL01,MAGsDB_TARA_PSE_MAG_00044,0,0.636271914,0.456511519,unlinked
MAGsDB_TARA_RED_MAG_00091,MAGsDB_NZGF01,0,2.858712414,0.695545766,unlinked
MAGsDB_PBEC01,MarDB_GCA_003702465.1_ASM370246v1,0,2.503233306,0.809944751,unlinked
MAGsDB_PBPT01,MAGsDB_DDJT01,0,2.238672487,0.586913417,unlinked
MarDB_Pelagibacteraceae_bacterium_AG-325-C10,MAGsDB_DLRQ01,0,2.80058192,0.668782458,unlinked
MarDB_Rhodobacteraceae_bacterium_O3.65,MAGsDB_PAHN01,0,3.155953957,0.694810225,unlinked
MAGsDB_TARA_ION_MAG_00016,MAGsDB_TARA_RED_MAG_00004,0,1.009114794,0.510025707,unlinked
MarDB_SAR116_cluster_bacterium_MED-G06,MAGsDB_DBNK01,0,1.796202227,0.634325316,unlinked
MAGsDB_TARA_MED_MAG_00040,MarDB_Prochlorococcus_sp_AG-347-K15,0,3.064105814,0.707453416,unlinked
MarDB_Synechococcus_sp_AG-670-B23,MarDB_Prochlorococcus_sp_AG-402-A08,0,0.690432202,0.345105328,unlinked
MAGsDB_PAJD01,MAGsDB_NZUH01,0,2.233995127,0.531044558,unlinked
MarDB_GCA_003452485.1_ASM345248v1,MAGsDB_NYVM01,0,1.664861957,0.556875286,unlinked
MAGsDB_DAPP01,MAGsDB_TARA_RED_MAG_00044,0,2.935676914,0.786791098,unlinked
MAGsDB_NHEZ01,MAGsDB_TARA_MED_MAG_00065,0,2.817153858,0.707201889,unlinked
MarDB_Pelagibacteraceae_bacterium_AG-325-E13,MarDB_GCA_003535555.1_ASM353555v1,0,1.840969567,0.54916388,unlinked
MarDB_GCA_003602575.1_ASM360257v1,MAGsDB_DEYM01,0,2.942022014,0.762201454,unlinked
MAGsDB_DEBF01,MarDB_Prochlorococcus_sp_AG-402-L23,0,2.731951824,0.676850764,unlinked
MAGsDB_TARA_ANW_MAG_00009,MAGsDB_PBSU01,0,1.097252227,0.585518591,unlinked
MAGsDB_PAFH01,MAGsDB_DDCY01,0,2.827060637,0.698823529,unlinked
MarDB_Prochlorococcus_sp_AG-347-K19,MarRef_Candidatus_Pelagibacter_sp_IMCC9063,0,3.045028227,0.612470862,unlinked
MarDB_Alphaproteobacteria_bacterium_MarineAlpha5_Bin5,MarDB_Synechococcus_sp_AG-679-B05,0,2.613757535,0.682146543,unlinked
MAGsDB_DACC01,MAGsDB_DKOR01,0,1.750037227,0.884431138,unlinked
MAGsDB_TARA_RED_MAG_00045,MarDB_Sphingomonas_sp_SKA58,0,1.007349945,0.560864146,unlinked
MarDB_Prochlorococcus_marinus_MIT_1342,MAGsDB_TARA_ANW_MAG_00035,0,2.026292164,0.629647059,unlinked
MAGsDB_TARA_MED_MAG_00057,MarDB_Albimonas_donghaensis_strain_DSM_17890,0,0.781139354,0.500213038,unlinked
MarDB_GCF_900473895.1_N32,MarDB_Synechococcus_sp_WH_8109,0,0.009662494,0.064208519,unlinked
MarDB_gamma_proteobacterium_SCGC_AB-629-P17,MAGsDB_PAZE01,0,2.613498227,0.690968444,unlinked
MAGsDB_PBAL01,MarDB_Synechococcus_sp_MIT_S9509,0,1.773137807,0.616306954,unlinked
MAGsDB_PBLJ01,MAGsDB_PAIV01,0,2.070498414,0.634625887,unlinked
MAGsDB_PAPB01,MarRef_Prochlorococcus_marinus_subsp_pastoris_str_CCMP1986,0,3.023001719,0.661942257,unlinked
MarRef_Euzebyella_marina,MAGsDB_TARA_MED_MAG_00107,0,2.98849201,0.746772592,unlinked
MarDB_Hyphomonas_sp_22II1-22F38,MAGsDB_DEWY01,0,0.694786147,0.344768439,unlinked
MAGsDB_PBKS01,MAGsDB_PBPR01,0,2.548649998,0.796971783,unlinked
MAGsDB_TARA_MED_MAG_00056,MAGsDB_NHDB01,0,2.984542714,0.628456511,unlinked
MAGsDB_TARA_MED_MAG_00054,MAGsDB_NHEN01,0,2.408798834,0.644141689,unlinked
MAGsDB_DLTS01,MAGsDB_PAPL01,0,1.998673927,0.64729064,unlinked
MAGsDB_DCWQ01,MAGsDB_DCQV01,0,2.432429206,0.658115442,unlinked
MAGsDB_PBRP01,MAGsDB_PBZV01,0,2.057944116,0.82712305,unlinked
MarDB_Alphaproteobacteria_bacterium_MarineAlpha5_Bin7,MarDB_Prochlorococcus_sp_AG-418-D13,0,3.126128227,0.67610419,unlinked
MAGsDB_NZFW01,MAGsDB_DDJU01,0,2.652028494,0.671802773,unlinked
MAGsDB_NZXX01,MAGsDB_DEAA01,0,1.573366078,0.61379064,unlinked
MAGsDB_TARA_ANE_MAG_00027,MAGsDB_DAKS01,0,0.569048205,0.277675277,unlinked
MAGsDB_DENU01,MAGsDB_NYVR01,0,2.604457774,0.601216814,unlinked
MarDB_Prochlorococcus_sp_AG-355-P16,MAGsDB_PAND01,0,3.337928227,0.6930639,unlinked
MAGsDB_DLRK01,MarDB_Pseudoalteromonas_arabiensis_JCM_17292,0,2.125302227,0.623946629,unlinked
MAGsDB_TARA_PSW_MAG_00023,MarDB_Pelagibacterales_bacterium_MED-G40,0,2.670996304,0.702600217,unlinked
MarDB_Prochlorococcus_sp_AG-347-K10,MAGsDB_DDZT01,0,2.734228178,0.686965812,unlinked
MAGsDB_PBMR01,MAGsDB_TARA_PSW_MAG_00068,0,3.028877564,0.782824698,unlinked
MarDB_Sphingobium_yanoikuyae_strain_UBA1832,MAGsDB_DAZL01,0,2.666975437,0.83129085,unlinked
MAGsDB_NZIV01,MAGsDB_TARA_RED_MAG_00035,0,2.333004914,0.615474113,unlinked
MAGsDB_TARA_RED_MAG_00042,MAGsDB_PBZM01,0,2.453475634,0.676914477,unlinked
MarDB_GCA_003491725.1_ASM349172v1,MarDB_Halieaceae_bacterium_MED-G27,0,2.404413404,0.602680502,unlinked
MAGsDB_DEAY01,MAGsDB_PABS01,0,2.189912227,0.619322874,unlinked
MarDB_GCA_003444155.1_ASM344415v1,MAGsDB_TARA_ION_MAG_00007,0,0.83229599,0.488122962,unlinked
MAGsDB_PATH01,MAGsDB_DIAJ01,0,2.357823727,0.70995671,unlinked
MAGsDB_DKFX01,MarDB_Prochlorococcus_sp_AG-347-K20,0,3.212948237,0.679425837,unlinked
MarDB_SAR406_cluster_bacterium_SCGC_AAA160-I06,MarDB_Pelagibacteraceae_bacterium_AG-325-E08,0,2.946029627,0.628888889,unlinked
MAGsDB_DAPT01,MAGsDB_TARA_PSE_MAG_00001,0,2.366153627,0.776448942,unlinked
MarDB_Alphaproteobacteria_bacterium_UBA3437,MarDB_Bacteroidetes_bacterium_MED-G17,0,2.128777366,0.652529382,unlinked
MarDB_Pelagibacteraceae_bacterium_AG-461-B04,MAGsDB_TARA_RED_MAG_00019,0,2.423823616,0.663674446,unlinked
MarDB_GCA_003331605.1_ASM333160v1,MAGsDB_NZPQ01,0,2.702396274,0.642530488,unlinked
MAGsDB_TARA_RED_MAG_00045,MarDB_Prochlorococcus_sp_scB245a_520K10,0,3.138862861,0.653639472,unlinked
MAGsDB_DEBL01,MAGsDB_TARA_PSE_MAG_00031,0,2.461664114,0.640467339,unlinked
MAGsDB_TARA_MED_MAG_00020,MAGsDB_TARA_ANW_MAG_00020,0,1.28269219,0.489371125,unlinked
MAGsDB_DBHM01,MAGsDB_PAXI01,0,2.590382227,0.650273224,unlinked
MarDB_Vibrio_splendidus_strain_UCD-FRSSP16_15,MarDB_Vibrio_sagamiensis_NBRC_104589,0,0.162564102,0.281981676,unlinked
MAGsDB_DHZF01,MarRef_Maribacter_sp_MAR_2009_60,0,3.168380397,0.604874151,unlinked
MAGsDB_TARA_ANW_MAG_00004,MarDB_Prochlorococcus_sp_scB243_495K23,0,2.980682146,0.634906093,unlinked
MarDB_Salinisphaeraceae_bacterium_OUC007,MAGsDB_NZNM01,0,2.080560927,0.589122668,unlinked
MAGsDB_TARA_PSW_MAG_00024,MAGsDB_NYWV01,0,1.736611314,0.661979753,unlinked
MAGsDB_PANN01,MarDB_OCS155_cluster_bacterium_AG-333-G23,0,2.767753611,0.62993921,unlinked
MarRef_Celeribacter_manganoxidans_strain_DY25,MAGsDB_TARA_ANE_MAG_00009,0,1.109300014,0.428265525,unlinked
MAGsDB_DAPT01,MarDB_GCF_003634285.1_ASM363428v1,0,2.519259778,0.818313953,unlinked
MAGsDB_PAOO01,MarRef_Prochlorococcus_marinus_str_MIT_9312,0,2.835888777,0.688093907,unlinked
MarDB_Prochlorococcus_sp_AG-347-C10,MAGsDB_NHEZ01,0,3.055876714,0.734126984,unlinked
MarDB_GCA_003602525.1_ASM360252v1,MarDB_Pelagibacteraceae_bacterium_AG-404-P08,0,3.022632014,0.78729963,unlinked
MarDB_GCA_003444815.1_ASM344481v1,MAGsDB_TARA_ION_MAG_00023,0,2.161795179,0.657884689,unlinked
MAGsDB_TARA_PSW_MAG_00028,MAGsDB_NYVM01,0,1.762933088,0.665469062,unlinked
MAGsDB_DBAG01,MAGsDB_NZHI01,0,2.480935384,0.682438193,unlinked
MAGsDB_PABG01,MarDB_Pseudoalteromonas_ruthenica_S3137,0,0.761017686,0.544721408,unlinked
MAGsDB_PBMF01,MAGsDB_PABE01,0,2.189702227,0.703796412,unlinked
MarRef_Maribacter_sp_MAR_2009_60,MarDB_Prochlorococcus_marinus_str__XMU1401,0,3.299325158,0.641751437,unlinked
MAGsDB_PBYF01,MAGsDB_NHBH01,0,1.493669803,0.587060703,unlinked
MAGsDB_DLTN01,MAGsDB_PBRS01,0,2.690667805,0.624117647,unlinked
MAGsDB_PAQM01,MAGsDB_PBWV01,0,2.607161227,0.637395165,unlinked
MAGsDB_TARA_ASW_MAG_00011,MAGsDB_TARA_ANW_MAG_00026,0,2.588733366,0.78718663,unlinked
MAGsDB_TARA_PSW_MAG_00011,MAGsDB_DKOT01,0,2.567218934,0.606236786,unlinked
MarDB_GCA_003444155.1_ASM344415v1,MarDB_GCA_003671475.1_ASM367147v1,0,2.01282649,0.628542848,unlinked
MAGsDB_TARA_MED_MAG_00062,MarDB_Prochlorococcus_sp_scB243_498B22,0,3.464310921,0.68597561,unlinked
MAGsDB_PAZH01,MarDB_GCA_003331305.1_ASM333130v1,0,2.665783801,0.679983,unlinked
MarDB_GCA_003448535.1_ASM344853v1,MAGsDB_DDEE01,0,0.660472227,0.395109395,unlinked
MarDB_gamma_proteobacterium_HIMB55,MarDB_Pelagibacteraceae_bacterium_AG-430-E20,0,2.523594237,0.619281849,unlinked
MarDB_Prochlorococcus_sp_AG-409-J16,MAGsDB_PBVO01,0,2.045538027,0.640246587,unlinked
MarDB_Prochlorococcus_sp_AG-347-K10,MAGsDB_PBSH01,0,2.975038227,0.700414938,unlinked
MAGsDB_PBRL01,MAGsDB_DKAL01,0,1.168117614,0.508388038,unlinked
MarDB_Citromicrobium_sp_JLT1363,MAGsDB_DAHO01,0,2.880598207,0.794990724,unlinked
MAGsDB_PBFB01,MarDB_Sulfitobacter_sp_HI0054,0,3.005226814,0.660108025,unlinked
MarDB_Aurantimonas_manganoxydans_1,MarDB_GCA_003452485.1_ASM345248v1,0,1.104451957,0.451299961,unlinked
MAGsDB_TARA_MED_MAG_00024,MarDB_Prochlorococcus_sp_AG-402-L18,0,2.70925937,0.69047619,unlinked
MAGsDB_TARA_ANW_MAG_00005,MAGsDB_DFMJ01,0,2.40560475,0.52404238,unlinked
MarDB_Prochlorococcus_sp_AG-449-G23,MAGsDB_NZVB01,0,0.850762227,0.421837709,unlinked
MAGsDB_TARA_PSW_MAG_00104,MAGsDB_TARA_ANW_MAG_00023,0,1.057049364,0.481944444,unlinked
MAGsDB_TARA_PSE_MAG_00041,MarDB_Prochlorococcus_sp_AG-347-K15,0,3.188608014,0.688829787,unlinked
MAGsDB_TARA_PSE_MAG_00093,MarDB_Prochlorococcus_marinus_XMU1408,0,3.449422914,0.623843782,unlinked
MarDB_Prochlorococcus_sp_AG-355-P16,MAGsDB_PABE01,0,2.860348227,0.675161987,unlinked
MAGsDB_PBVH01,MAGsDB_DDJT01,0,1.002353942,0.380880121,unlinked
MAGsDB_TARA_PSW_MAG_00059,MAGsDB_TARA_MED_MAG_00023,0,2.447416782,0.630317555,unlinked
MarDB_Flavobacterium_sp_SCGC_AAA160-P02,ProGenomes_1235558_PRJNA175917,0,2.511447827,0.674394818,unlinked
MarDB_GCF_003386165.1_ASM338616v1,MAGsDB_TARA_RED_MAG_00002,0,2.19160991,0.580737901,unlinked
MAGsDB_TARA_MED_MAG_00024,MarDB_Prochlorococcus_sp_AG-402-P16,0,2.50992937,0.674853801,unlinked
MarDB_Pelagibacterales_bacterium_MED-G40,MarRef_Muricauda_lutaonensis_strain_CC-HSB-11,0,2.908060117,0.675373134,unlinked
MarDB_GCA_003520025.1_ASM352002v1,MAGsDB_PAUB01,0,1.690402727,0.605853659,unlinked
MAGsDB_DAIJ01,MarDB_GCF_900473895.1_N32,0,2.725973469,0.814595661,unlinked
MAGsDB_TARA_RED_MAG_00091,MAGsDB_DBGO01,0,2.334443714,0.670257611,unlinked
MarDB_Oceanicola_sp_22II-s11g,MAGsDB_TARA_MED_MAG_00086,0,2.591498414,0.548469388,unlinked
MarDB_Vibrio_sp_10N_286_48_B8,MAGsDB_NZPQ01,0,2.356243388,0.760235947,unlinked
MAGsDB_TARA_PSW_MAG_00029,MAGsDB_NZUX01,0,2.734254597,0.691796009,unlinked
MAGsDB_TARA_MED_MAG_00069,MAGsDB_TARA_ANE_MAG_00016,0,2.17664298,0.625928041,unlinked
MAGsDB_DLTP01,MAGsDB_PBNV01,0,2.242830794,0.678362573,unlinked
MAGsDB_TARA_MED_MAG_00136,MAGsDB_PAQG01,0,2.426749514,0.676409186,unlinked
MAGsDB_NZID01,MAGsDB_PBLD01,0,1.170895627,0.44845661,unlinked
MAGsDB_PBUF01,MarDB_Thalassobium_sp_strain_NORP79,0,1.175367442,0.580291971,unlinked
MAGsDB_NZSA01,MarRef_Vibrionaceae_bacterium_NSCS20N07D,0,1.638952727,0.583151779,unlinked
MAGsDB_NHDG01,MAGsDB_NHEH01,0,2.193692227,0.645361991,unlinked
MAGsDB_TARA_PSE_MAG_00056,MAGsDB_PABV01,0,2.81360586,0.773937677,unlinked
MAGsDB_DAKS01,MarDB_Pelagibacteraceae_bacterium_AG-430-E20,0,2.981739237,0.78816568,unlinked
MarDB_GCA_003331925.1_ASM333192v1,MarDB_Rhodobacteraceae_bacterium_REDSEA-S02_B3,0,1.440648233,0.510948905,unlinked
MAGsDB_TARA_ASE_MAG_00002,MarDB_Pelagibacteraceae_bacterium_AG-470-G21,0,1.856503137,0.697224975,unlinked
MarDB_Bacteroidetes_bacterium_strain_Sum29NG08_bin36,MarDB_Pelagibacteraceae_bacterium_AG-414-E02,0,2.894247509,0.691202873,unlinked
MAGsDB_DJZU01,MarDB_Prochlorococcus_sp_AG-402-L09,0,2.393358127,0.665606783,unlinked
MAGsDB_PBLS01,MAGsDB_DLTP01,0,2.187840774,0.684560044,unlinked
MAGsDB_PABG01,MarDB_Prochlorococcus_sp_AG-388-J02,0,2.631919871,0.677503251,unlinked
MarDB_Vibrio_sp_10N_286_48_B8,MAGsDB_TARA_MED_MAG_00089,0,1.533619114,0.677896184,unlinked
MAGsDB_NZVD01,MarDB_Synechococcus_sp_WH7805,0,2.341953327,0.61860855,unlinked
MAGsDB_DEYK01,MAGsDB_PALG01,0,2.602275254,0.591738713,unlinked
MAGsDB_DEAI01,MarDB_Prochlorococcus_sp_AG-409-L18,0,2.270438227,0.710239651,unlinked
MarDB_Marine_Group_III_euryarchaeote_CG-Epi1,MAGsDB_PABV01,0,1.719730208,0.550724638,unlinked
MarDB_Alphaproteobacteria_bacterium_MarineAlpha5_Bin5,MAGsDB_DKNZ01,0,2.140252227,0.62478185,unlinked
MAGsDB_TARA_MED_MAG_00019,MAGsDB_PAWJ01,0,2.499133284,0.700568541,unlinked
MarDB_Algoriphagus_ornithinivorans_strain_DSM_15282,MAGsDB_TARA_ANE_MAG_00078,0,2.610770075,0.632241814,unlinked
MAGsDB_NHEI01,MarDB_Vibrio_cyclitrophicus_FF75_2,0,2.626126632,0.695320624,unlinked
MAGsDB_DLTP01,MarRef_Alteromonas_macleodii_str_Black_Sea_11,0,2.295358755,0.765898251,unlinked
MarDB_Marinobacter_sp_ES1,MarDB_Oceanicaulis_alexandrii,0,2.283734714,0.536090226,unlinked
MarDB_Euryarchaeota_archaeon_strain_RS392,MAGsDB_PAXN01,0,2.745190227,0.795169531,unlinked
MarDB_Prochlorococcus_sp_AG-347-K16,MAGsDB_PBWI01,0,2.879718227,0.671412301,unlinked
MarDB_Euryarchaeota_archaeon_strain_RS392,MarDB_Prochlorococcus_sp_AG-311-J23,0,3.316466227,0.822481572,unlinked
MAGsDB_PBMF01,MAGsDB_DBGO01,0,2.188622227,0.685643564,unlinked
MarDB_Prochlorococcus_sp_AG-355-J09,MAGsDB_TARA_RED_MAG_00009,0,2.960082064,0.61238825,unlinked
MAGsDB_DIHU01,MAGsDB_NZVB01,0,2.16170995,0.619004111,unlinked
MAGsDB_PAJA01,MarDB_Prochlorococcus_sp_AG-347-J19,0,2.659348227,0.637044968,unlinked
MarDB_Vibrio_caribbenthicus_ATCC_BAA2122,MAGsDB_TARA_MED_MAG_00019,0,2.304705084,0.691698113,unlinked
MAGsDB_NZAO01,MAGsDB_TARA_ION_MAG_00006,0,2.742641814,0.661251504,unlinked
MAGsDB_PAJA01,MAGsDB_PBWJ01,0,2.574746247,0.694214876,unlinked
MAGsDB_DATW01,MAGsDB_TARA_MED_MAG_00131,0,2.662746929,0.789388197,unlinked
MAGsDB_TARA_PSW_MAG_00014,MAGsDB_PBMH01,0,1.916374014,0.560680945,unlinked
MAGsDB_PBVQ01,MAGsDB_NHEN01,0,2.379050927,0.672481711,unlinked
MarDB_alpha_proteobacterium_SCGC_AAA536-G10,MAGsDB_NZTO01,0,2.295522227,0.669215087,unlinked
MarDB_marine_actinobacterium_MedAcidiG1,MarDB_Pelagibacteraceae_bacterium_AG-359-O02,0,2.805082237,0.654523376,unlinked
MarDB_Prochlorococcus_sp_AG-347-C10,MarDB_Vibrio_splendidus_strain_10N_261_55_E11,0,2.976317706,0.758380352,unlinked
MAGsDB_DAFX01,MarDB_GCA_003533785.1_ASM353378v1,0,2.827077227,0.78410596,unlinked
MarDB_GCF_003788635.1_ASM378863v1,MAGsDB_NYVP01,0,2.301976734,0.653846154,unlinked
MAGsDB_TARA_RED_MAG_00003,MAGsDB_PANK01,0,2.569581314,0.614880493,unlinked
MAGsDB_DEBI01,MAGsDB_PAVC01,0,1.932136915,0.625786164,unlinked
MAGsDB_TARA_PSE_MAG_00010,MAGsDB_PBYU01,0,2.270390246,0.565978299,unlinked
MarDB_GCA_003444815.1_ASM344481v1,MAGsDB_DCKY01,0,1.992808493,0.653794342,unlinked
MAGsDB_NZXT01,MAGsDB_PBQI01,0,1.796772994,0.610625202,unlinked
MAGsDB_NZYO01,MAGsDB_NZFX01,0,2.147956611,0.645373134,unlinked
MarDB_Alphaproteobacteria_bacterium_UBA3437,MAGsDB_DCBW01,0,2.503230214,0.630795406,unlinked
MAGsDB_PAND01,MarDB_GCA_003520025.1_ASM352002v1,0,2.636342227,0.650528659,unlinked
MarDB_Oceanospirillum_beijerinckii,MAGsDB_TARA_MED_MAG_00090,0,2.559397564,0.676651029,unlinked
MAGsDB_DGLO01,MAGsDB_TARA_ANW_MAG_00020,0,2.247098114,0.632,unlinked
MarDB_GCA_003445155.1_ASM344515v1,MAGsDB_TARA_PSE_MAG_00086,0,1.41231716,0.580204778,unlinked
MAGsDB_NHBH01,MAGsDB_PALG01,0,2.338082227,0.604865772,unlinked
MAGsDB_DBVB01,MAGsDB_PBKA01,0,1.983893457,0.708845929,unlinked
MarRef_Pseudodesulfovibrio_profundus_strain_500-1,MarRef_Candidatus_Nitrosopelagicus_brevis_CN25,0,1.890562084,0.799227799,unlinked
MAGsDB_DEBD01,MAGsDB_PALG01,0,2.744325227,0.610824742,unlinked
MAGsDB_DBUX01,MarDB_Marine_group_II_euryarchaeote_REDSEA-S11_B3N4,0,2.997051114,0.810097533,unlinked
MAGsDB_PBNL01,MAGsDB_PBXC01,0,3.329955824,0.64427157,unlinked
MAGsDB_PASP01,MAGsDB_NZZG01,0,2.066979227,0.655015198,unlinked
MAGsDB_DJLN01,MarDB_Candidatus_Thioglobus_sp_MED-G25,0,2.735102061,0.656213705,unlinked
MAGsDB_NYXF01,MarDB_Pelagibacteraceae_bacterium_AG-390-O04,0,2.492652237,0.581465778,unlinked
MAGsDB_TARA_PSW_MAG_00011,MAGsDB_NZEV01,0,1.573422634,0.571522742,unlinked
MAGsDB_PBMB01,MAGsDB_TARA_MED_MAG_00002,0,2.177459171,0.625618812,unlinked
MarDB_Prochlorococcus_sp_AG-409-A10,MAGsDB_NYVM01,0,2.739448227,0.654731458,unlinked
MAGsDB_NZRP01,MAGsDB_NYVM01,0,2.659142227,0.625895317,unlinked
MAGsDB_TARA_PSE_MAG_00009,MarDB_Candidatus_Pelagibacter_HTCC1002,0,2.937001752,0.665846457,unlinked
MAGsDB_DEZT01,MarDB_Alphaproteobacteria_bacterium_MarineAlpha9_Bin3,0,2.329251427,0.601807549,unlinked
MAGsDB_DAMU01,MAGsDB_NHFA01,0,1.22E-05,0.267759563,unlinked
MAGsDB_TARA_MED_MAG_00065,MAGsDB_DCBC01,0,0.450743858,0.421948357,unlinked
MarDB_Prochlorococcus_sp_AG-363-O06,MarDB_marine_gamma_proteobacterium_HTCC2080,0,2.424998227,0.703165098,unlinked
MAGsDB_PBJS01,MAGsDB_TARA_PSW_MAG_00030,0,1.64136428,0.625116279,unlinked
MAGsDB_DFRF01,MAGsDB_PAHY01,0,2.245812207,0.648256953,unlinked
MAGsDB_PBSH01,MAGsDB_PAPV01,0,1.713402227,0.587929656,unlinked
MarDB_Nocardioides_sp_REDSEA-S43_B3,MarDB_Prochlorococcus_marinus_SCGC_AAA795-I06,0,2.601393905,0.676391382,unlinked
MAGsDB_PBCY01,MAGsDB_DHZO01,0,1.548313764,0.576155718,unlinked
MarDB_GCF_003634925.1_ASM363492v1,MAGsDB_DJYV01,0,3.191487327,0.663900415,unlinked
MAGsDB_DANB01,MarDB_Bacteroidetes_bacterium_SCGC_AAA795-G10,0,3.220445847,0.79805943,unlinked
MAGsDB_TARA_PSW_MAG_00100,MarRef_Prochlorococcus_marinus_str_MIT_9303,0,2.78395348,0.697550586,unlinked
MAGsDB_TARA_IOS_MAG_00011,MAGsDB_TARA_PSE_MAG_00025,0,2.898227663,0.619135235,unlinked
MarDB_Prochlorococcus_sp_AG-355-B18,MarDB_Rhodobacteraceae_bacterium_MED-G08,0,3.585008739,0.623370352,unlinked
MarDB_GCA_003331925.1_ASM333192v1,MAGsDB_DKPX01,0,2.510046816,0.640250261,unlinked
MarDB_Prochlorococcus_sp_AG-355-J09,MAGsDB_PBDS01,0,2.866998227,0.7,unlinked
MarDB_Sphingobium_yanoikuyae_strain_UBA1832,MAGsDB_DFLU01,0,2.769192938,0.63559322,unlinked
MAGsDB_PAQU01,MarDB_GCA_003332015.1_ASM333201v1,0,2.251159593,0.664742917,unlinked
MAGsDB_PBOO01,MarDB_Roseovarius_mucosus,0,2.915820315,0.700280112,unlinked
MAGsDB_NZWG01,MarDB_Pseudoalteromonas_sp_13_15,0,2.463166542,0.693671906,unlinked
MarDB_Erythrobacter_sp_REDSEA-S34_B3,MAGsDB_DCPZ01,0,3.127222257,0.643744031,unlinked
MAGsDB_TARA_ION_MAG_00006,MAGsDB_TARA_ANE_MAG_00004,0,1.636851114,0.524904215,unlinked
MAGsDB_PAAU01,MAGsDB_TARA_ANE_MAG_00078,0,2.084253114,0.698667892,unlinked
MAGsDB_PBMB01,MAGsDB_TARA_PSE_MAG_00002,0,2.461237127,0.690998657,unlinked
MarDB_Colwellia_polaris_MCCC1C00015,MAGsDB_TARA_RED_MAG_00004,0,1.915054794,0.586931601,unlinked
MAGsDB_PBRG01,MAGsDB_DAVY01,0,2.640152117,0.843023256,unlinked
MAGsDB_DEZT01,MAGsDB_TARA_MED_MAG_00090,0,2.559674164,0.680164018,unlinked
MAGsDB_TARA_PSE_MAG_00056,MarDB_GCA_003448535.1_ASM344853v1,0,2.63846736,0.648416532,unlinked
MarDB_GCA_003331785.1_ASM333178v1,MarDB_Pelagibacterales_bacterium_MED-G42,0,2.904054207,0.705322129,unlinked
MAGsDB_DDDN01,MarRef_Candidatus_Thioglobus_singularis,0,1.447614996,0.573067332,unlinked
MAGsDB_DCLA01,MAGsDB_TARA_PSE_MAG_00059,0,1.924799114,0.717196414,unlinked
MAGsDB_PAAY01,MAGsDB_TARA_MED_MAG_00003,0,2.333713188,0.610680799,unlinked
MAGsDB_DAOU01,MarDB_Synechococcus_sp_CC9616,0,2.803315754,0.790861988,unlinked
MAGsDB_DFPC01,MarDB_Flavobacterium_sp_SCGC_AAA160-P02,0,3.199772333,0.611821791,unlinked
MAGsDB_DLRN01,MAGsDB_TARA_PSW_MAG_00057,0,2.441878658,0.799412916,unlinked
MAGsDB_NZLE01,MarDB_Prochlorococcus_sp_AG-424-P18,0,2.883540538,0.645953003,unlinked
MAGsDB_TARA_MED_MAG_00020,MAGsDB_PABS01,0,1.580712404,0.509519038,unlinked
MAGsDB_DJKX01,MAGsDB_PBIN01,0,2.203692437,0.651439013,unlinked
MAGsDB_TARA_MED_MAG_00034,MAGsDB_NHCC01,0,0.935098866,0.464035964,unlinked
MarDB_Alcanivorax_sp_UBA1911,MAGsDB_NYYE01,0,2.666494622,0.679012346,unlinked
MAGsDB_TARA_MED_MAG_00136,MAGsDB_DJHS01,0,2.295232011,0.651230101,unlinked
MAGsDB_PBZE01,MAGsDB_DALI01,0,0.09070465,0.258362168,unlinked
MarRef_Alteromonas_sp_RKMC_009,MAGsDB_NZXT01,0,1.06788829,0.440291416,unlinked
MAGsDB_DJYV01,MAGsDB_PBRS01,0,3.262912227,0.649350649,unlinked
MarDB_Pelagibacteraceae_bacterium_AG-404-P07,MAGsDB_PAXU01,0,2.579592237,0.716333845,unlinked
MAGsDB_NZGS01,MAGsDB_DEYM01,0,2.800720147,0.666115702,unlinked
MAGsDB_PCBC01,MarDB_Prochlorococcus_sp_AG-459-N19,0,2.898941814,0.746302251,unlinked
MAGsDB_TARA_PSW_MAG_00058,MAGsDB_PBAP01,0,2.404134514,0.694087404,unlinked
MarDB_Oceanospirillum_beijerinckii,MAGsDB_PBGH01,0,2.617339827,0.82889049,unlinked
MAGsDB_NZGS01,MAGsDB_TARA_ANE_MAG_00054,0,2.596631034,0.727403846,unlinked
MarDB_Pelagibacteraceae_bacterium_AG-390-L03,MarDB_Vitellibacter_sp_D-24,0,3.227582067,0.677706377,unlinked
MAGsDB_TARA_ANE_MAG_00017,MAGsDB_PASM01,0,3.210325114,0.664184661,unlinked
MAGsDB_TARA_MED_MAG_00014,MAGsDB_NHBH01,0,1.889479903,0.613583138,unlinked
MarDB_Prochlorococcus_sp_AG-355-A09,MAGsDB_NZEC01,0,2.915989522,0.840176879,unlinked
MAGsDB_DEYL01,MAGsDB_DKOG01,0,1.265863147,0.51814059,unlinked
MarDB_SAR406_cluster_bacterium_SCGC_AAA298-D23,MarDB_Prochlorococcus_sp_AG-418-I20,0,3.076838877,0.676681907,unlinked
MarDB_Marine_Group_III_euryarchaeote_CG-Epi1,MAGsDB_NZVE01,0,2.597461708,0.827230531,unlinked
MAGsDB_NHDS01,MAGsDB_DBAM01,0,2.179109005,0.674401198,unlinked
MAGsDB_PATZ01,MAGsDB_DAXL01,0,1.189881762,0.45231846,unlinked
MarDB_OM182_bacterium_MED-G28,MAGsDB_DJIF01,0,1.761642227,0.61366512,unlinked
MAGsDB_PBNP01,MAGsDB_DBSX01,0,2.375402214,0.675946548,unlinked
MAGsDB_DEBF01,MarDB_Pelagibacteraceae_bacterium_AG-337-I02,0,2.546832624,0.691167387,unlinked
MarDB_GCA_003331625.1_ASM333162v1,MarDB_Proteobacteria_bacterium_UBA5953,0,1.724329166,0.61790734,unlinked
MAGsDB_PAHT02,MAGsDB_DCCB01,0,2.331299797,0.610526316,unlinked
MAGsDB_TARA_RED_MAG_00109,MAGsDB_NZKY01,0,2.118564301,0.625987709,unlinked
MAGsDB_DIBD01,MAGsDB_PBLL01,0,2.368837364,0.707648991,unlinked
MAGsDB_TARA_RED_MAG_00109,MAGsDB_PAZH01,0,0.641317701,0.410489814,unlinked
MarDB_Alphaproteobacteria_bacterium_MarineAlpha2_Bin1,MAGsDB_PAAF01,0,2.284513214,0.619607843,unlinked
MAGsDB_DFVG01,MarDB_GCF_003814515.1_ASM381451v1,0,2.004351514,0.621908127,unlinked
MAGsDB_PACV01,MAGsDB_PBPR01,0,2.721695198,0.80587058,unlinked
MAGsDB_DLTS01,MarDB_GCF_003326695.1_ASM332669v1,0,2.260773582,0.645329364,unlinked
MAGsDB_TARA_PSE_MAG_00006,MAGsDB_PBJB01,0,2.54060991,0.626839827,unlinked
MarDB_Pseudomonas_stutzeri_strain_4C29,MAGsDB_TARA_MED_MAG_00131,0,2.087847805,0.668921204,unlinked
MarDB_Colwellia_aestuarii_CGMCC1_6965,MAGsDB_NHDX01,0,2.787946027,0.75020016,unlinked
MAGsDB_DBAN01,MAGsDB_DEYN01,0,0.603596995,0.308510638,unlinked
MarDB_Pelagibacteraceae_bacterium_AG-325-E13,MarDB_Prochlorococcus_sp_AG-418-F08,0,3.321625567,0.673126615,unlinked
MAGsDB_DLRH01,MarRef_Chromohalobacter_salexigens_DSM_3043,0,1.620714716,0.582755203,unlinked
MAGsDB_PAPN01,MAGsDB_DADW01,0,2.913657227,0.811706918,unlinked
MarDB_GCA_003602525.1_ASM360252v1,MarDB_Thioclava_sp_DLFJ5-1,0,3.047675754,0.820052376,unlinked
MarDB_GCF_003326775.1_ASM332677v1,MAGsDB_PAUC01,0,1.915802066,0.760090532,unlinked
MAGsDB_TARA_PSE_MAG_00011,MAGsDB_TARA_ANE_MAG_00078,0,1.53378728,0.542460113,unlinked
MAGsDB_DDNM01,MAGsDB_TARA_RED_MAG_00046,0,2.422304814,0.643894567,unlinked
MAGsDB_TARA_MED_MAG_00040,MAGsDB_TARA_ANW_MAG_00032,0,3.09625556,0.696907216,unlinked
MAGsDB_PBLO01,MAGsDB_DCKW01,0,2.099534027,0.622558594,unlinked
MAGsDB_DEAL01,MAGsDB_PBDW01,0,2.240439802,0.627353267,unlinked
MAGsDB_PCCQ01,MarDB_Arcobacter_haliotis_strain_LMG_28652,0,2.450412219,0.712155445,unlinked
MAGsDB_TARA_PON_MAG_00006,MAGsDB_PBSU01,0,1.788508114,0.676566461,unlinked
MAGsDB_NZFU01,MarDB_Alphaproteobacteria_bacterium_MarineAlpha9_Bin3,0,2.459127227,0.804808243,unlinked
MarDB_OCS155_cluster_bacterium_AG-333-G23,MAGsDB_TARA_MED_MAG_00013,0,3.030964723,0.668152866,unlinked
MarDB_Prochlorococcus_sp_AG-347-I04,MarDB_Prochlorococcus_sp_AG-418-I20,0,0.038362227,0.192681105,unlinked
MAGsDB_PAYZ01,MarDB_Prochlorococcus_sp_AG-347-K17,0,3.572646037,0.799201369,unlinked
MAGsDB_PARQ01,MAGsDB_DLTU01,0,2.546346984,0.667020148,unlinked
MarDB_Pelagibacteraceae_bacterium_AG-349-L17,MAGsDB_TARA_RED_MAG_00031,0,2.845491414,0.678191489,unlinked
MAGsDB_NZZH01,MAGsDB_TARA_IOS_MAG_00012,0,3.101092014,0.667544437,unlinked
MAGsDB_TARA_MED_MAG_00014,MarDB_Vibrio_sagamiensis_NBRC_104589,0,2.022919903,0.635853417,unlinked
MarDB_Colwellia_polaris_MCCC1C00015,MAGsDB_NYUE01,0,2.296040114,0.660599166,unlinked
MAGsDB_DKOK01,MAGsDB_NZFK01,0,2.226297524,0.663870968,unlinked
MAGsDB_DJZH01,MarDB_Pelagibacteraceae_bacterium_AG-430-E20,0,2.296954237,0.654287275,unlinked
MarDB_Prochlorococcus_sp_AG-402-O21,MarDB_GCA_003504155.1_ASM350415v1,0,2.585963275,0.685244587,unlinked
MAGsDB_PBCW01,MAGsDB_TARA_ANW_MAG_00036,0,2.078557504,0.606400665,unlinked
MAGsDB_TARA_MED_MAG_00047,MarDB_Pelagibacteraceae_bacterium_AG-404-N13,0,2.113140454,0.620224719,unlinked
MAGsDB_NZYO01,MAGsDB_NZGG01,0,1.386022727,0.55922865,unlinked
MarDB_Pseudoalteromonas_arabiensis_JCM_17292,MAGsDB_TARA_ANW_MAG_00036,0,1.171608714,0.507578428,unlinked
MAGsDB_PCCQ01,MAGsDB_PBKS01,0,2.457033042,0.718628719,unlinked
MAGsDB_TARA_IOS_MAG_00067,MarDB_Joostella_marina,0,2.535295906,0.643959353,unlinked
MarDB_marine_actinobacterium_MedAcidiG2B,MarDB_Pelagibacteraceae_bacterium_AG-349-L17,0,2.838331667,0.655321782,unlinked
MarDB_GCA_003529565.1_ASM352956v1,MAGsDB_TARA_MED_MAG_00126,0,0.469236615,0.460903084,unlinked
MAGsDB_TARA_RED_MAG_00025,MarDB_Oceanospirillum_beijerinckii,0,1.012167014,0.560089021,unlinked
MAGsDB_TARA_ION_MAG_00023,MAGsDB_DLRS01,0,2.32054456,0.707395498,unlinked
MAGsDB_TARA_MED_MAG_00043,MarDB_Vitellibacter_sp_D-24,0,3.000016634,0.692428198,unlinked
MAGsDB_TARA_PSW_MAG_00054,MarRef_Prochlorococcus_marinus_str_MIT_9301,0,3.265451654,0.680136596,unlinked
MarDB_SAR406_cluster_bacterium_SCGC_AAA160-I06,MarDB_Pelagibacteraceae_bacterium_AG-390-O04,0,2.897100137,0.645,unlinked
MarDB_Prochlorococcus_sp_AG-363-P06,MAGsDB_PASS01,0,2.630908227,0.62557924,unlinked
MAGsDB_PCCU01,MAGsDB_PAPF01,0,1.782927727,0.593441328,unlinked
MarDB_Vibrio_caribbenthicus_ATCC_BAA2122,MAGsDB_TARA_ANE_MAG_00015,0,2.139795354,0.760476879,unlinked
MAGsDB_TARA_ION_MAG_00012,MarRef_alpha_proteobacterium_HIMB5,0,3.416920824,0.638029782,unlinked
MAGsDB_PARI01,MarDB_GCA_003331195.1_ASM333119v1,0,1.602780514,0.593041645,unlinked
MAGsDB_DJZH01,MAGsDB_TARA_PSW_MAG_00037,0,1.723779834,0.644467213,unlinked
MAGsDB_DDNM01,MarDB_Pseudoalteromonas_ruthenica_S3137,0,2.077176622,0.625601184,unlinked
MAGsDB_PAYS01,MAGsDB_PBSH01,0,1.952555227,0.611876076,unlinked
MAGsDB_TARA_MED_MAG_00069,MAGsDB_DCWU01,0,2.57595538,0.664670659,unlinked
MAGsDB_PBZM01,MAGsDB_PAHA01,0,2.707957032,0.645969499,unlinked
MAGsDB_TARA_RED_MAG_00039,MAGsDB_TARA_ANW_MAG_00014,0,2.630144552,0.68556701,unlinked
MAGsDB_DJMC01,MarDB_Pelagibacteraceae_bacterium_AG-430-F16,0,1.964344454,0.633314054,unlinked
MAGsDB_PBKX01,MarRef_Prochlorococcus_sp_MIT_0604,0,3.426624627,0.693830035,unlinked
MAGsDB_DAON01,MAGsDB_DCPZ01,0,3.195197462,0.786148238,unlinked
MAGsDB_DBTA01,MarDB_Pelagibacteraceae_bacterium_AG-426-E17,0,2.900987137,0.644760213,unlinked
MAGsDB_TARA_ION_MAG_00012,MAGsDB_TARA_ION_MAG_00002,0,3.39632296,0.674735915,unlinked
MarDB_Erythrobacter_citreus_LAMA_915,MarDB_Synechococcus_sp_CC9616,0,2.993852473,0.625051335,unlinked
MAGsDB_DIHT01,MAGsDB_TARA_PSW_MAG_00058,0,1.342634834,0.598989435,unlinked
MAGsDB_TARA_PSE_MAG_00068,MarDB_Prochlorococcus_sp_AG-402-K21,0,2.852863014,0.681043129,unlinked
MAGsDB_PBDJ01,MAGsDB_PBTP01,0,1.98553875,0.679442509,unlinked
MarDB_GCA_003447535.1_ASM344753v1,MAGsDB_PBLD01,0,1.277682227,0.50975754,unlinked
MarDB_Pelagibacteraceae_bacterium_AG-426-G02,MarDB_Halomonas_zincidurans_B6,0,2.361632237,0.687475149,unlinked
MAGsDB_PASO01,MAGsDB_TARA_MED_MAG_00035,0,2.729811314,0.628327474,unlinked
MarRef_Sulfitobacter_sp_D7,MarDB_Prochlorococcus_sp_AG-418-F08,0,3.476193204,0.700475436,unlinked
MAGsDB_DJZU01,MAGsDB_DKPS01,0,2.019815427,0.644991213,unlinked
MarDB_Aestuariibacter_aggregatus_CGMCC_1_8995,MarRef_Prochlorococcus_marinus_str_MIT_9215,0,2.998446133,0.67721064,unlinked
MarDB_Prochlorococcus_sp_AG-347-J22,MAGsDB_TARA_PSE_MAG_00023,0,2.830635904,0.691812328,unlinked
MAGsDB_DCBH01,MAGsDB_NZJB01,0,2.915669047,0.640797063,unlinked
MAGsDB_TARA_PSW_MAG_00020,MarDB_Alphaproteobacteria_bacterium_UBA3439,0,1.118225155,0.560706402,unlinked
MAGsDB_DKQU01,MAGsDB_DAMG01,0,2.563737147,0.771224887,unlinked
MAGsDB_TARA_ANE_MAG_00017,MAGsDB_NZXG01,0,2.006220714,0.70378064,unlinked
MarDB_Arcobacter_haliotis_strain_LMG_28652,MAGsDB_PAGB01,0,2.406271404,0.656378601,unlinked
MAGsDB_PAYI01,MAGsDB_DARI01,0,3.040747227,0.780418789,unlinked
MarDB_Synechococcus_sp_WH8016,MAGsDB_PAZJ01,0,2.363199327,0.661795407,unlinked
MAGsDB_DKPW01,MAGsDB_TARA_MED_MAG_00010,0,1.778391034,0.62300885,unlinked
MAGsDB_DGPR01,MAGsDB_PCBE01,0,1.429992207,0.585916973,unlinked
MAGsDB_NYUE01,MarDB_GCA_003331305.1_ASM333130v1,0,2.628511687,0.615695326,unlinked
MarDB_Donghicola_eburneus_strain_DSM_29127,MAGsDB_DAYJ01,0,2.905028639,0.819515774,unlinked
MarDB_Rhodobacteraceae_bacterium_O3.65,MarDB_Arcobacter_haliotis_strain_LMG_28652,0,2.742011404,0.592466916,unlinked
MarDB_Citromicrobium_sp_JLT1363,MAGsDB_DCCG01,0,2.420862297,0.566024009,unlinked
MarRef_Candidatus_Thioglobus_singularis,MAGsDB_DELD01,0,2.174211614,0.618759455,unlinked
MAGsDB_TARA_ASE_MAG_00002,MAGsDB_NYWV01,0,1.495073427,0.649320206,unlinked
MarDB_Williamsia_marianensis_strain_DSM_44944,MarDB_Sphingomonas_sp_SKA58,0,2.366812425,0.613807245,unlinked
MarDB_Prochlorococcus_sp_AG-347-I04,MAGsDB_DKPS01,0,2.814131527,0.667548501,unlinked
MAGsDB_PBNR01,MAGsDB_PAIY01,0,2.401379183,0.648046875,unlinked
MarDB_Prochlorococcus_sp_AG-402-O16,MarRef_Alteromonas_macleodii_str_Black_Sea_11,0,3.006466189,0.687148745,unlinked
MAGsDB_DFMC01,MarDB_Nocardioides_sp_REDSEA-S43_B3,0,1.979531721,0.644273128,unlinked
MarDB_Prochlorococcus_marinus_SCGC_AAA795-J16,MAGsDB_DFMJ01,0,3.47952075,0.657342657,unlinked
MAGsDB_PBFB01,MAGsDB_PAAX01,0,1.559506814,0.587108014,unlinked
MarDB_Pseudoalteromonas_arabiensis_JCM_17292,MAGsDB_NHFA01,0,2.491927227,0.819654428,unlinked
MAGsDB_PBDC01,MAGsDB_PBOJ01,0,2.060225434,0.648969889,unlinked
MAGsDB_DJYW01,MAGsDB_PBFM01,0,2.404112227,0.670696325,unlinked
MAGsDB_PCCU01,MAGsDB_NZWX01,0,2.695217727,0.647937836,unlinked
MAGsDB_DCMZ01,MAGsDB_TARA_MED_MAG_00047,0,1.204257444,0.63494968,unlinked
MarDB_Sphingobium_yanoikuyae_strain_UBA1832,MAGsDB_PBSW01,0,2.084340247,0.829101933,unlinked
MarDB_Candidatus_Pelagibacter_ubique_HIMB083,MAGsDB_DBTD01,0,2.369234117,0.626336041,unlinked
MarDB_Vibrio_splendidus_strain_10N_261_55_E11,MarDB_Prochlorococcus_sp_AG-347-K17,0,2.97028933,0.715500327,unlinked
MAGsDB_TARA_ANE_MAG_00028,MAGsDB_TARA_PSE_MAG_00025,0,3.43347462,0.681796234,unlinked
MAGsDB_DCCB01,MAGsDB_TARA_RED_MAG_00011,0,2.097768294,0.646846847,unlinked
MAGsDB_TARA_RED_MAG_00006,MAGsDB_DDCR01,0,1.890648608,0.563278425,unlinked
MAGsDB_DEBC01,MarDB_Prochlorococcus_sp_AG-363-N16,0,2.658616227,0.696235396,unlinked
MAGsDB_PABM01,MAGsDB_DHXB01,0,3.022186514,0.714624038,unlinked
MAGsDB_NZKY01,MarDB_GCA_003485885.1_ASM348588v1,0,1.918503827,0.670694864,unlinked
MarDB_Prochlorococcus_sp_AG-402-L09,MAGsDB_NZHI01,0,0.630552227,0.363754045,unlinked
MAGsDB_DKQG01,MAGsDB_PBRN01,0,1.504973077,0.615899252,unlinked
MAGsDB_NZRR01,MAGsDB_TARA_PSW_MAG_00014,0,2.432599014,0.803743619,unlinked
MAGsDB_PABP01,MarDB_Alphaproteobacteria_bacterium_MarineAlpha12_Bin1,0,2.204902178,0.660866346,unlinked
MAGsDB_TARA_PSE_MAG_00056,MarDB_GCA_003671475.1_ASM367147v1,0,2.022156946,0.639786991,unlinked
MarDB_Prochlorococcus_sp_AG-363-C02,MAGsDB_PBCY01,0,2.794688227,0.659402242,unlinked
MAGsDB_TARA_PSW_MAG_00024,MAGsDB_TARA_ION_MAG_00007,0,1.7449492,0.674288618,unlinked
MAGsDB_DBUU01,MAGsDB_TARA_RED_MAG_00044,0,2.587057567,0.782189668,unlinked
MarDB_Citromicrobium_sp_JLT1363,MAGsDB_NZJB01,0,2.540972257,0.564173592,unlinked
MAGsDB_DKQU01,MarDB_Citreicella_marina_strain_DSM_26424,0,2.628348828,0.711738484,unlinked
MAGsDB_TARA_PSW_MAG_00067,MAGsDB_DBHM01,0,2.253347114,0.706243603,unlinked
MarDB_Pelagibacteraceae_bacterium_AG-422-D23,MAGsDB_TARA_ANW_MAG_00022,0,2.498265124,0.677200903,unlinked
MAGsDB_TARA_MED_MAG_00032,MAGsDB_PBQA01,0,2.483521726,0.64465682,unlinked
MarDB_Prochlorococcus_sp_AG-388-A01,MAGsDB_TARA_MED_MAG_00012,0,3.226000974,0.654235482,unlinked
MarDB_Pelagibacteraceae_bacterium_AG-325-E13,MAGsDB_TARA_ASE_MAG_00008,0,2.348480494,0.565484311,unlinked
MAGsDB_PACX01,MAGsDB_NZVC01,0,2.907558727,0.691775837,unlinked
MAGsDB_TARA_PON_MAG_00006,MarDB_Rhodobacteraceae_bacterium_REDSEA-S02_B3,0,2.438809531,0.670545455,unlinked
MAGsDB_PBRP01,MarDB_Prochlorococcus_sp_AG-355-B18,0,3.063742984,0.673913043,unlinked
MAGsDB_DHZO01,MAGsDB_TARA_RED_MAG_00042,0,2.60172717,0.677462888,unlinked
MAGsDB_DCWH01,MAGsDB_DBAN01,0,1.60539822,0.610154125,unlinked
MarDB_GCA_003445155.1_ASM344515v1,MAGsDB_DGOW01,0,2.120458202,0.657792836,unlinked
MAGsDB_DAON01,MarDB_Pelagibacteraceae_bacterium_AG-426-P20,0,3.135317472,0.801116539,unlinked
MAGsDB_NHBR01,MAGsDB_DAUW01,0,2.995524817,0.790232558,unlinked
MAGsDB_NZLD01,MAGsDB_PALD01,0,2.394198904,0.657684211,unlinked
MarDB_Prochlorococcus_sp_AG-388-A04,MAGsDB_PBDY01,0,2.938518806,0.679791546,unlinked
MAGsDB_DEBL01,MAGsDB_PBWV01,0,2.042741227,0.625974026,unlinked
MarDB_Pelagibaca_bermudensis,MAGsDB_TARA_MED_MAG_00006,0,1.166349107,0.496586418,unlinked
MAGsDB_PBDC01,MarRef_Candidatus_Thioglobus_singularis,0,1.849591614,0.60324826,unlinked
MAGsDB_TARA_MED_MAG_00035,MAGsDB_TARA_PSW_MAG_00100,0,1.0375443,0.498075443,unlinked
MAGsDB_NZIV01,MAGsDB_DDNL01,0,1.911168227,0.620203983,unlinked
MAGsDB_PBHD01,MAGsDB_TARA_PSE_MAG_00058,0,2.703645814,0.6294926,unlinked
MAGsDB_TARA_RED_MAG_00055,MAGsDB_DEYN01,0,2.55614707,0.788810484,unlinked
MAGsDB_DCKW01,MarDB_GCA_003602535.1_ASM360253v1,0,2.574998914,0.80449827,unlinked
MAGsDB_DLTU01,MAGsDB_DAYH01,0,2.900218984,0.789115646,unlinked
MAGsDB_TARA_IOS_MAG_00011,MAGsDB_DCWO01,0,1.869019277,0.615153036,unlinked
MAGsDB_NHDX01,MAGsDB_DGPX01,0,3.012752527,0.709401709,unlinked
MAGsDB_DHXI01,MarDB_Synechococcus_sp_AG-679-C18,0,2.663452227,0.656552887,unlinked
MAGsDB_TARA_PSW_MAG_00022,MAGsDB_DBUU01,0,2.086455687,0.594724221,unlinked
MAGsDB_TARA_ANW_MAG_00005,MAGsDB_PAHQ01,0,2.302912427,0.63821318,unlinked
MarDB_Limnobacter_sp_MED105,MAGsDB_PAVC01,0,2.147088027,0.719700309,unlinked
MarDB_Pacificimonas_flava_JLT2012,MAGsDB_PBYP01,0,2.121167907,0.551683168,unlinked
MAGsDB_NYYE01,MarDB_Pseudoalteromonas_sp_BSi20311,0,2.761265505,0.658880387,unlinked
MAGsDB_TARA_PON_MAG_00033,MarDB_Pelagibacteraceae_bacterium_AG-426-M19,0,2.986910774,0.797979798,unlinked
MAGsDB_PAAF01,MarDB_GCA_003513555.1_ASM351355v1,0,2.329785554,0.669483986,unlinked
MAGsDB_TARA_PSE_MAG_00038,MAGsDB_TARA_ANE_MAG_00011,0,1.1087862,0.518654756,unlinked
MAGsDB_PBFL01,MAGsDB_NYVZ01,0,3.060589214,0.642570281,unlinked
MAGsDB_TARA_ASW_MAG_00002,MAGsDB_DDZS01,0,0.706794774,0.486663752,unlinked
MarDB_Prochlorococcus_sp_AG-388-A04,MAGsDB_TARA_IOS_MAG_00067,0,2.999271906,0.7,unlinked
MAGsDB_DBNJ01,MAGsDB_DDFN01,0,2.61426054,0.614097969,unlinked
ProGenomes_575788_PRJEA32815,MAGsDB_TARA_PSE_MAG_00020,0,2.391319421,0.711606511,unlinked
MarDB_Prochlorococcus_sp_AG-363-C02,MAGsDB_TARA_MED_MAG_00024,0,2.49156937,0.689675174,unlinked
MAGsDB_PBAP01,MAGsDB_PARL01,0,2.260507247,0.580207502,unlinked
MarDB_Pelagibacteraceae_bacterium_AG-349-O05,MAGsDB_TARA_PSE_MAG_00002,0,2.075012237,0.618935469,unlinked
MAGsDB_TARA_PSE_MAG_00077,MAGsDB_TARA_ANW_MAG_00014,0,2.969045212,0.622142537,unlinked
MAGsDB_TARA_PSE_MAG_00068,MAGsDB_TARA_PSE_MAG_00018,0,2.074670174,0.633482143,unlinked
MAGsDB_DAIJ01,MarDB_Pelagibacterales_bacterium_MED-G42,0,2.891222537,0.818181818,unlinked
MarDB_Synechococcus_sp_WH8016,MAGsDB_TARA_RED_MAG_00061,0,2.168473482,0.682962963,unlinked
MAGsDB_PASM01,MAGsDB_DAMU01,0,3.267681627,0.776887108,unlinked
MAGsDB_DCXX01,MAGsDB_TARA_PSE_MAG_00031,0,2.083752704,0.582704187,unlinked
MAGsDB_TARA_PSE_MAG_00031,MAGsDB_TARA_MED_MAG_00043,0,3.04553866,0.673128342,unlinked
MarDB_Prochlorococcus_sp_AG-449-J16,MarRef_Synechococcus_sp_KORDI-49,0,0.853759536,0.377593361,unlinked
MarDB_GCA_003331195.1_ASM333119v1,MAGsDB_NZVD01,0,1.859025173,0.568306011,unlinked
MAGsDB_NZXG01,MarDB_GCF_900473925.1_N5,0,2.232007391,0.618222058,unlinked
MarDB_Candidatus_Pelagibacter_ubique_HIMB083,MAGsDB_PAAV01,0,2.609021537,0.630285714,unlinked
MarDB_GCF_900473895.1_N32,MarDB_Sphingomonas_sp_SKA58,0,2.56325788,0.632381697,unlinked
MarDB_GCA_003444075.1_ASM344407v1,MarDB_Pelagibacteraceae_bacterium_AG-430-P08,0,2.799315257,0.722270364,unlinked
MAGsDB_PBFG01,MAGsDB_TARA_ANE_MAG_00020,0,2.77643214,0.627086008,unlinked
MAGsDB_PBHZ01,MarDB_Pseudoalteromonas_ruthenica_S3137,0,2.631814622,0.836804241,unlinked
MAGsDB_DKAI01,MAGsDB_DEBM01,0,1.732831903,0.652869757,unlinked
MAGsDB_TARA_ASE_MAG_00008,MAGsDB_DBTD01,0,1.322165734,0.558604651,unlinked
MAGsDB_TARA_IOS_MAG_00067,MAGsDB_PARL01,0,2.302725926,0.763703363,unlinked
MAGsDB_TARA_IOS_MAG_00001,MAGsDB_PBRC01,0,1.562872227,0.675805048,unlinked
MAGsDB_PAPD01,MarDB_Nitrosopumilus_sp_BACL13_MAG-121220-bin23,0,2.219946966,0.807599808,unlinked
MAGsDB_DDIC01,MarDB_Pseudoalteromonas_distincta,0,1.910951748,0.687282567,unlinked
MAGsDB_DEZT01,MarDB_Sulfitobacter_sp_HI0054,0,2.778071427,0.615659777,unlinked
MAGsDB_PBWH01,MAGsDB_TARA_MED_MAG_00010,0,2.110970734,0.60492282,unlinked
MAGsDB_PARI01,MarDB_Prochlorococcus_sp_AG-402-N21,0,2.216608669,0.715306122,unlinked
MarRef_Thalassolituus_oleivorans_MIL-1,MarDB_GCA_003526745.1_ASM352674v1,0,2.091232496,0.632048537,unlinked
MAGsDB_TARA_PSW_MAG_00002,MAGsDB_TARA_ION_MAG_00016,0,0.901991227,0.490134995,unlinked
MAGsDB_DIIC01,MAGsDB_TARA_MED_MAG_00013,0,2.03027784,0.573021774,unlinked
MAGsDB_DJIF01,MarDB_GCA_003671475.1_ASM367147v1,0,1.543921814,0.585841313,unlinked
MAGsDB_NYVQ01,MarDB_Thioclava_sp_DLFJ5-1,0,1.284525967,0.535728543,unlinked
MarRef_Sulfitobacter_sp_D7,MAGsDB_TARA_ANE_MAG_00023,0,3.381450691,0.698898409,unlinked
MarRef_Halomonas_sp_SF2003_MMP08773154,MAGsDB_TARA_PON_MAG_00033,0,2.411231894,0.831643736,unlinked
MarDB_Nocardioides_sp_REDSEA-S43_B3,MAGsDB_NZVE01,0,2.514017905,0.624222314,unlinked
MAGsDB_DJYW01,MarDB_Pseudoalteromonas_sp_H71,0,1.090250617,0.519922631,unlinked
MAGsDB_PAVX01,MAGsDB_TARA_MED_MAG_00107,0,3.074776404,0.662018048,unlinked
MarDB_Pelagibacteraceae_bacterium_AG-349-O05,MAGsDB_PBAY01,0,2.955194864,0.677766393,unlinked
MAGsDB_PAYY01,MAGsDB_DFMJ01,0,2.66271475,0.628345766,unlinked
MarDB_GCA_003332015.1_ASM333201v1,MAGsDB_TARA_ANW_MAG_00014,0,2.537275552,0.690014903,unlinked
MAGsDB_PBOD01,MAGsDB_NYTH01,0,1.802123527,0.602058928,unlinked
MarRef_Idiomarina_loihiensis_L2TR,MarDB_Pelagibacteraceae_bacterium_AG-426-P20,0,2.435992612,0.699632015,unlinked
MarDB_Vibrio_caribbenthicus_ATCC_BAA2122,MarDB_Pelagibacterales_bacterium_MED-G42,0,2.345517837,0.743521341,unlinked
MarDB_Prochlorococcus_sp_AG-402-B05,MarDB_Prochlorococcus_sp_AG-347-I06,0,0.688371227,0.241090147,unlinked
MAGsDB_PBVH01,MarDB_Prochlorococcus_sp_AG-347-J21,0,3.273699939,0.65967366,unlinked
MAGsDB_DJIE01,MAGsDB_PBNV01,0,1.875862227,0.580838323,unlinked
MarDB_Alphaproteobacteria_bacterium_MarineAlpha12_Bin1,MAGsDB_NHBR01,0,2.590789817,0.623770842,unlinked
MarDB_marine_gamma_proteobacterium_HTCC2143,MAGsDB_TARA_RED_MAG_00081,0,1.633766014,0.597143931,unlinked
MAGsDB_NZJW01,MarDB_Prochlorococcus_sp_AG-347-K16,0,3.283988227,0.649588868,unlinked
MarDB_SAR406_cluster_bacterium_SCGC_AAA160-B08,MAGsDB_PBOA01,0,2.473852027,0.717406143,unlinked
MAGsDB_PARI01,MAGsDB_PBRN01,0,1.363922669,0.626884422,unlinked
MarDB_GCA_003533785.1_ASM353378v1,MarDB_Synechococcus_sp_WH_8109,0,2.548408202,0.67540107,unlinked
MarDB_Prochlorococcus_sp_AG-388-E21,MAGsDB_PBHR01,0,3.335320027,0.793756968,unlinked
MAGsDB_PBDW01,MAGsDB_TARA_MED_MAG_00090,0,2.664204964,0.676880223,unlinked
MarDB_Prochlorococcus_sp_AG-347-K10,MarDB_Oceanicaulis_alexandrii,0,3.400472227,0.659101436,unlinked
MAGsDB_TARA_ION_MAG_00023,MAGsDB_NZOF01,0,2.376231444,0.569137562,unlinked
MAGsDB_PAQG01,MarRef_Synechococcus_sp_CC9311,0,2.113508627,0.697299858,unlinked
MAGsDB_DJKX01,MarDB_GCA_003331625.1_ASM333162v1,0,2.349325284,0.660852713,unlinked
MarDB_Prochlorococcus_sp_AG-355-J09,MAGsDB_PBEF01,0,2.880038217,0.672985782,unlinked
MAGsDB_TARA_RED_MAG_00109,MAGsDB_NHCJ01,0,2.119659457,0.585906916,unlinked
MAGsDB_DAEN01,MAGsDB_TARA_ANW_MAG_00012,0,2.00422873,0.789333333,unlinked
MAGsDB_NZHP01,MAGsDB_DBGJ01,0,2.273752303,0.648533007,unlinked
MarRef_Prochlorococcus_marinus_str_MIT_9312,MAGsDB_TARA_MED_MAG_00075,0,3.560525108,0.81075028,unlinked
MarDB_Prochlorococcus_sp_AG-402-O21,MAGsDB_TARA_PSW_MAG_00113,0,2.934755623,0.683688647,unlinked
MAGsDB_DDNL01,MAGsDB_DEBD01,0,0.918975227,0.570089286,unlinked
MarDB_GCA_003331935.1_ASM333193v1,MAGsDB_PBYF01,0,2.547029239,0.635369189,unlinked
MAGsDB_TARA_MED_MAG_00062,MarDB_Candidatus_Pelagibacter_ubique_SCGC_AAA795-D22,0,3.332409264,0.709326072,unlinked
MAGsDB_TARA_PON_MAG_00023,MAGsDB_DAME01,0,2.480001025,0.830651061,unlinked
MAGsDB_PAFY01,MAGsDB_TARA_PSE_MAG_00050,0,2.21518776,0.560576293,unlinked
MAGsDB_PAJA01,MarDB_Pelagibacteraceae_bacterium_AG-359-O02,0,2.351112237,0.658323632,unlinked
MarRef_Zunongwangia_profunda_SM-A87,MAGsDB_PBKU01,0,2.519381127,0.645653876,unlinked
MAGsDB_DHXI01,MAGsDB_DJZA01,0,2.869406524,0.602388324,unlinked
MarDB_Alphaproteobacteria_bacterium_UBA3437,MarDB_Pseudomonas_oleovorans_MGY01,0,1.747732132,0.574221339,unlinked
MAGsDB_TARA_ANW_MAG_00031,MarDB_Prochlorococcus_sp_AG-355-K03,0,3.192819644,0.69035533,unlinked
MarDB_Pelagibacteraceae_bacterium_AG-447-N18,MAGsDB_NHBR01,0,3.129399827,0.668886775,unlinked
MAGsDB_DJKZ01,MAGsDB_PAPF01,0,2.395064574,0.685520362,unlinked
MAGsDB_PBFM01,MarDB_Prochlorococcus_sp_AG-347-L20,0,2.920538227,0.692514809,unlinked
MAGsDB_TARA_ANW_MAG_00023,MAGsDB_DAVD01,0,2.999665074,0.754161332,unlinked
MAGsDB_TARA_RED_MAG_00008,MAGsDB_DCCC01,0,1.433271614,0.572093023,unlinked
MAGsDB_TARA_MED_MAG_00057,MAGsDB_PACX01,0,2.860098554,0.599441341,unlinked
MarDB_Alcanivorax_sp_UBA1911,MAGsDB_NZWJ01,0,1.891510322,0.696428571,unlinked
MarDB_Prochlorococcus_sp_AG-402-G10,MAGsDB_DDNM01,0,2.464395227,0.642256309,unlinked
MAGsDB_NZED01,MAGsDB_TARA_IOS_MAG_00012,0,2.710837114,0.66322314,unlinked
MAGsDB_NHEN01,MarDB_Synechococcus_sp_WH7805,0,2.144678227,0.628023733,unlinked
MAGsDB_TARA_RED_MAG_00006,MAGsDB_DEAA01,0,1.730822508,0.577929923,unlinked
MarDB_GCA_003523185.1_ASM352318v1,MAGsDB_PBKG01,0,2.051532195,0.565018695,unlinked
MAGsDB_NHEZ01,MarDB_Prochlorococcus_marinus_XMU1408,0,2.787368227,0.682985075,unlinked
MarDB_Candidatus_Thioglobus_sp_MED-G25,MAGsDB_NZHD01,0,1.995111883,0.598218263,unlinked
MarDB_GCF_003326805.1_ASM332680v1,MAGsDB_DCXL01,0,0.995882573,0.563786008,unlinked
MarDB_Pseudoalteromonas_arabiensis_JCM_17292,MAGsDB_PBCW01,0,2.035481017,0.647358834,unlinked
MarDB_SAR406_cluster_bacterium_SCGC_AAA160-B08,MarDB_Prochlorococcus_marinus_XMU1408,0,2.783588227,0.720901889,unlinked
MAGsDB_DJIE01,MarDB_Prochlorococcus_sp_AG-363-N16,0,2.631488227,0.706757331,unlinked
MAGsDB_DLTP01,MarDB_GCA_003535555.1_ASM353555v1,0,2.510280794,0.695268139,unlinked
MAGsDB_PBAP01,MarDB_Arcobacter_haliotis_strain_LMG_28652,0,2.793166404,0.677300046,unlinked
MarDB_Dokdonia_donghaensis_MED134,MAGsDB_NHEU01,0,2.8676192,0.635912698,unlinked
MarDB_Pseudoalteromonas_lipolytica_strain_CSB02KR,MAGsDB_PBWW01,0,1.917016849,0.853323431,unlinked
MAGsDB_PBAE01,MarRef_Prochlorococcus_marinus_AS9601,0,3.13279837,0.666291503,unlinked
MarDB_Synechococcus_sp_AG-670-A05,MarDB_Prochlorococcus_marinus_SB,0,0.909115457,0.326530612,unlinked
MAGsDB_DLRH01,MAGsDB_TARA_ASW_MAG_00018,0,2.432206182,0.676629307,unlinked
MAGsDB_NHEN01,MarDB_Prochlorococcus_marinus_MIT_9314,0,2.749098227,0.638930913,unlinked
MAGsDB_TARA_RED_MAG_00001,MAGsDB_NZIR01,0,2.112641013,0.541468568,unlinked
MAGsDB_DJZU01,MarDB_Colwellia_aestuarii_CGMCC1_6965,0,2.158405627,0.70018622,unlinked
MAGsDB_DDIN01,MAGsDB_NYSL01,0,3.241482027,0.654125113,unlinked
MarRef_Zunongwangia_profunda_SM-A87,MAGsDB_DBUW01,0,2.365836174,0.679765131,unlinked
MAGsDB_PBBX01,MAGsDB_PBVO01,0,1.941272027,0.678120263,unlinked
MarDB_Sphingobium_yanoikuyae_strain_UBA1832,MAGsDB_NZUK01,0,2.78818246,0.70185265,unlinked
MAGsDB_NZHT01,MAGsDB_PBTP01,0,2.364567786,0.600098377,unlinked
MAGsDB_DDEJ01,MarDB_Candidatus_Pelagibacter_ubique_HIMB058,0,2.046933867,0.574876847,unlinked
MAGsDB_PBNP01,MAGsDB_TARA_RED_MAG_00081,0,2.015276014,0.700505051,unlinked
MarRef_Pseudomonas_stutzeri_CCUG_29243,MAGsDB_DBNJ01,0,0.673365143,0.396606575,unlinked
MAGsDB_TARA_PON_MAG_00002,MAGsDB_DEPK01,0,1.774615387,0.699486701,unlinked
MAGsDB_TARA_SOC_MAG_00003,MAGsDB_TARA_IOS_MAG_00023,0,2.737182803,0.672413793,unlinked
MAGsDB_TARA_RED_MAG_00034,MarDB_Prochlorococcus_sp_AG-388-F11,0,2.999597944,0.667487685,unlinked
MarDB_Synechococcus_sp_MIT_S9509,MAGsDB_DDFN01,0,2.568413204,0.637586806,unlinked
MAGsDB_TARA_RED_MAG_00007,MAGsDB_DAHO01,0,2.386878137,0.792836399,unlinked
MAGsDB_DKPR01,MarDB_GCA_003545375.1_ASM354537v1,0,1.47783555,0.564269142,unlinked
MAGsDB_DBVB01,MAGsDB_NZOF01,0,2.732616087,0.67364203,unlinked
MAGsDB_DDIC01,MAGsDB_DAYJ01,0,2.278018639,0.764447236,unlinked
MAGsDB_PAPD01,MarDB_Pseudoalteromonas_distincta,0,1.173501748,0.564330738,unlinked
MAGsDB_DDNM01,MAGsDB_PBKH01,0,1.105059227,0.482377696,unlinked
MarDB_Synechococcus_sp_WH8016,MAGsDB_NYVY01,0,2.714136707,0.647777235,unlinked
MAGsDB_NZZM01,MarDB_Joostella_marina,0,0.462084628,0.435782389,unlinked
MarDB_Vibrio_splendidus_strain_10N_261_55_E11,MAGsDB_TARA_MED_MAG_00077,0,2.422261306,0.722352155,unlinked
MAGsDB_TARA_ANE_MAG_00023,MarRef_alpha_proteobacterium_HIMB5,0,3.290755725,0.646050214,unlinked
MAGsDB_DAGO01,MarDB_Prochlorococcus_sp_AG-347-G22,0,3.326733227,0.803699284,unlinked
MAGsDB_PBKX01,MAGsDB_DDEL01,0,2.634234917,0.678780774,unlinked
MAGsDB_TARA_ANW_MAG_00065,MAGsDB_PARL01,0,2.079540134,0.717247879,unlinked
MAGsDB_PBPL01,MAGsDB_TARA_SOC_MAG_00001,0,1.729292247,0.607401106,unlinked
MarDB_Thalassolituus_sp_UBA2535,MarRef_Planktomarina_temperata_RCA23,0,2.427236219,0.587491216,unlinked
MAGsDB_DJLZ01,MarDB_Synechococcus_sp_BL107,0,1.915388227,0.671321696,unlinked
MAGsDB_PAVX01,MAGsDB_NZIJ01,0,2.864160327,0.654205607,unlinked
MAGsDB_DDZT01,MarDB_Bacteroidetes_bacterium_MED-G17,0,2.026682178,0.681844052,unlinked
MAGsDB_DGNA01,MAGsDB_TARA_PSW_MAG_00094,0,2.94895807,0.775040171,unlinked
MAGsDB_DIIC01,MAGsDB_DALQ01,0,2.446321277,0.770195685,unlinked
MarDB_Citromicrobium_sp_JLT1363,MarDB_GCA_003331195.1_ASM333119v1,0,2.616320143,0.634032634,unlinked
MarDB_Prochlorococcus_sp_AG-418-O03,MarDB_Alphaproteobacteria_bacterium_MarineAlpha9_Bin3,0,3.045258227,0.64946719,unlinked
MarDB_Lutimaribacter_saemankumensis_strain_DSM_28010,MAGsDB_NZXB01,0,2.451512227,0.600821355,unlinked
MarDB_Marinomonas_sp_Cmf_18.22,MAGsDB_DDJT01,0,2.636932227,0.709041731,unlinked
MAGsDB_NYYE01,MarDB_Prochlorococcus_sp_AG-363-O06,0,2.836082527,0.68872267,unlinked
MAGsDB_TARA_IOS_MAG_00067,MarRef_Alteromonas_australica_H_17,0,0.973344096,0.466126657,unlinked
MAGsDB_PAEP01,MAGsDB_NHBH01,0,2.152678227,0.669095585,unlinked
MarDB_Prochlorococcus_sp_AG-442-B03,MAGsDB_TARA_RED_MAG_00030,0,2.499656014,0.679117912,unlinked
MAGsDB_DBIA01,MAGsDB_TARA_RED_MAG_00028,0,2.254529047,0.575342466,unlinked
MarDB_Flavobacteriaceae_bacterium_UBA5954,MarDB_GCA_003331305.1_ASM333130v1,0,0.116094267,0.144463668,unlinked
MAGsDB_DBHQ01,MAGsDB_PBWV01,0,1.961396474,0.595863166,unlinked
MAGsDB_NZIJ01,MAGsDB_NHEN01,0,2.282502227,0.645177165,unlinked
MarDB_GCA_003331625.1_ASM333162v1,MarDB_gamma_proteobacterium_SCGC_AB-629-P17,0,1.621785074,0.62875817,unlinked
MAGsDB_NZIY01,MAGsDB_DKPW01,0,1.671062227,0.656357388,unlinked
MAGsDB_DBUW01,MAGsDB_TARA_RED_MAG_00010,0,1.88716396,0.733009709,unlinked
MAGsDB_PBRN01,MarDB_Prochlorococcus_sp_AG-409-L18,0,1.721508227,0.664670659,unlinked
MarDB_Prochlorococcus_sp_AG-347-J22,MarDB_SAR116_cluster_bacterium_AG-390-L20,0,3.004718227,0.661282428,unlinked
MAGsDB_PAWM01,MAGsDB_PADB01,0,2.595432627,0.658372214,unlinked
MAGsDB_DLCF01,MAGsDB_TARA_MED_MAG_00012,0,2.386824974,0.617021277,unlinked
MarRef_Pseudodesulfovibrio_profundus_strain_500-1,MarDB_OM182_bacterium_MED-G28,0,1.950667987,0.636653386,unlinked
MAGsDB_DCBH01,MarRef_Synechococcus_sp_CC9311,0,2.801715087,0.656830081,unlinked
MAGsDB_TARA_MED_MAG_00087,MAGsDB_DGQA01,0,2.395222547,0.666844634,unlinked
MarDB_Candidatus_Pelagibacter_ubique_HTCC9022,MarDB_Prochlorococcus_sp_AG-363-N16,0,3.139078207,0.655775963,unlinked
MarDB_SAR324_cluster_bacterium_lautmerah10,MAGsDB_PBYI01,0,1.799695829,0.616906475,unlinked
MAGsDB_PAMH01,MAGsDB_TARA_PSW_MAG_00039,0,1.309952227,0.786862334,unlinked
MarDB_Pelagibacteraceae_bacterium_AG-319-F18,MarDB_GCA_003602535.1_ASM360253v1,0,2.989158894,0.812692545,unlinked
MAGsDB_PABE01,MarDB_Prochlorococcus_sp_AG-363-O06,0,2.323298227,0.696286472,unlinked
MAGsDB_DJYW01,MAGsDB_DEBM01,0,2.313412227,0.663371231,unlinked
MAGsDB_TARA_ION_MAG_00015,MarDB_GCF_003814515.1_ASM381451v1,0,1.747736597,0.60249248,unlinked
MAGsDB_PBAZ01,MAGsDB_TARA_MED_MAG_00034,0,1.744364976,0.672985782,unlinked
MAGsDB_TARA_ANW_MAG_00012,MAGsDB_PANC01,0,1.965695574,0.605809129,unlinked
MAGsDB_DDZS01,MAGsDB_PBDP01,0,1.949165917,0.689618074,unlinked
MAGsDB_PBRG01,MAGsDB_PBLD01,0,2.645812257,0.699084668,unlinked
MAGsDB_TARA_ANW_MAG_00035,MAGsDB_TARA_MED_MAG_00036,0,1.67079505,0.563568376,unlinked
MarDB_Bacteroidetes_bacterium_SCGC_AAA795-G10,MAGsDB_TARA_MED_MAG_00053,0,3.18752253,0.785294118,unlinked
MAGsDB_TARA_PSW_MAG_00077,MAGsDB_PATE01,0,2.231168374,0.649293286,unlinked
MAGsDB_PAVS01,MAGsDB_TARA_MED_MAG_00077,0,2.225100314,0.58662614,unlinked
MarDB_Prochlorococcus_marinus_GP2,MarDB_Alphaproteobacteria_bacterium_casp-alpha6,0,3.407653337,0.643765903,unlinked
MAGsDB_PBGO01,MarDB_Synechococcus_sp_WH_8109,0,2.320187896,0.666307858,unlinked
MAGsDB_PCAM01,MAGsDB_PATC01,0,2.418116027,0.789204545,unlinked
MarDB_Candidatus_Pelagibacter_ubique_HTCC9022,MAGsDB_PADF01,0,3.034664577,0.7852194,unlinked
MAGsDB_PAYY01,MarDB_Pseudomonas_oleovorans_MGY01,0,2.013536993,0.699408673,unlinked
MarDB_Prochlorococcus_marinus_MIT_9401,MAGsDB_TARA_ION_MAG_00017,0,3.156479474,0.675628794,unlinked
MAGsDB_PBWG01,MarDB_Arcobacter_haliotis_strain_LMG_28652,0,2.745450874,0.694053563,unlinked
MarDB_Prochlorococcus_sp_AG-402-O21,MarRef_Halomonas_sp_SF2003_MMP08773154,0,2.657376661,0.670305677,unlinked
MarDB_Synechococcus_sp_RS9916,MAGsDB_NZUJ01,0,2.685228227,0.643373494,unlinked
MarDB_GCA_003450155.1_ASM345015v1,MarDB_Prochlorococcus_sp_AG-449-J16,0,3.140288227,0.695930233,unlinked
MAGsDB_TARA_PSE_MAG_00073,MAGsDB_TARA_PSW_MAG_00057,0,3.094914855,0.796718973,unlinked
MAGsDB_TARA_RED_MAG_00023,MAGsDB_DADW01,0,2.94812551,0.752667922,unlinked
MAGsDB_TARA_PSE_MAG_00068,MAGsDB_PBAS01,0,2.018334475,0.589338598,unlinked
MarDB_GCF_003326775.1_ASM332677v1,MAGsDB_DCBC01,0,1.908912066,0.627940644,unlinked
MAGsDB_DGAM01,MAGsDB_TARA_RED_MAG_00011,0,2.211104094,0.625112511,unlinked
MAGsDB_PAYZ01,MAGsDB_TARA_PSW_MAG_00071,0,2.589719387,0.785611511,unlinked
MAGsDB_NZUK01,MAGsDB_PBTO01,0,2.603732627,0.667536534,unlinked
MAGsDB_TARA_IOS_MAG_00015,MAGsDB_PBDA01,0,1.460779654,0.553846154,unlinked
MarDB_Prochlorococcus_sp_scB243_495D8,MAGsDB_PAQL01,0,3.004856086,0.697937132,unlinked
MAGsDB_TARA_ANW_MAG_00065,MAGsDB_DJYV01,0,2.497090114,0.621419127,unlinked
MarDB_Silicibacter_sp_TrichCH4B,MAGsDB_PBHA01,0,3.430199798,0.763766959,unlinked
MAGsDB_DAGF01,MarDB_Acidimicrobiales_bacterium_AG-414-N20,0,2.770685551,0.776693456,unlinked
MAGsDB_PBSU01,MarRef_Prochlorococcus_marinus_str_NATL1A,0,2.725351012,0.683550186,unlinked
MAGsDB_NHER01,MAGsDB_TARA_RED_MAG_00023,0,2.35794651,0.699173554,unlinked
MAGsDB_PBUF01,MarDB_Bacteroidetes_bacterium_strain_Sum29NG08_bin36,0,3.059897327,0.649296509,unlinked
MAGsDB_NYXF01,MAGsDB_PAQR01,0,2.059198384,0.638976378,unlinked
MAGsDB_DEYN01,MarDB_Nitrosopumilus_sp_Nsub,0,2.142521932,0.813567594,unlinked
MAGsDB_DGCG01,MarDB_Prochlorococcus_marinus_MIT_1342,0,2.252282264,0.669401709,unlinked
MarDB_Leeuwenhoekiella_blandensis_MED217,MAGsDB_TARA_ANW_MAG_00031,0,2.864669869,0.657695542,unlinked
MarDB_Erythrobacter_sp_REDSEA-S34_B3,MAGsDB_DKQY01,0,2.321597264,0.565265082,unlinked
MAGsDB_TARA_PSE_MAG_00026,MAGsDB_NHDG01,0,2.092318534,0.654316272,unlinked
MAGsDB_TARA_MED_MAG_00020,MarRef_Prochlorococcus_marinus_str_MIT_9215,0,2.979658604,0.597126131,unlinked
MAGsDB_DJKZ01,MarDB_Pelagibacteraceae_bacterium_AG-410-B18,0,2.345166174,0.684601113,unlinked
MarDB_GCA_003331935.1_ASM333193v1,MAGsDB_PBEF01,0,3.094171654,0.679411765,unlinked
MAGsDB_PBMI01,MAGsDB_DJYV01,0,2.605059627,0.651150055,unlinked
MAGsDB_TARA_RED_MAG_00043,MAGsDB_DARI01,0,2.695041934,0.781107492,unlinked
MarDB_Prochlorococcus_marinus_MIT_9201,MAGsDB_TARA_PSW_MAG_00024,0,2.731876114,0.671278362,unlinked
MAGsDB_PAOO01,MAGsDB_TARA_MED_MAG_00010,0,2.602371584,0.672498633,unlinked
MAGsDB_NZPK01,ProGenomes_309800_PRJNA12524,0,2.298797957,0.780612245,unlinked
MAGsDB_DEAW01,MAGsDB_NYVY01,0,2.601903707,0.664856861,unlinked
MarDB_Lutimaribacter_saemankumensis_strain_DSM_28010,MAGsDB_PBIX01,0,2.682212227,0.677654274,unlinked
MarDB_Pelagibacteraceae_bacterium_AG-390-A23,MarDB_Idiomarina_baltica,0,2.356134974,0.687240903,unlinked
MarDB_SAR324_cluster_bacterium_lautmerah10,MAGsDB_PAPO01,0,1.880774819,0.633863343,unlinked
MAGsDB_NZNH01,MarDB_Candidatus_Pelagibacter_sp_HTCC7211,0,2.727821071,0.639050388,unlinked
MAGsDB_PANN01,MAGsDB_DCWP01,0,2.062206458,0.721289753,unlinked
MAGsDB_DLRL01,MAGsDB_NHCC01,0,1.920054505,0.639101338,unlinked
MAGsDB_PAYP01,MAGsDB_NZHD01,0,1.802650685,0.600806452,unlinked
MAGsDB_DLRN01,MAGsDB_TARA_ANE_MAG_00023,0,2.706865715,0.692734612,unlinked
MarDB_Prochlorococcus_sp_AG-321-D23,MAGsDB_TARA_RED_MAG_00042,0,3.040450088,0.715972654,unlinked
MAGsDB_PBDP01,MarDB_Synechococcus_sp_AG-673-F03,0,2.365201917,0.676371781,unlinked
MAGsDB_TARA_ANW_MAG_00032,MAGsDB_PBGH01,0,3.342042974,0.803432137,unlinked
MAGsDB_DKQU01,MAGsDB_DGOW01,0,1.645772365,0.578918015,unlinked
MarDB_Prochlorococcus_sp_AG-402-L09,MAGsDB_TARA_PSW_MAG_00014,0,2.767640014,0.600224593,unlinked
MarDB_Pelagibacteraceae_bacterium_AG-390-L03,MAGsDB_DFWB01,0,2.783802207,0.649060437,unlinked
MarDB_Prochlorococcus_marinus_GP2,MAGsDB_PASP01,0,2.916325227,0.645721925,unlinked
MAGsDB_DCBH01,MarDB_Pseudoalteromonas_sp_13_15,0,2.786107802,0.646893788,unlinked
MAGsDB_DAPT01,MAGsDB_TARA_RED_MAG_00035,0,2.666287214,0.78319123,unlinked
MAGsDB_NZDS01,MAGsDB_PAUJ01,0,2.465072227,0.673692744,unlinked
MAGsDB_NZUZ01,MAGsDB_PASE01,0,2.744124864,0.687886826,unlinked
MAGsDB_PAPF01,MarDB_Pseudomonas_marincola_strain_JCM_14761,0,2.156615828,0.516661663,unlinked
MAGsDB_PBZM01,MarDB_Alphaproteobacteria_bacterium_UBA3439,0,1.917936268,0.548456957,unlinked
MarDB_Prochlorococcus_sp_AG-402-L18,MAGsDB_DCBH01,0,3.313245087,0.667234526,unlinked
MAGsDB_NHEC01,MarDB_Phyllobacteriaceae_bacterium_Water-Bin73_strain_Water_Bin73,0,2.66343936,0.660882499,unlinked
MAGsDB_NZHE01,MarDB_Pseudomonas_marincola_strain_JCM_14761,0,1.782885748,0.617296919,unlinked
MAGsDB_NZMK01,MAGsDB_DAZL01,0,2.70905839,0.805044666,unlinked
MarDB_Prochlorococcus_sp_AG-347-K10,MAGsDB_TARA_MED_MAG_00065,0,3.226599858,0.660194175,unlinked
MarDB_Prochlorococcus_marinus_SCGC_AAA795-J16,MAGsDB_PBSR01,0,2.688861227,0.701383238,unlinked
MAGsDB_TARA_MED_MAG_00069,MAGsDB_NYYX01,0,2.252679094,0.700513631,unlinked
MAGsDB_DBHM01,MarRef_Muricauda_lutaonensis_strain_CC-HSB-11,0,2.571819927,0.66746872,unlinked
MAGsDB_NZZH01,MAGsDB_TARA_RED_MAG_00001,0,3.268685727,0.661957091,unlinked
MarRef_Maribacter_sp_MAR_2009_60,MAGsDB_DCQA01,0,2.650233297,0.651818182,unlinked
MAGsDB_PAYI01,MAGsDB_DCCG01,0,2.674582227,0.655001902,unlinked
MAGsDB_TARA_MED_MAG_00021,MarDB_Prochlorococcus_sp_AG-355-P18,0,3.07408199,0.6430131,unlinked
MarDB_Maribacter_sp_SDRB-Phe2,MAGsDB_TARA_ANW_MAG_00013,0,2.071119659,0.598970519,unlinked
MarDB_Prochlorococcus_sp_AG-388-E21,MarDB_Vibrio_chagasii_strain_LC2-408,0,2.942417537,0.704978283,unlinked
MAGsDB_TARA_PSW_MAG_00104,MAGsDB_DJHS01,0,2.364904415,0.647715197,unlinked
MAGsDB_DJIA01,MarDB_GCA_003539805.1_ASM353980v1,0,2.512407964,0.637599094,unlinked
MAGsDB_TARA_MED_MAG_00043,MarDB_SAR116_cluster_bacterium_AG-426-I14,0,1.647456674,0.584861029,unlinked
MarDB_Prochlorococcus_sp_AG-402-G06,MarDB_Prochlorococcus_sp_AG-347-I15,0,0.640522227,0.272175891,unlinked
MarDB_Prochlorococcus_sp_scB243_498I20,MarDB_GCA_003445735.1_ASM344573v1,0,3.209048227,0.670634921,unlinked
MAGsDB_TARA_PSE_MAG_00025,MarDB_GCA_003452485.1_ASM345248v1,0,0.375470343,0.323098725,unlinked
MAGsDB_NZGS01,MAGsDB_PABG01,0,1.736578212,0.646183206,unlinked
MAGsDB_TARA_MED_MAG_00021,MAGsDB_TARA_RED_MAG_00086,0,2.700197084,0.600912201,unlinked
MarDB_Prochlorococcus_sp_AG-402-N08,MAGsDB_PBGL02,0,3.480432471,0.804238706,unlinked
MAGsDB_TARA_PSW_MAG_00113,MAGsDB_NZGF01,0,2.94367227,0.63185935,unlinked
MarDB_Prochlorococcus_marinus_MIT_9201,MAGsDB_TARA_PSW_MAG_00006,0,2.384280632,0.597800926,unlinked
MAGsDB_DEPK01,MAGsDB_DLBZ01,0,2.412975387,0.650910668,unlinked
MAGsDB_PAJA01,MAGsDB_PASN01,0,1.642062227,0.625812442,unlinked
MarDB_Prochlorococcus_sp_AG-409-G20,MarDB_Thalassospira_sp_KO164,0,2.475765385,0.706268222,unlinked
MarDB_Prochlorococcus_sp_AG-670-O17,MAGsDB_DGQA01,0,2.629698227,0.654933333,unlinked
MAGsDB_PBYS01,MarDB_Pelagibacteraceae_bacterium_AG-430-P08,0,2.555822237,0.698800738,unlinked
MAGsDB_DCQA01,MarDB_Prochlorococcus_sp_AG-311-J23,0,2.777228227,0.684813754,unlinked
MAGsDB_DBGJ01,MarDB_Prochlorococcus_sp_AG-459-N19,0,2.830097724,0.700058241,unlinked
MarDB_Prochlorococcus_marinus_MIT_9302,MAGsDB_PBOW01,0,3.012645127,0.681034483,unlinked
MAGsDB_TARA_MED_MAG_00069,MAGsDB_TARA_RED_MAG_00043,0,2.1816438,0.675587467,unlinked
MarDB_Prochlorococcus_sp_scB243_498B22,MAGsDB_PBNV01,0,2.997863894,0.67424594,unlinked
MAGsDB_PAJD01,MarDB_Prochlorococcus_marinus_MIT_9302,0,3.012675627,0.650704225,unlinked
MAGsDB_TARA_MED_MAG_00024,MAGsDB_TARA_MED_MAG_00131,0,0.799420556,0.407452657,unlinked
MAGsDB_TARA_PSE_MAG_00111,MarRef_Prochlorococcus_marinus_str_NATL1A,0,3.319191918,0.651355076,unlinked
MAGsDB_DHXH01,MAGsDB_DKNZ01,0,2.410015527,0.605263158,unlinked
MAGsDB_TARA_RED_MAG_00020,MAGsDB_PAXI01,0,2.403398514,0.6371905,unlinked
MAGsDB_NHDG01,MAGsDB_DIHR01,0,1.824830567,0.572796935,unlinked
MAGsDB_NHBW01,MarRef_Candidatus_Nitrosopelagicus_brevis_CN25,0,2.469886324,0.805432099,unlinked
MarRef_Synechococcus_sp_CC9902,MAGsDB_TARA_PSE_MAG_00018,0,2.475580168,0.615840745,unlinked
MarDB_Vibrio_chagasii_strain_LC2-408,MarDB_Candidatus_Thioglobus_sp_REDSEA-S12_B1,0,1.089241537,0.635015884,unlinked
MarDB_Pelagibacteraceae_bacterium_AG-390-C22,MAGsDB_TARA_MED_MAG_00131,0,2.580360554,0.675429185,unlinked
MAGsDB_TARA_PON_MAG_00006,MAGsDB_DAMU01,0,2.247573114,0.786361845,unlinked
MAGsDB_PBGY01,MAGsDB_DGNA01,0,3.15250773,0.647156267,unlinked
MarDB_GCA_003533785.1_ASM353378v1,MarDB_Synechococcus_sp_AG-679-C18,0,2.535782227,0.698644421,unlinked
MarDB_Candidatus_Pelagibacter_ubique_HTCC9022,MAGsDB_TARA_MED_MAG_00012,0,2.649064954,0.577472842,unlinked
MarRef_Prochlorococcus_sp_MIT_0801,MarDB_Pelagibacteraceae_bacterium_AG-426-E17,0,3.165768237,0.597832288,unlinked
MAGsDB_DKNM01,MarRef_Synechococcus_sp_WH_8020,0,2.087980791,0.668319063,unlinked
MAGsDB_TARA_RED_MAG_00061,MAGsDB_DCYW01,0,2.336190482,0.8136289,unlinked
MAGsDB_PBFG01,MAGsDB_DFVV01,0,2.385589313,0.606211869,unlinked
MAGsDB_DAPT01,MAGsDB_TARA_PON_MAG_00007,0,3.055485344,0.763224181,unlinked
MAGsDB_TARA_ASW_MAG_00008,MAGsDB_PBQK01,0,2.463532889,0.600840336,unlinked
MAGsDB_DLRK01,MAGsDB_PBMO01,0,2.265298726,0.810745402,unlinked
MAGsDB_DBUW01,MAGsDB_TARA_RED_MAG_00044,0,2.24579696,0.747074122,unlinked
MarDB_Donghicola_eburneus_strain_DSM_29127,MAGsDB_DKNY01,0,2.478433827,0.559284933,unlinked
MarDB_GCA_003332015.1_ASM333201v1,MarDB_Sulfitobacter_sp_HI0054,0,1.733331614,0.547795722,unlinked
MarDB_Prochlorococcus_sp_AG-347-K10,MAGsDB_PAQF01,0,2.554418027,0.665287356,unlinked
MAGsDB_NHEU01,MAGsDB_NZWE01,0,2.605747879,0.655109489,unlinked
MarDB_Erythrobacter_citreus_LAMA_915,MAGsDB_DLTS01,0,2.788168673,0.61448493,unlinked
MarDB_marine_actinobacterium_MedAcidiG1,MarDB_GCF_003814515.1_ASM381451v1,0,1.634281514,0.679218968,unlinked
MAGsDB_TARA_PSW_MAG_00018,MarRef_Candidatus_Thioglobus_singularis,0,2.415859833,0.654652137,unlinked
MarDB_Prochlorococcus_sp_AG-424-P18,MAGsDB_PBSY01,0,2.589058201,0.617737003,unlinked
MarDB_Alcanivorax_sp_UBA1911,MAGsDB_PBAU01,0,2.624259022,0.74853311,unlinked
MAGsDB_TARA_IOS_MAG_00035,MAGsDB_DCQA01,0,2.162495714,0.64822547,unlinked
MarDB_GCA_003445735.1_ASM344573v1,MarDB_GCA_003513555.1_ASM351355v1,0,2.523504468,0.673041894,unlinked
MAGsDB_PBSY01,MAGsDB_PANC01,0,1.954252201,0.639207508,unlinked
MAGsDB_PBMY01,MarDB_Prochlorococcus_marinus_str__XMU1401,0,3.361242999,0.678246014,unlinked
MAGsDB_TARA_RED_MAG_00039,MAGsDB_NZJB01,0,2.713720574,0.674468085,unlinked
MAGsDB_TARA_PSW_MAG_00006,MAGsDB_DBNK01,0,2.122494632,0.641403205,unlinked
MAGsDB_TARA_RED_MAG_00044,MAGsDB_DIHR01,0,2.305760254,0.712428497,unlinked
MAGsDB_DEWY01,MAGsDB_PBOO01,0,2.602591615,0.681152993,unlinked
MAGsDB_TARA_ANW_MAG_00013,MAGsDB_TARA_PSE_MAG_00023,0,2.158967335,0.620203983,unlinked
MAGsDB_DLCH01,MAGsDB_PACG01,0,2.159359827,0.641006662,unlinked
MAGsDB_DKPR01,MAGsDB_NZRO01,0,2.292024764,0.613765643,unlinked
MAGsDB_PBJN01,MarDB_GCF_003730275.1_ASM373027v1,0,2.574453794,0.552875696,unlinked
MAGsDB_NZHT01,MAGsDB_DDCR01,0,2.497687786,0.64693356,unlinked
MarDB_Prochlorococcus_sp_scB243_498B22,MAGsDB_PAFB01,0,3.201673894,0.672627919,unlinked
MarDB_Alteromonas_sp_V450,MAGsDB_NZFU01,0,2.444197223,0.842808089,unlinked
MarDB_Lutimaribacter_saemankumensis_strain_DSM_28010,MAGsDB_PBKU01,0,0.971502227,0.490269151,unlinked
MarDB_GCA_003529565.1_ASM352956v1,MarDB_GCF_900473895.1_N32,0,2.092822856,0.629946043,unlinked
MarDB_Pelagibacteraceae_bacterium_AG-439-F23,MAGsDB_PBHR01,0,2.860334037,0.819496855,unlinked
MAGsDB_NZZG01,MarDB_Candidatus_Pelagibacter_ubique_HTCC8051,0,2.628802207,0.688199828,unlinked
MAGsDB_DJKX01,MarDB_OCS116_cluster_bacterium_AG-390-A19,0,2.760779417,0.651496259,unlinked
MAGsDB_DBGO01,MAGsDB_NHBL01,0,1.789836247,0.566526189,unlinked
MAGsDB_TARA_MED_MAG_00022,MAGsDB_NYTV01,0,2.295856866,0.568948891,unlinked
MAGsDB_TARA_IOS_MAG_00001,MAGsDB_DBGJ01,0,1.610281724,0.684008762,unlinked
MarDB_Alcanivorax_jadensis_T9,MarDB_GCF_003335485.1_ASM333548v1,0,2.206004817,0.595075239,unlinked
MAGsDB_TARA_MED_MAG_00062,MarDB_Phyllobacteriaceae_bacterium_Water-Bin73_strain_Water_Bin73,0,3.090456994,0.65647482,unlinked
MarRef_Candidatus_Thioglobus_singularis,MAGsDB_DKNY01,0,1.398013214,0.555988315,unlinked
MarDB_Prochlorococcus_sp_AG-347-L02,MarDB_Thalassospira_sp_KO164,0,3.018055389,0.68309602,unlinked
MAGsDB_DLRL01,MAGsDB_TARA_RED_MAG_00061,0,1.94115276,0.637941352,unlinked
MAGsDB_TARA_ION_MAG_00047,MAGsDB_DAXQ01,0,2.591204614,0.833435771,unlinked
MarDB_Bacteroidetes_bacterium_strain_Spr30G08_bin33,MAGsDB_DJZG01,0,2.426212674,0.575207469,unlinked
MAGsDB_DCKW01,MarDB_Glaciecola_mesophila_KMM_241,0,1.962375897,0.637664783,unlinked
MarDB_GCA_003445215.1_ASM344521v1,MAGsDB_DIHQ01,0,3.191661127,0.687114039,unlinked
MarDB_Prochlorococcus_sp_AG-402-K14,MarDB_Pelagibacteraceae_bacterium_AG-426-P20,0,3.259678237,0.69197262,unlinked
MarDB_Pelagibacteraceae_bacterium_AG-365-D07,MarDB_GCA_003602575.1_ASM360257v1,0,2.947152124,0.786419753,unlinked
MAGsDB_DDJU01,MAGsDB_NYTH01,0,2.142430494,0.618759455,unlinked
MarDB_Albimonas_donghaensis_strain_DSM_17890,MAGsDB_NZUZ01,0,1.477646654,0.50918197,unlinked
MarDB_Oceanicola_sp_22II-s11g,MAGsDB_TARA_ASE_MAG_00010,0,1.169541734,0.508272412,unlinked
MAGsDB_DEBL01,MAGsDB_DAGF01,0,2.320447551,0.76372549,unlinked
MAGsDB_DBHK01,MAGsDB_TARA_MED_MAG_00010,0,2.545361034,0.612990528,unlinked
MarDB_Aestuariibacter_aggregatus_CGMCC_1_8995,MAGsDB_DACZ01,0,2.49026133,0.81456241,unlinked
MarDB_Oceanospirillum_beijerinckii,MAGsDB_DLRY01,0,2.16208048,0.640534064,unlinked
MAGsDB_DJKZ01,MarDB_Prochlorococcus_sp_AG-424-P23,0,2.643500574,0.682222222,unlinked
MAGsDB_PBOO01,MAGsDB_DGPX01,0,2.142591615,0.567885117,unlinked
MAGsDB_DAFS01,MAGsDB_PAUB01,0,2.452006227,0.805677925,unlinked
MAGsDB_NHBY01,MAGsDB_TARA_MED_MAG_00012,0,2.481450974,0.645445642,unlinked
MAGsDB_TARA_MED_MAG_00062,MAGsDB_PBRQ01,0,2.893619254,0.711983887,unlinked
MAGsDB_DBUX01,MAGsDB_TARA_PSE_MAG_00111,0,1.29323795,0.518670077,unlinked
MAGsDB_DEBL01,MAGsDB_NZAO01,0,1.951632927,0.658079625,unlinked
MAGsDB_PABM01,MAGsDB_NYVZ01,0,2.984522237,0.691313711,unlinked
MAGsDB_TARA_ANE_MAG_00057,MAGsDB_DKAC01,0,2.655083319,0.642142142,unlinked
MAGsDB_PBYB01,MAGsDB_TARA_RED_MAG_00004,0,1.99595315,0.61431725,unlinked
MarDB_Candidatus_Pelagibacter_ubique_HTCC9022,MarDB_Pelagibacteraceae_bacterium_AG-345-O09,0,0.201112197,0.324519231,unlinked
MarDB_Synechococcus_sp_AG-670-A05,MarDB_Nocardioides_sp_REDSEA-S43_B3,0,2.039438705,0.665110357,unlinked
MAGsDB_NHEI01,MarDB_Alphaproteobacteria_bacterium_UBA3439,0,2.644366268,0.65394949,unlinked
MAGsDB_TARA_RED_MAG_00037,MAGsDB_NZPQ01,0,2.086076509,0.656595003,unlinked
MarDB_Prochlorococcus_sp_AG-363-P06,MAGsDB_TARA_ANE_MAG_00027,0,3.461109205,0.779614325,unlinked
MAGsDB_TARA_ANE_MAG_00004,MarDB_Pelagibacterales_bacterium_MED-G40,0,2.516012417,0.636144578,unlinked
MAGsDB_PBMF01,MarDB_Prochlorococcus_sp_AG-388-D03,0,2.747068227,0.665373961,unlinked
MAGsDB_NZGC01,MAGsDB_DAOU01,0,2.643276354,0.794582393,unlinked
MAGsDB_TARA_RED_MAG_00002,MarDB_Prochlorococcus_sp_AG-347-L21,0,2.974402904,0.67524644,unlinked
MAGsDB_PAZP01,MAGsDB_DEAT01,0,2.219554525,0.615769712,unlinked
MarDB_GCF_003386165.1_ASM338616v1,MAGsDB_TARA_ANE_MAG_00030,0,2.90010115,0.783246569,unlinked
MAGsDB_NZLS01,MarDB_Prochlorococcus_sp_AG-363-O06,0,2.334819924,0.717579251,unlinked
MarDB_Prochlorococcus_sp_AG-409-G20,MarDB_Alphaproteobacteria_bacterium_UBA3439,0,2.425452268,0.678589943,unlinked
MAGsDB_PBSW01,MarRef_Prochlorococcus_marinus_bv_HNLC2,0,2.799528674,0.81540848,unlinked
MarDB_Alphaproteobacteria_bacterium_MarineAlpha5_Bin9,MAGsDB_DCBH01,0,2.771669087,0.644705882,unlinked
MAGsDB_TARA_MED_MAG_00034,MarDB_Mesonia_mobilis,0,2.498478866,0.650309461,unlinked
MarDB_gamma_proteobacterium_HIMB55,MAGsDB_DACC01,0,2.180907227,0.89769821,unlinked
MAGsDB_DBTA01,MarDB_Alphaproteobacteria_bacterium_casp-alpha6,0,2.954132237,0.678633218,unlinked
MAGsDB_DGPN01,MarDB_Sphingomonadaceae_bacterium_MED-G03,0,2.798985427,0.637482253,unlinked
MAGsDB_DLRN01,MAGsDB_PAHA01,0,2.467957032,0.658595642,unlinked
MarDB_Pelagibacteraceae_bacterium_AG-390-A23,MarDB_Aestuariibacter_aggregatus_CGMCC_1_8995,0,2.400809943,0.711060084,unlinked
MAGsDB_TARA_IOS_MAG_00020,MarRef_Alteromonas_australica_H_17,0,2.21580795,0.622396857,unlinked
MAGsDB_PCBE01,MAGsDB_PASS01,0,1.574392207,0.587280702,unlinked
MAGsDB_NHDV01,MAGsDB_PCCQ01,0,2.376303042,0.625,unlinked
MarRef_Alteromonas_sp_SN2,MarDB_Prochlorococcus_sp_AG-388-J02,0,3.04134591,0.672866521,unlinked
MAGsDB_DJKZ01,MAGsDB_PABM01,0,1.908344584,0.620138889,unlinked
MAGsDB_PBSB01,MAGsDB_PBSR01,0,1.756915127,0.688157895,unlinked
MAGsDB_DIHR01,MarDB_Prochlorococcus_sp_AG-670-O17,0,2.742846567,0.670525808,unlinked
MAGsDB_DATY01,MarDB_Roseovarius_mucosus,0,3.063195927,0.823685206,unlinked
MAGsDB_PBAP01,MarDB_Pseudomonas_marincola_strain_JCM_14761,0,2.678210828,0.729577465,unlinked
MAGsDB_DJKX01,MAGsDB_PBJN01,0,2.518462437,0.658115183,unlinked
MAGsDB_TARA_ANE_MAG_00074,MAGsDB_TARA_ION_MAG_00011,0,2.18835735,0.657375145,unlinked
MAGsDB_TARA_PSE_MAG_00059,MarDB_Pelagibacteraceae_bacterium_AG-426-M19,0,2.424900374,0.579639889,unlinked
MarDB_Prochlorococcus_sp_AG-442-B03,MAGsDB_DENU01,0,3.424950774,0.685860889,unlinked
MarRef_Croceibacter_atlanticus_HTCC2559,MarDB_Arcobacter_haliotis_strain_LMG_28652,0,2.66360872,0.618988903,unlinked
MAGsDB_TARA_IOS_MAG_00023,MarDB_Pelagibacteraceae_bacterium_AG-426-P20,0,1.742338537,0.649066909,unlinked
MarDB_GCA_003385605.1_ASM338560v1,MAGsDB_DEAW01,0,2.628306934,0.643092881,unlinked
MAGsDB_NZQZ01,MAGsDB_TARA_IOS_MAG_00020,0,2.16653369,0.598928277,unlinked
MarDB_Vibrio_caribbenthicus_ATCC_BAA2122,MAGsDB_DGJX01,0,2.665892527,0.696122297,unlinked
MAGsDB_PBKW01,MarRef_Synechococcus_sp_KORDI-100,0,2.567028227,0.672799602,unlinked
MAGsDB_PCCU01,MAGsDB_DCBC01,0,2.095017727,0.600539084,unlinked
MarRef_alpha_proteobacterium_HIMB59,MAGsDB_PAPT01,0,1.859424527,0.476062399,unlinked
MarDB_Prochlorococcus_sp_AG-355-P18,MAGsDB_TARA_IOS_MAG_00003,0,3.112382607,0.687960688,unlinked
MAGsDB_DCQR01,MarDB_Roseovarius_mucosus,0,2.460906289,0.655725191,unlinked
MarDB_Thioclava_sp_DLFJ5-1,MAGsDB_DBNK01,0,2.355535967,0.550353654,unlinked
MAGsDB_TARA_PSW_MAG_00023,MAGsDB_DGPR01,0,2.476376114,0.658823529,unlinked
MarDB_Pelagibacteraceae_bacterium_AG-426-M19,MarDB_Prochlorococcus_sp_AG-442-D10,0,3.473658867,0.634615385,unlinked
MAGsDB_NZJW01,MarDB_GCA_003526745.1_ASM352674v1,0,2.329000824,0.702851426,unlinked
MarDB_marine_actinobacterium_MedAcidiG2B,MarRef_Prochlorococcus_marinus_str_MIT_9312,0,2.748497657,0.667590028,unlinked
MAGsDB_TARA_MED_MAG_00127,MAGsDB_NHCZ01,0,2.6940488,0.679273828,unlinked
MAGsDB_PBLJ01,MAGsDB_DAPJ01,0,2.505070927,0.820177731,unlinked
MarDB_Bacteroidetes_bacterium_strain_Sum29NG08_bin36,MAGsDB_DJYV01,0,1.224132227,0.327142857,unlinked
MAGsDB_TARA_RED_MAG_00046,MAGsDB_TARA_PSE_MAG_00050,0,0.6083173,0.264448336,unlinked
MAGsDB_TARA_RED_MAG_00020,MAGsDB_PBTR01,0,2.228798514,0.652689538,unlinked
MarDB_GCA_003444155.1_ASM344415v1,MAGsDB_DBAM01,0,2.228488036,0.645204115,unlinked
MAGsDB_PAPB01,MarDB_gamma_proteobacterium_SCGC_AB-629-P17,0,2.403072227,0.677060134,unlinked
MarDB_Prochlorococcus_sp_AG-355-P16,MAGsDB_DEBD01,0,3.197131227,0.660411899,unlinked
MarDB_Prochlorococcus_sp_AG-363-P06,MarDB_Prochlorococcus_sp_AG-347-I06,0,0.119762227,0.128676471,unlinked
MAGsDB_PAAU01,MAGsDB_DCXX01,0,1.780080817,0.662637363,unlinked
MAGsDB_TARA_MED_MAG_00077,MarRef_Prochlorococcus_marinus_str_NATL1A,0,2.882789098,0.662132753,unlinked
MAGsDB_PBEC01,MarDB_Pelagibacteraceae_bacterium_AG-404-P07,0,3.007452237,0.681065089,unlinked
MarDB_Pseudomonas_oleovorans_MGY01,MarDB_Prochlorococcus_sp_AG-347-L21,0,2.855032993,0.725801123,unlinked
MAGsDB_DEAM01,MAGsDB_PBVQ01,0,2.207457665,0.625157233,unlinked
MAGsDB_DEBO01,MAGsDB_DGPN01,0,2.705072827,0.645562771,unlinked
MAGsDB_PAPG01,MAGsDB_PBGO01,0,2.641325628,0.699741156,unlinked
MarDB_gamma_proteobacterium_SCGC_AB-629-P17,MarDB_Alphaproteobacteria_bacterium_UBA3439,0,1.871716268,0.594986072,unlinked
MAGsDB_NZFW01,MarDB_Pelagibacteraceae_bacterium_AG-390-A23,0,3.185760237,0.684423466,unlinked
MAGsDB_TARA_IOS_MAG_00024,MAGsDB_PAZE01,0,2.550117214,0.654916512,unlinked
MAGsDB_TARA_ANE_MAG_00020,MAGsDB_PACV01,0,2.942035927,0.635160681,unlinked
MAGsDB_DLRR01,MarDB_GCF_003315015.1_ASM331501v1,0,1.627551814,0.652626597,unlinked
MAGsDB_TARA_IOS_MAG_00024,MAGsDB_PAJP01,0,1.916288714,0.674885845,unlinked
MAGsDB_PBOJ01,MAGsDB_NZYO01,0,1.891155934,0.671394799,unlinked
MAGsDB_DACD01,MAGsDB_TARA_MED_MAG_00107,0,2.642582591,0.805847076,unlinked
MAGsDB_TARA_RED_MAG_00039,MarDB_Prochlorococcus_sp_AG-409-A10,0,2.782316614,0.672,unlinked
MAGsDB_PBDC01,MAGsDB_TARA_ANW_MAG_00002,0,1.829892227,0.609469697,unlinked
MAGsDB_DDZS01,MAGsDB_PAOO01,0,1.863912777,0.735416667,unlinked
MarRef_Celeribacter_manganoxidans_strain_DY25,MAGsDB_PBYU01,0,2.308702627,0.562708102,unlinked
MAGsDB_TARA_RED_MAG_00039,MAGsDB_TARA_ION_MAG_00006,0,2.9174695,0.687061823,unlinked
MarDB_Prochlorococcus_sp_AG-347-I15,MAGsDB_PBZE01,0,3.46585565,0.823566478,unlinked
MarDB_SAR116_cluster_bacterium_AG-447-C21,MAGsDB_PBPC01,0,2.233961545,0.665244192,unlinked
MAGsDB_TARA_MED_MAG_00039,MAGsDB_DEAI01,0,2.355415027,0.64584561,unlinked
MAGsDB_DJKX01,MAGsDB_TARA_MED_MAG_00006,0,2.180212417,0.649302326,unlinked
MarRef_Prochlorococcus_sp_MIT_0604,MAGsDB_PBGL02,0,3.477452471,0.797133407,unlinked
MAGsDB_TARA_ANW_MAG_00005,MAGsDB_NZGT01,0,1.984071903,0.592833876,unlinked
MarDB_Prochlorococcus_sp_AG-402-K10,MAGsDB_TARA_ANW_MAG_00034,0,3.378917814,0.677925211,unlinked
MAGsDB_NZGN01,MAGsDB_PAKC01,0,2.552990604,0.667264574,unlinked
MAGsDB_PAIS01,MarDB_Candidatus_Pelagibacter_ubique_SCGC_AAA795-M22,0,1.820962237,0.696384349,unlinked
MAGsDB_DBGJ01,MarDB_Sphingobium_xenophagum_strain_UBA2525,0,2.54551926,0.682926829,unlinked
MarDB_Prochlorococcus_sp_AG-388-E21,MAGsDB_DGJX01,0,3.325708227,0.660292463,unlinked
MarDB_GCA_003331265.1_ASM333126v1,MAGsDB_PASN01,0,2.559853014,0.635276532,unlinked
MAGsDB_TARA_MED_MAG_00040,MAGsDB_TARA_PSE_MAG_00073,0,2.94436601,0.675123326,unlinked
MAGsDB_TARA_IOS_MAG_00011,MarDB_GCF_003730275.1_ASM373027v1,0,2.763550843,0.647690154,unlinked
MAGsDB_TARA_MED_MAG_00094,MarDB_Sphingomonadaceae_bacterium_MED-G03,0,2.390308314,0.647826087,unlinked
MarDB_GCA_003526745.1_ASM352674v1,MarDB_Synechococcus_sp_AG-673-F03,0,2.080916824,0.679245283,unlinked
MarDB_Prochlorococcus_marinus_SCGC_AAA795-J16,MAGsDB_TARA_MED_MAG_00012,0,3.228930974,0.654857756,unlinked
MarDB_Synechococcus_sp_AG-670-B23,MAGsDB_TARA_PSW_MAG_00047,0,2.693377069,0.684798446,unlinked
MAGsDB_TARA_PSW_MAG_00054,MAGsDB_PADB01,0,2.541664354,0.656908064,unlinked
MarRef_Alteromonas_sp_SN2,MAGsDB_NHER01,0,2.411702331,0.678687342,unlinked
MAGsDB_NHEI01,MarDB_Prochlorococcus_marinus_MIT_9107,0,3.279518227,0.644086619,unlinked
MarRef_Alteromonas_sp_SN2,MAGsDB_NHBR01,0,2.614283921,0.587826087,unlinked
MAGsDB_DGJX01,MAGsDB_TARA_ION_MAG_00015,0,2.77839731,0.676455948,unlinked
MAGsDB_PAAR01,MarDB_Candidatus_Thioglobus_sp_REDSEA-S12_B1,0,2.087142227,0.643702906,unlinked
MAGsDB_DAGO01,MarDB_Thalassobium_sp_strain_NORP79,0,2.468827342,0.829355609,unlinked
MAGsDB_DBIA01,MAGsDB_TARA_RED_MAG_00091,0,2.326171347,0.634146341,unlinked
MAGsDB_TARA_RED_MAG_00033,MarDB_Alphaproteobacteria_bacterium_UBA3437,0,2.089096069,0.638646848,unlinked
MAGsDB_DKNM01,MarRef_Celeribacter_manganoxidans_strain_DY25,0,2.591125191,0.632495948,unlinked
MAGsDB_DDDN01,MAGsDB_DDIN01,0,2.56710561,0.533707865,unlinked
MAGsDB_DATW01,MAGsDB_PBVJ01,0,3.295946747,0.773651016,unlinked
MarDB_Prochlorococcus_sp_AG-673-L20,MAGsDB_NZFU01,0,3.294033227,0.816831683,unlinked
MarDB_Prochlorococcus_sp_AG-670-O07,MAGsDB_NYWG01,0,2.831166144,0.663032706,unlinked
MarDB_GCF_003326695.1_ASM332669v1,MAGsDB_TARA_ION_MAG_00033,0,2.701353198,0.832773423,unlinked
MarDB_Prochlorococcus_sp_AG-402-G06,MAGsDB_NHBO01,0,2.752458227,0.688,unlinked
MarRef_Synechococcus_sp_KORDI-100,MAGsDB_TARA_PSE_MAG_00013,0,2.662118227,0.634156729,unlinked
MAGsDB_DJKX01,MarDB_Citreicella_sp_SE45,0,2.71273875,0.700253715,unlinked
MAGsDB_TARA_PON_MAG_00029,MarRef_Alteromonas_sp_MB-3u-76,0,2.194647074,0.638321995,unlinked
MarDB_Pseudoalteromonas_sp_SCSIO_11900,MAGsDB_DLTS01,0,2.245559038,0.674418605,unlinked
MarDB_Pelagibacteraceae_bacterium_AG-333-C14,MAGsDB_PAYP01,0,2.260190909,0.700791296,unlinked
MAGsDB_TARA_ASW_MAG_00018,MAGsDB_TARA_ASE_MAG_00006,0,2.51512719,0.676298157,unlinked
MarDB_Oceanobacter_sp_strain_NORP38,MAGsDB_PAHN01,0,2.629873957,0.673246535,unlinked
MAGsDB_DCXX01,MarDB_Prochlorococcus_sp_AG-347-J22,0,2.731066817,0.706809229,unlinked
MAGsDB_PBNK01,MAGsDB_NZTV01,0,2.654622227,0.689170183,unlinked
MAGsDB_NHCB01,MAGsDB_TARA_RED_MAG_00018,0,2.196638814,0.813978495,unlinked
MarDB_Euryarchaeota_archaeon_strain_RS392,MarDB_Synechococcus_sp_WH7805,0,2.916396227,0.814725698,unlinked
MAGsDB_DATW01,MarDB_Synechococcus_sp_CC9616,0,2.877719142,0.811171527,unlinked
MarDB_Prochlorococcus_sp_AG-347-K19,MAGsDB_TARA_PSW_MAG_00077,0,3.055955644,0.668098818,unlinked
MAGsDB_TARA_PSW_MAG_00023,MAGsDB_DJZY01,0,1.992316114,0.610330579,unlinked
MarDB_GCA_003444155.1_ASM344415v1,MAGsDB_TARA_PSE_MAG_00022,0,1.990306904,0.625416821,unlinked
MAGsDB_PAYI01,MAGsDB_TARA_MED_MAG_00011,0,3.263286573,0.627851711,unlinked
MAGsDB_NZQZ01,MAGsDB_TARA_IOS_MAG_00017,0,2.471630804,0.588167939,unlinked
MAGsDB_NYTV01,MAGsDB_TARA_PSE_MAG_00111,0,1.535573134,0.553726566,unlinked
MAGsDB_TARA_IOS_MAG_00067,MarDB_Prochlorococcus_sp_AG-436-O11,0,2.944421906,0.724256786,unlinked
MAGsDB_TARA_ION_MAG_00001,MAGsDB_NHCB01,0,2.014257305,0.576590331,unlinked
MarDB_Prochlorococcus_sp_AG-402-M23,MAGsDB_TARA_ION_MAG_00016,0,2.962888227,0.678463094,unlinked
MarRef_alpha_proteobacterium_HIMB59,MAGsDB_PBVL01,0,2.382856027,0.643100511,unlinked
MAGsDB_NZRP01,MAGsDB_DLCH01,0,2.860504227,0.670185811,unlinked
MarDB_Bacteroidetes_bacterium_strain_Spr30G08_bin33,MAGsDB_PANE01,0,2.786062227,0.627317956,unlinked
MAGsDB_TARA_PSE_MAG_00022,MarRef_Vibrionaceae_bacterium_NSCS20N07D,0,0.688842227,0.550640279,unlinked
MAGsDB_PBGD01,MarDB_marine_actinobacterium_MedAcidiG2B,0,2.525422057,0.703604806,unlinked
MarDB_Joostella_marina,MAGsDB_DKQR01,0,1.979552303,0.641940086,unlinked
MarDB_Candidatus_Thioglobus_sp_MED-G25,MarRef_Alteromonas_australica_H_17,0,1.304790397,0.637931034,unlinked
MAGsDB_NZLE01,MarDB_Salegentibacter_mishustinae_strain_DSM_23404_1,0,2.602717758,0.617059891,unlinked
MAGsDB_PACG01,MAGsDB_DAVD01,0,2.322412827,0.797927461,unlinked
MarDB_Pelagibacteraceae_bacterium_AG-325-C10,MAGsDB_PBKX01,0,3.335779824,0.715614618,unlinked
MarRef_Prochlorococcus_marinus_bv_HNLC2,MarDB_Synechococcus_sp_WH7805,0,0.868554487,0.307783019,unlinked
MAGsDB_NHDL01,MAGsDB_PBOV01,0,2.21477677,0.657290471,unlinked
MarDB_Prochlorococcus_sp_AG-347-J21,MAGsDB_TARA_ANW_MAG_00026,0,3.142284611,0.635209713,unlinked
MAGsDB_TARA_PSW_MAG_00002,MAGsDB_PAVC01,0,2.242821227,0.683098592,unlinked
MarDB_Candidatus_Marinamargulisbacteria_bacterium_SCGC_AG-343-D04,MarDB_Prochlorococcus_sp_AG-409-L18,0,1.746238227,0.647129187,unlinked
MAGsDB_PBLS01,MAGsDB_DDIH01,0,0.966647734,0.533705018,unlinked
MAGsDB_DKPV01,MarDB_GCF_900473895.1_N32,0,2.592008469,0.637033625,unlinked
MAGsDB_NZRR01,MAGsDB_TARA_PON_MAG_00039,0,2.612284304,0.805614407,unlinked
MAGsDB_DEAM01,MAGsDB_PAFO01,0,2.105227365,0.594401042,unlinked
MAGsDB_DCKY01,MAGsDB_TARA_ANW_MAG_00031,0,2.384727694,0.640071717,unlinked
MarDB_Candidatus_Pelagibacter_ubique_SCGC_AAA795-D22,MAGsDB_TARA_RED_MAG_00031,0,2.836791414,0.668097282,unlinked
MarDB_OM182_bacterium_MED-G28,MAGsDB_DDEH01,0,2.712972227,0.632683658,unlinked
MAGsDB_DGAM01,MAGsDB_DALI01,0,2.635647027,0.822739018,unlinked
MAGsDB_TARA_RED_MAG_00021,MarDB_Citromicrobium_sp_JLT1363,0,2.703012954,0.826450116,unlinked
MAGsDB_PBYS01,MAGsDB_DCQR01,0,0.148887589,0.394300518,unlinked
MAGsDB_NYUA01,MAGsDB_TARA_PSW_MAG_00037,0,2.162329834,0.598587998,unlinked
MarRef_Idiomarina_sp_OT37-5b_MMP08606195,ProGenomes_309800_PRJNA12524,0,2.265486057,0.79481398,unlinked
MarDB_GCA_003444815.1_ASM344481v1,MAGsDB_TARA_PSW_MAG_00037,0,2.148916099,0.643740722,unlinked
MarDB_Marinobacter_sp_ES1,MAGsDB_DEAT01,0,2.159267412,0.646713615,unlinked
MarDB_Prochlorococcus_sp_AG-402-G10,MAGsDB_TARA_PSW_MAG_00021,0,2.229919744,0.688737624,unlinked
MarDB_Aestuariibacter_aggregatus_CGMCC_1_8995,MAGsDB_NYVY01,0,1.541771413,0.648018648,unlinked
MAGsDB_DLRM01,MAGsDB_PAQX01,0,2.120742303,0.633692458,unlinked
MarDB_SAR116_cluster_bacterium_AG-447-A06,MarDB_GCA_003331305.1_ASM333130v1,0,2.662283801,0.671166307,unlinked
MAGsDB_DBNJ01,MarDB_Acidimicrobiales_bacterium_AG-414-N20,0,2.471073143,0.701251514,unlinked
MAGsDB_NZKO01,MAGsDB_TARA_PSE_MAG_00001,0,1.908415327,0.590050668,unlinked
MAGsDB_NYTS01,MarDB_Prochlorococcus_sp_AG-442-D10,0,2.649507607,0.681528662,unlinked
MarDB_Alphaproteobacteria_bacterium_MarineAlpha5_Bin7,MAGsDB_DBVI01,0,2.149767424,0.662054284,unlinked
MarDB_Pelagibacteraceae_bacterium_AG-430-P08,MAGsDB_DEXT01,0,2.381048944,0.653639472,unlinked
MAGsDB_PBCY01,MAGsDB_TARA_ANW_MAG_00026,0,1.188038614,0.456187291,unlinked
MAGsDB_DBVB01,MAGsDB_PAHL01,0,1.643726457,0.533829499,unlinked
MAGsDB_TARA_MED_MAG_00060,MAGsDB_TARA_PON_MAG_00015,0,1.97119216,0.785579642,unlinked
MAGsDB_TARA_MED_MAG_00014,MarDB_Flavobacterium_sp_SCGC_AAA160-P02,0,2.380009003,0.63064659,unlinked
MAGsDB_PAMZ01,MarDB_Prochlorococcus_sp_AG-347-G22,0,2.724968227,0.70452358,unlinked
MarDB_Candidatus_Thioglobus_sp_REDSEA-S12_B1,MAGsDB_PBOA01,0,2.497422027,0.650758001,unlinked
MAGsDB_NHEH01,MAGsDB_TARA_PSE_MAG_00018,0,1.861605388,0.606350806,unlinked
MAGsDB_NZAO01,MarDB_Prochlorococcus_sp_AG-355-I04,0,3.001398927,0.622764228,unlinked
MAGsDB_TARA_MED_MAG_00023,MAGsDB_TARA_MED_MAG_00035,0,2.6093956,0.639393939,unlinked
MAGsDB_TARA_PSW_MAG_00059,MarDB_Prochlorococcus_sp_AG-424-P18,0,3.092438496,0.665124349,unlinked
MAGsDB_NHDG01,MarDB_GCA_003504155.1_ASM350415v1,0,2.088441222,0.668932427,unlinked
MAGsDB_PCBC01,MarDB_Pelagibacteraceae_bacterium_AG-430-I06,0,2.047315814,0.746779661,unlinked
MarDB_Pelagibacteraceae_bacterium_AG-422-D23,MAGsDB_NZIR01,0,1.131398424,0.340548341,unlinked
MarDB_Prochlorococcus_sp_AG-388-A01,MAGsDB_TARA_MED_MAG_00075,0,3.559885108,0.81685196,unlinked
MAGsDB_NZFW01,MAGsDB_TARA_PSE_MAG_00077,0,3.161769274,0.649020646,unlinked
MAGsDB_TARA_ANW_MAG_00042,MAGsDB_PBHD01,0,2.779561914,0.610412926,unlinked
MarDB_GCA_003331935.1_ASM333193v1,MAGsDB_PAHQ01,0,3.127601864,0.673017508,unlinked
MAGsDB_TARA_ANE_MAG_00043,MAGsDB_NZVD01,0,2.682881274,0.671619614,unlinked
MAGsDB_PBEW01,MarDB_Prochlorococcus_sp_AG-347-J22,0,3.016447314,0.68227623,unlinked
MarDB_GCA_003491725.1_ASM349172v1,MAGsDB_DEBD01,0,2.585076404,0.549490835,unlinked
MAGsDB_DCQE01,MAGsDB_NHCT01,0,2.093181174,0.638286894,unlinked
MarDB_Candidatus_Pelagibacter_sp_HTCC7211,MAGsDB_TARA_PSE_MAG_00018,0,2.920735368,0.645598194,unlinked
MarDB_Synechococcus_sp_AG-679-B05,MAGsDB_TARA_PSW_MAG_00093,0,1.593891642,0.661329452,unlinked
MAGsDB_PAVC01,MAGsDB_TARA_MED_MAG_00090,0,2.161274964,0.616507937,unlinked
MAGsDB_PAMH01,MAGsDB_TARA_RED_MAG_00055,0,2.160859324,0.797032326,unlinked
MAGsDB_DACC01,MarDB_Prochlorococcus_sp_AG-402-K21,0,2.911463227,0.877707006,unlinked
MAGsDB_TARA_PSW_MAG_00022,MAGsDB_PBID01,0,2.010910034,0.727653631,unlinked
MAGsDB_TARA_PON_MAG_00016,MAGsDB_DDIH01,0,2.95192058,0.64610951,unlinked
MAGsDB_DEYT01,MarDB_Pelagibacterales_bacterium_MED-G40,0,2.637482417,0.659977064,unlinked
MarDB_GCA_003513555.1_ASM351355v1,MarDB_Prochlorococcus_sp_AG-311-J23,0,2.687810468,0.707114797,unlinked
MAGsDB_PACV01,MAGsDB_DALZ01,0,3.040833427,0.787206266,unlinked
MAGsDB_PAYK01,MAGsDB_PBCF01,0,2.543749185,0.631173829,unlinked
MAGsDB_DEYK01,MAGsDB_NHBH01,0,2.224665254,0.622641509,unlinked
MAGsDB_PAHB01,MAGsDB_TARA_IOS_MAG_00016,0,2.221408924,0.628687102,unlinked
MAGsDB_TARA_PSW_MAG_00046,MAGsDB_PBDA01,0,1.512623478,0.595786963,unlinked
MAGsDB_PBAZ01,MarDB_Acidimicrobiales_bacterium_MED-G01,0,1.434608238,0.616862988,unlinked
MAGsDB_PCAM01,MAGsDB_NYUE01,0,1.962830114,0.66100823,unlinked
MAGsDB_TARA_MED_MAG_00094,MAGsDB_DCWQ01,0,2.321018914,0.720129171,unlinked
MAGsDB_PBRM01,MAGsDB_PABS01,0,2.255672227,0.656382079,unlinked
MAGsDB_PBVT01,MAGsDB_PADB01,0,1.695471227,0.607809111,unlinked
MarDB_Prochlorococcus_sp_AG-402-I21,MAGsDB_DBZA01,0,2.530871343,0.633515664,unlinked
MarDB_Prochlorococcus_sp_AG-355-N18,MAGsDB_NYTS01,0,2.618688227,0.690237226,unlinked
MarDB_Prochlorococcus_sp_AG-418-F08,MAGsDB_TARA_PSW_MAG_00020,0,2.948397114,0.734658298,unlinked
MAGsDB_NZHT01,MAGsDB_PANZ01,0,2.524197786,0.6504329,unlinked
MAGsDB_PABM01,MAGsDB_NZNM01,0,2.454442237,0.676659529,unlinked
MarDB_Pelagibacteraceae_bacterium_AG-325-E08,MAGsDB_PBRC01,0,2.351451727,0.666666667,unlinked
MAGsDB_PBLI01,MarDB_Colwellia_polaris_MCCC1C00015,0,2.070185627,0.639880952,unlinked
MAGsDB_PBFL01,MAGsDB_TARA_MED_MAG_00082,0,2.791137701,0.639186296,unlinked
MAGsDB_DAFS01,MarRef_Candidatus_Thioglobus_singularis,0,2.654755114,0.790412486,unlinked
MAGsDB_DACD01,MAGsDB_NZKE01,0,2.271709801,0.818480044,unlinked
MAGsDB_TARA_PSW_MAG_00077,MarDB_Nitrosopumilus_sp_Nsub,0,2.145101602,0.818572195,unlinked
MAGsDB_DJYV01,MarDB_Alcanivorax_sp_P2S70,0,2.706492227,0.658720201,unlinked
MAGsDB_NHEZ01,MAGsDB_NZIP01,0,2.957162227,0.68190018,unlinked
MAGsDB_NZAM01,MarDB_Oceanicaulis_sp_HTCC2633,0,1.204461561,0.426733084,unlinked
MAGsDB_TARA_PSE_MAG_00068,MAGsDB_TARA_ION_MAG_00038,0,2.5740708,0.660387812,unlinked
MAGsDB_TARA_PSW_MAG_00058,MarDB_Alphaproteobacteria_bacterium_MarineAlpha9_Bin4,0,2.12286404,0.686256363,unlinked
MAGsDB_DBGJ01,MAGsDB_PATA01,0,2.754473924,0.666062802,unlinked
MAGsDB_PCAM01,MAGsDB_DKQU01,0,1.814255627,0.677474403,unlinked
MarDB_Pelagibacteraceae_bacterium_AG-325-C10,MAGsDB_PAIZ01,0,2.98229531,0.698442368,unlinked
MarDB_GCA_003513555.1_ASM351355v1,MarDB_Prochlorococcus_sp_AG-347-K17,0,2.905980578,0.676784951,unlinked
MarDB_GCA_003331225.1_ASM333122v1,MarDB_OCS116_cluster_bacterium_AG-390-A19,0,2.764234407,0.663198248,unlinked
MarDB_Pseudoalteromonas_sp_H105,MarDB_Pelagibacteraceae_bacterium_AG-426-P20,0,2.390502237,0.718967636,unlinked
MAGsDB_NZLE01,MarDB_GCF_003634925.1_ASM363492v1,0,2.745959638,0.656862745,unlinked
MarDB_Rhodobacteraceae_bacterium_O3.65,MarDB_Bacteroidetes_bacterium_SCGC_AAA795-G10,0,3.319662227,0.683085147,unlinked
MAGsDB_DKPV01,MAGsDB_NZGT01,0,2.269351903,0.618117229,unlinked
MAGsDB_NYYJ01,MAGsDB_NYSW01,0,1.96241481,0.598188751,unlinked
MarDB_GCA_003447535.1_ASM344753v1,MAGsDB_TARA_RED_MAG_00043,0,1.985486934,0.598662207,unlinked
MAGsDB_TARA_PSE_MAG_00013,MAGsDB_TARA_RED_MAG_00018,0,2.714418814,0.843520782,unlinked
MAGsDB_TARA_PSW_MAG_00017,MAGsDB_PBMH01,0,2.391698314,0.691654357,unlinked
MAGsDB_DKAI01,MarDB_GCA_003671475.1_ASM367147v1,0,1.558141489,0.633030853,unlinked
MarDB_Alteromonas_sp_W12,MarDB_GCA_003331225.1_ASM333122v1,0,2.290092204,0.673718179,unlinked
MAGsDB_NZPK01,MAGsDB_DJLW01,0,2.144905187,0.674726105,unlinked
MAGsDB_DIIG01,MAGsDB_DEBC01,0,2.312800227,0.586546701,unlinked
MAGsDB_TARA_PSE_MAG_00006,MAGsDB_NZGT01,0,2.216150389,0.627526882,unlinked
MAGsDB_DKQG01,MAGsDB_TARA_PSW_MAG_00020,0,0.730271964,0.485652798,unlinked
MarDB_Prochlorococcus_sp_AG-412-J13,MAGsDB_NZXX01,0,2.582538178,0.689142857,unlinked
MAGsDB_PBFG01,MarDB_Pelagibacteraceae_bacterium_AG-359-O02,0,2.87166365,0.649307844,unlinked
MAGsDB_DKOK01,MarRef_Candidatus_Thioglobus_singularis_PS1,0,2.770684557,0.668613914,unlinked
MAGsDB_TARA_MED_MAG_00043,MAGsDB_DIHR01,0,2.447645114,0.645408163,unlinked
MAGsDB_DAPP01,MAGsDB_TARA_ION_MAG_00006,0,3.094156114,0.766917293,unlinked
MarDB_SAR406_cluster_bacterium_SCGC_AAA298-D23,MAGsDB_PBWH01,0,2.020982577,0.718008376,unlinked
MAGsDB_DDNL01,MAGsDB_PARL01,0,2.066742247,0.709401709,unlinked
MAGsDB_TARA_ANE_MAG_00001,MAGsDB_PATA01,0,2.876076914,0.641717116,unlinked
MAGsDB_DGPR01,MAGsDB_NYYJ01,0,2.268096227,0.658017644,unlinked
MarRef_Pseudodesulfovibrio_profundus_strain_500-1,MAGsDB_TARA_PSE_MAG_00050,0,2.252297474,0.695772059,unlinked
MAGsDB_PBVQ01,MAGsDB_TARA_PSW_MAG_00036,0,3.180980214,0.63022942,unlinked
MAGsDB_TARA_ANW_MAG_00004,MAGsDB_NZUK01,0,2.618462627,0.663509472,unlinked
MAGsDB_PACX01,MarDB_Hyphomonas_sp_CY54-11-8,0,3.064128737,0.630721831,unlinked
MAGsDB_TARA_MED_MAG_00003,MAGsDB_DGAM01,0,0.826632988,0.473807297,unlinked
MAGsDB_NZHT01,MAGsDB_PBFM01,0,2.006027786,0.59921744,unlinked
MAGsDB_PBDC01,MAGsDB_DGPK01,0,2.591702227,0.707317073,unlinked
MarDB_Citromicrobium_sp_JLT1363,MAGsDB_PBOV01,0,1.274877297,0.590036563,unlinked
MAGsDB_DHZF01,MAGsDB_PAVC01,0,2.834009327,0.721075372,unlinked
MarDB_Oceanicola_sp_22II-s11g,MAGsDB_DFLU01,0,3.037933105,0.631463146,unlinked
MarDB_Prochlorococcus_sp_AG-402-B19,MAGsDB_DEAI01,0,2.590204927,0.724272931,unlinked
MAGsDB_PAQV01,MAGsDB_DBNK01,0,2.321702227,0.558891455,unlinked
MAGsDB_PBGY01,MAGsDB_NYVM01,0,1.744584614,0.502151199,unlinked
MarDB_Pelagibacteraceae_bacterium_AG-430-P08,MarRef_Sulfitobacter_sp_SK025,0,2.26680666,0.644424934,unlinked
MarDB_GCA_003331265.1_ASM333126v1,MAGsDB_TARA_RED_MAG_00014,0,2.72650113,0.659534298,unlinked
MarRef_Tistrella_mobilis_KA081020-065,MAGsDB_TARA_ASE_MAG_00006,0,1.794386697,0.563630593,unlinked
MAGsDB_PAXU01,MAGsDB_PBZM01,0,2.165962227,0.670232558,unlinked
MAGsDB_PAHI01,MAGsDB_DEAN01,0,1.717980146,0.607630979,unlinked
MAGsDB_NZHK01,MarDB_Acinetobacter_venetianus_CIP_110063,0,2.394772144,0.691552901,unlinked
MarDB_Vibrio_caribbenthicus_ATCC_BAA2122,MAGsDB_PBVH01,0,2.648134242,0.698701299,unlinked
MarDB_Flavobacterium_sp_SCGC_AAA160-P02,MAGsDB_DALZ01,0,3.114567327,0.779898933,unlinked
MAGsDB_DLRR01,MAGsDB_PAHA01,0,1.929769032,0.613823368,unlinked
MarDB_Prochlorococcus_sp_AG-347-K10,MarDB_Prochlorococcus_sp_scB243_495L20,0,0.026706282,0.156086632,unlinked
MAGsDB_DAFX01,MAGsDB_PAAR01,0,2.604637227,0.802178899,unlinked
MarDB_Prochlorococcus_sp_AG-402-O21,MAGsDB_DGLO01,0,2.417450381,0.65885947,unlinked
MarDB_Pseudoalteromonas_lipolytica_UCD-48B,MAGsDB_PAPO01,0,2.190864327,0.721369961,unlinked
MAGsDB_PAQH01,MAGsDB_DDEH01,0,2.585022227,0.68779124,unlinked
MarRef_Synechococcus_sp_WH_8020,MAGsDB_DACZ01,0,2.778219624,0.788048553,unlinked
MarDB_Prochlorococcus_sp_AG-686-J21,MarDB_Prochlorococcus_sp_AG-402-M23,0,0.693290107,0.268960674,unlinked
MarDB_Prochlorococcus_sp_AG-436-A04,MarDB_Vibrio_cyclitrophicus_FF75_2,0,2.926762632,0.726174497,unlinked
MarDB_Psychrobacter_pacificensis_strain_DSM_23406,MarDB_Zunongwangia_mangrovi_strain_DSM_24499,0,2.591215826,0.576923077,unlinked
MAGsDB_TARA_RED_MAG_00091,MAGsDB_TARA_ANE_MAG_00009,0,1.0593911,0.615835777,unlinked
MarDB_Prochlorococcus_sp_AG-402-O21,MAGsDB_NZFP01,0,3.102700281,0.61751663,unlinked
MAGsDB_TARA_PSE_MAG_00011,MAGsDB_NZHE01,0,1.812116314,0.471297359,unlinked
MarRef_Halioglobus_japonicus_NBRC_107739,MarDB_Prochlorococcus_sp_AG-418-C09,0,2.814290627,0.673084801,unlinked
MAGsDB_PBYS01,MAGsDB_NHEN01,0,1.101272227,0.538145272,unlinked
MarDB_SAR406_cluster_bacterium_SCGC_AAA160-I06,MAGsDB_TARA_ANE_MAG_00004,0,1.790460127,0.584093872,unlinked
MarDB_GCF_003576595.1_ASM357659v1,MAGsDB_PAUB01,0,1.960629594,0.621056632,unlinked
MarDB_Vibrio_sp_10N_286_48_B8,MAGsDB_DLTS01,0,2.174614528,0.70516129,unlinked
MAGsDB_TARA_ANE_MAG_00028,MarDB_Vibrio_splendidus_strain_UCD-FRSSP16_15,0,2.832248108,0.774923961,unlinked
MarDB_Prochlorococcus_sp_AG-347-M15,MarDB_GCF_003315015.1_ASM331501v1,0,2.767025811,0.658153242,unlinked
MAGsDB_PAAR01,MAGsDB_NYVR01,0,2.342925227,0.651209677,unlinked
MAGsDB_PASM01,MAGsDB_DAVD01,0,3.213241627,0.777408638,unlinked
MAGsDB_TARA_PSW_MAG_00113,MAGsDB_DBSX01,0,2.418163556,0.626851409,unlinked
MAGsDB_PBLC01,MarDB_Candidatus_Pelagibacter_ubique_SCGC_AAA795-F16,0,3.325343164,0.69454817,unlinked
MAGsDB_TARA_RED_MAG_00086,MarDB_Synechococcus_sp_BL107,0,2.700209322,0.626518219,unlinked
MAGsDB_DBSW01,MAGsDB_PBEF01,0,2.433769417,0.689570552,unlinked
MarDB_Pelagibacteraceae_bacterium_AG-447-N18,MAGsDB_DGNA01,0,3.152525354,0.682926829,unlinked
MarDB_Sphingobium_xenophagum_strain_UBA2525,MarDB_Synechococcus_sp_AG-679-C18,0,2.570749764,0.657032755,unlinked
MarDB_Pelagibacteraceae_bacterium_AG-404-P08,MAGsDB_TARA_PSE_MAG_00111,0,2.216543134,0.634654472,unlinked
MAGsDB_PAXI01,MAGsDB_NYWV01,0,2.704453427,0.666087963,unlinked
MarDB_Synechococcus_sp_RS9916,MAGsDB_PBRG01,0,2.360038257,0.670740741,unlinked
MarDB_Prochlorococcus_sp_AG-442-B03,MAGsDB_PASJ01,0,2.136008227,0.699110122,unlinked
MarRef_Gramella_flava_JLT2011,MAGsDB_PACQ01,0,2.575857027,0.618281536,unlinked
MAGsDB_DGAM01,MAGsDB_DGOW01,0,2.138548765,0.588152985,unlinked
MarDB_Prochlorococcus_sp_AG-388-A04,MAGsDB_PBLO01,0,3.124140027,0.691849817,unlinked
MAGsDB_PAQV01,MAGsDB_NZWH01,0,2.529832227,0.727095517,unlinked
MarRef_Prochlorococcus_marinus_AS9601,MAGsDB_PBNV01,0,2.985728227,0.651535993,unlinked
MarDB_Pelagibacteraceae_bacterium_AG-365-D07,MAGsDB_DAHO01,0,2.811708247,0.794433903,unlinked
MarDB_Citreicella_sp_SE45,MAGsDB_TARA_PSE_MAG_00058,0,2.872467126,0.677364288,unlinked
MAGsDB_TARA_PSW_MAG_00028,MarDB_GCA_003520025.1_ASM352002v1,0,1.610693088,0.684903332,unlinked
MAGsDB_PAQV01,MAGsDB_DJHS01,0,2.566815125,0.692009856,unlinked
MAGsDB_TARA_PON_MAG_00016,MAGsDB_TARA_MED_MAG_00082,0,2.719163541,0.65923913,unlinked
MarDB_Prochlorococcus_sp_AG-363-C02,MAGsDB_NZGS01,0,2.946876147,0.678798908,unlinked
MarDB_Vibrio_sp_10N_286_48_B8,MarDB_Joostella_marina,0,2.492938928,0.626342388,unlinked
MarDB_Rhodobacteraceae_bacterium_SB2,MarDB_Prochlorococcus_sp_AG-363-O06,0,2.953788227,0.686736842,unlinked
MAGsDB_PANE01,MAGsDB_NZFK01,0,2.033952227,0.686689092,unlinked
MAGsDB_TARA_ION_MAG_00038,MAGsDB_NZWH01,0,2.408516014,0.602359473,unlinked
MAGsDB_DJKZ01,MAGsDB_NHER01,0,2.054780574,0.695514512,unlinked
MAGsDB_TARA_MED_MAG_00044,MAGsDB_DJHS01,0,1.286827341,0.539120503,unlinked
MAGsDB_NYYE01,ProGenomes_309800_PRJNA12524,0,2.897910357,0.803597472,unlinked
MAGsDB_NYVG01,MAGsDB_DHZO01,0,2.381866144,0.537961835,unlinked
MAGsDB_TARA_PON_MAG_00002,MarDB_GCA_003385605.1_ASM338560v1,0,1.939336934,0.618354785,unlinked
MAGsDB_TARA_ION_MAG_00023,MAGsDB_PATE01,0,2.125537644,0.633345108,unlinked
MAGsDB_TARA_ION_MAG_00001,MAGsDB_NZUK01,0,2.789387705,0.633640553,unlinked
MAGsDB_DGOW01,MAGsDB_DDEH01,0,2.167658965,0.559466667,unlinked
MarDB_Pelagibacteraceae_bacterium_AG-390-C22,MarDB_Prochlorococcus_sp_AG-409-M05,0,2.740389367,0.666473318,unlinked
MarDB_GCA_003444075.1_ASM344407v1,MAGsDB_DKAL01,0,2.253470633,0.668853893,unlinked
MAGsDB_TARA_PSE_MAG_00032,MAGsDB_DCWU01,0,2.43911705,0.670718232,unlinked
MAGsDB_DAMU01,MAGsDB_NZVE01,0,2.848117227,0.785152409,unlinked
MAGsDB_NZGT01,MarDB_Prochlorococcus_sp_AG-355-N16,0,2.742467903,0.684534271,unlinked
MAGsDB_PAHI01,MAGsDB_TARA_ANW_MAG_00034,0,2.218671508,0.531271478,unlinked
MAGsDB_NZIJ01,MAGsDB_PAPJ01,0,2.450422227,0.634223631,unlinked
MarRef_Alteromonas_mediterranea_strain_AR43,MAGsDB_PAJA01,0,1.926560784,0.663770306,unlinked
MAGsDB_NZIQ01,MarDB_SAR116_cluster_bacterium_AG-447-A06,0,2.755074427,0.668028601,unlinked
MarDB_Pacificimonas_flava_JLT2012,MarDB_GCF_003315015.1_ASM331501v1,0,2.541859814,0.625634518,unlinked
MarDB_Prochlorococcus_sp_AG-402-B19,MAGsDB_NZIJ01,0,2.900884927,0.669068451,unlinked
MAGsDB_DJKX01,MAGsDB_PCAK01,0,1.656072437,0.580661578,unlinked
MarRef_Alteromonas_sp_RKMC_009,MAGsDB_DDDX01,0,1.024607524,0.50965251,unlinked
MAGsDB_PBNM01,MAGsDB_NHEC01,0,2.19523386,0.711678832,unlinked
MAGsDB_DAZU01,MAGsDB_PBSY01,0,2.346769001,0.793522267,unlinked
MAGsDB_PBKK01,MAGsDB_DKOK01,0,2.96631031,0.680538556,unlinked
MarDB_Pelagibacteraceae_bacterium_AG-461-B04,MAGsDB_TARA_RED_MAG_00047,0,2.245273614,0.675903614,unlinked
MAGsDB_PBNO01,MAGsDB_PBLL01,0,2.751792227,0.695275249,unlinked
MAGsDB_TARA_RED_MAG_00092,MAGsDB_NZHE01,0,2.026922374,0.577275175,unlinked
MarDB_Alphaproteobacteria_bacterium_MarineAlpha5_Bin7,MarRef_Synechococcus_sp_CC9311,0,2.532028227,0.669117647,unlinked
MarDB_Nitrosopelagicus_sp_REDSEA-S31_B2,MAGsDB_PBJS01,0,1.853020773,0.813094572,unlinked
MAGsDB_PBVT01,MAGsDB_PARQ01,0,1.948301227,0.620428189,unlinked
MarDB_Prochlorococcus_sp_AG-388-A04,MAGsDB_PBEP01,0,2.805753227,0.705237515,unlinked
MAGsDB_NYSL01,MAGsDB_NYYJ01,0,2.589256027,0.664907652,unlinked
MAGsDB_NZNH01,MAGsDB_PBIX01,0,2.119021091,0.675942549,unlinked
MAGsDB_TARA_MED_MAG_00003,MAGsDB_PBBS01,0,2.123823188,0.694444444,unlinked
MAGsDB_DELD01,MAGsDB_DLRR01,0,1.719774227,0.638255699,unlinked
MAGsDB_DCWU01,MAGsDB_PBZE01,0,2.941285937,0.802604524,unlinked
MarDB_Prochlorococcus_sp_AG-402-G06,MAGsDB_PAPD01,0,2.934668227,0.693159923,unlinked
MAGsDB_PBWJ01,MAGsDB_PBJS01,0,2.637805547,0.668269231,unlinked
MAGsDB_TARA_PON_MAG_00013,MAGsDB_DBHQ01,0,1.419160774,0.604774536,unlinked
MAGsDB_NZED01,MarRef_Prochlorococcus_marinus_str_NATL1A,0,0.660165012,0.267527675,unlinked
MAGsDB_DEYL01,MarDB_SAR116_cluster_bacterium_REDSEA-S10_B10N8,0,2.598679949,0.644694534,unlinked
MAGsDB_TARA_PON_MAG_00005,MarDB_GCF_003576595.1_ASM357659v1,0,1.934939094,0.559640523,unlinked
MAGsDB_PBLS01,MarDB_GCF_003335485.1_ASM333548v1,0,2.157018807,0.668871738,unlinked
MarRef_Alteromonas_sp_RKMC_009,MAGsDB_PBKW01,0,2.733317524,0.732368226,unlinked
MarDB_Prochlorococcus_sp_AG-347-C10,MAGsDB_PBJB01,0,3.08571591,0.732959851,unlinked
MarDB_Prochlorococcus_sp_AG-402-G06,MarDB_alpha_proteobacterium_RS24,0,3.016255627,0.622792937,unlinked
MAGsDB_DGJX01,MarDB_Spongiibacter_tropicus,0,2.644108141,0.671035941,unlinked
MarDB_Alphaproteobacteria_bacterium_MarineAlpha5_Bin7,MAGsDB_PCAM01,0,2.158262227,0.651454649,unlinked
MAGsDB_PASO01,MarDB_Bacteroidetes_bacterium_SCGC_AAA795-G10,0,2.879122227,0.636626506,unlinked
MAGsDB_TARA_RED_MAG_00046,MAGsDB_NHCD01,0,2.938558154,0.621472393,unlinked
MAGsDB_PCBC01,MAGsDB_DCBC01,0,1.192955814,0.633015455,unlinked
MarDB_Prochlorococcus_sp_AG-418-I20,MAGsDB_PBYA01,0,2.982398227,0.671588188,unlinked
MAGsDB_TARA_PON_MAG_00006,MarDB_Nitrosopumilus_sp_Nsub,0,1.815840072,0.823663254,unlinked
MAGsDB_NZZM01,MarDB_Limnobacter_sp_MED105,0,2.529850428,0.669991327,unlinked
MAGsDB_TARA_ANE_MAG_00004,MAGsDB_PBDP01,0,2.312965917,0.654503991,unlinked
MAGsDB_PAQX01,MarDB_Flavobacteriaceae_bacterium_UBA5955,0,2.399949095,0.667376264,unlinked
MAGsDB_PBWA01,MAGsDB_PBCW01,0,2.922473717,0.66792861,unlinked
MarDB_GCA_003602455.1_ASM360245v1,MarDB_marine_gamma_proteobacterium_HTCC2080,0,2.507073674,0.797246558,unlinked
MarDB_Pelagibacteraceae_bacterium_AG-410-D23,MAGsDB_NZGF01,0,3.091290997,0.748567791,unlinked
MarDB_Thioclava_sp_DLFJ5-1,MAGsDB_TARA_PON_MAG_00015,0,1.999994054,0.623964088,unlinked
MarDB_Vibrio_splendidus_strain_UCD-FRSSP16_15,MAGsDB_PAFB01,0,2.028454102,0.658631922,unlinked
MAGsDB_TARA_RED_MAG_00091,MAGsDB_NYVA01,0,2.794973715,0.696202532,unlinked
MAGsDB_PBCF01,MAGsDB_TARA_PSE_MAG_00037,0,2.361560992,0.696343402,unlinked
MAGsDB_TARA_RED_MAG_00016,MarDB_Thalassolituus_sp_ESRF-bin27,0,2.315893755,0.74060495,unlinked
MAGsDB_TARA_MED_MAG_00034,MAGsDB_PBGL02,0,2.47455311,0.808028821,unlinked
MAGsDB_PAVS01,MarDB_marine_actinobacterium_MedAcidiG1,0,2.114792227,0.68960739,unlinked
MAGsDB_PBTH01,MarDB_Alcanivorax_sp_P2S70,0,2.479323127,0.824897959,unlinked
MAGsDB_TARA_IOS_MAG_00005,MarRef_Alteromonas_sp_SN2,0,2.159382822,0.615496017,unlinked
MAGsDB_DGPN01,MarDB_GCA_003485885.1_ASM348588v1,0,2.480307827,0.698351115,unlinked
MAGsDB_NZPI01,MAGsDB_TARA_ANE_MAG_00010,0,2.695085334,0.663456394,unlinked
MAGsDB_DFLU01,MarDB_Prochlorococcus_sp_AG-402-A08,0,3.021539105,0.688223938,unlinked
MAGsDB_PAKE01,MAGsDB_PAYP01,0,2.122621009,0.681152097,unlinked
MAGsDB_NZMY01,MarDB_GCA_003331785.1_ASM333178v1,0,2.84351192,0.641463415,unlinked
MAGsDB_DKOK01,MarDB_Synechococcus_sp_WH7805,0,2.710183524,0.679592826,unlinked
MAGsDB_NZPK01,MarDB_Dokdonia_donghaensis_MED134,0,2.184247914,0.625874126,unlinked
MarDB_GCA_003602415.1_ASM360241v1,MAGsDB_DKPS01,0,2.543593334,0.789169996,unlinked
MAGsDB_TARA_MED_MAG_00069,MarDB_Prochlorococcus_sp_AG-347-I04,0,2.521625094,0.630674847,unlinked
MAGsDB_NZVJ01,MarDB_Alphaproteobacteria_bacterium_casp-alpha6,0,1.411944837,0.46395806,unlinked
MAGsDB_PBUO01,MarDB_Prochlorococcus_sp_AG-402-N10,0,2.677674327,0.68855042,unlinked
MAGsDB_NZEV01,MAGsDB_NYTS01,0,1.752032227,0.734069242,unlinked
MAGsDB_TARA_ANW_MAG_00022,MAGsDB_DKQY01,0,1.98295012,0.632417769,unlinked
MarDB_Pelagibacteraceae_bacterium_AG-390-L03,MAGsDB_PARL01,0,2.846852227,0.700983607,unlinked
MAGsDB_DLRM01,MarDB_Halieaceae_bacterium_MED-G27,0,2.386212227,0.646878199,unlinked
MarDB_Psychrobacter_sp_TB15,MAGsDB_TARA_RED_MAG_00011,0,2.018756114,0.6372993,unlinked
MAGsDB_NZHU01,MAGsDB_DCWH01,0,1.830323999,0.63730315,unlinked
MarDB_GCA_003491725.1_ASM349172v1,MarDB_Pelagibacteraceae_bacterium_AG-345-O09,0,2.274973414,0.654919236,unlinked
MAGsDB_PAND01,MarDB_Pseudoalteromonas_sp_H71,0,2.735220617,0.673372781,unlinked
MarDB_GCA_003450155.1_ASM345015v1,MAGsDB_TARA_PSW_MAG_00053,0,1.918683114,0.664,unlinked
MAGsDB_TARA_ANE_MAG_00004,MarDB_Glaciecola_mesophila_KMM_241,0,2.166505897,0.634914886,unlinked
MAGsDB_TARA_MED_MAG_00095,MAGsDB_NHDX01,0,3.287628144,0.791436464,unlinked
MAGsDB_PBUF01,MAGsDB_TARA_MED_MAG_00027,0,2.615351259,0.663887441,unlinked
MAGsDB_PBLK01,MAGsDB_DFWB01,0,2.508857727,0.607289528,unlinked
MarDB_Roseovarius_indicus_strain_DSM_26383,MAGsDB_PBRN01,0,1.939829927,0.602883355,unlinked
MAGsDB_TARA_PON_MAG_00033,MAGsDB_PAZE01,0,3.004805514,0.773898111,unlinked
MAGsDB_PAHQ01,MAGsDB_PBDS01,0,2.141542427,0.678211311,unlinked
MAGsDB_PBQA01,MAGsDB_TARA_IOS_MAG_00020,0,2.278817272,0.60723192,unlinked
MAGsDB_DAFX01,MAGsDB_PBEF01,0,2.584297217,0.753877276,unlinked
MAGsDB_TARA_MED_MAG_00054,MAGsDB_PBWH01,0,2.368278534,0.659340659,unlinked
MAGsDB_PATH01,MAGsDB_DACD01,0,2.563206415,0.79282329,unlinked
MarDB_Prochlorococcus_sp_AG-347-J19,MAGsDB_DCWP01,0,2.652381958,0.681872749,unlinked
MAGsDB_DFPC01,MarDB_Pelagibacteraceae_bacterium_AG-319-F18,0,2.299993213,0.63923445,unlinked
MarDB_Prochlorococcus_sp_AG-402-A04,MAGsDB_PBKG01,0,3.035178227,0.658946412,unlinked
MAGsDB_PBRM01,MAGsDB_TARA_PSE_MAG_00011,0,1.838216394,0.647086915,unlinked
MarDB_Pelagibacteraceae_bacterium_AG-422-B15,MAGsDB_TARA_PSE_MAG_00041,0,2.952423614,0.665286404,unlinked
MAGsDB_DKPW01,MAGsDB_DFRK01,0,1.088052227,0.619796954,unlinked
MarDB_Pacificimonas_flava_JLT2012,MAGsDB_DAUW01,0,2.730517227,0.795881007,unlinked
MarDB_GCA_003545375.1_ASM354537v1,MAGsDB_DKOA01,0,1.343903814,0.584237848,unlinked
MarDB_Alphaproteobacteria_bacterium_MarineAlpha3_Bin7,MAGsDB_TARA_SOC_MAG_00003,0,2.989812693,0.658378916,unlinked
MAGsDB_PBUF01,MAGsDB_PAYK01,0,2.851387607,0.658364916,unlinked
MarDB_Alphaproteobacteria_bacterium_MarineAlpha5_Bin9,MAGsDB_TARA_RED_MAG_00047,0,2.048413714,0.641852286,unlinked
MarDB_Alphaproteobacteria_bacterium_MarineAlpha5_Bin9,MarDB_GCA_003451575.1_ASM345157v1,0,2.059698527,0.635186961,unlinked
MAGsDB_TARA_PSE_MAG_00009,MAGsDB_NHCD01,0,2.698002567,0.614415323,unlinked
MarDB_GCA_003450155.1_ASM345015v1,MAGsDB_DBGM01,0,2.682882387,0.604166667,unlinked
MarDB_Pelagibacteraceae_bacterium_GOM-A1,MAGsDB_PBNP01,0,2.959412237,0.667540984,unlinked
MAGsDB_PBEP01,MarRef_Alteromonas_sp_SN2,0,2.363101331,0.766920152,unlinked
MarDB_Alphaproteobacteria_bacterium_MarineAlpha2_Bin1,MarDB_Prochlorococcus_sp_AG-347-J14,0,2.873518127,0.6718507,unlinked
MarRef_Halioglobus_japonicus_NBRC_107739,MAGsDB_NZGF01,0,2.726223327,0.628392484,unlinked
MarDB_Pelagibacteraceae_bacterium_AG-325-E08,MAGsDB_TARA_PON_MAG_00006,0,2.387137614,0.726032892,unlinked
MAGsDB_TARA_RED_MAG_00002,MAGsDB_PBDA01,0,2.206096904,0.607255521,unlinked
MAGsDB_DCQX01,MAGsDB_PBLD01,0,2.515261604,0.617358843,unlinked
MAGsDB_TARA_MED_MAG_00072,MarDB_GCA_003545375.1_ASM354537v1,0,2.87200256,0.65675446,unlinked
MAGsDB_TARA_PSE_MAG_00023,MarDB_Prochlorococcus_sp_AG-347-L21,0,2.888855904,0.69589294,unlinked
MAGsDB_TARA_RED_MAG_00003,MAGsDB_TARA_ASE_MAG_00008,0,1.70557704,0.52361516,unlinked
MAGsDB_DCXP01,MarDB_GCA_003533785.1_ASM353378v1,0,2.520602227,0.685827552,unlinked
MarDB_Rhodococcus_sp_PML026,MarDB_Prochlorococcus_sp_AG-347-L21,0,2.748451865,0.682113821,unlinked
MarDB_Halomonas_taeanensis_strain_BH539,MAGsDB_TARA_MED_MAG_00047,0,0.87527121,0.559202814,unlinked
MAGsDB_PAUJ01,MAGsDB_NZXB01,0,2.843192227,0.662842893,unlinked
MarDB_Idiomarina_zobellii,MAGsDB_DAHJ01,0,2.192551055,0.858473824,unlinked
MAGsDB_TARA_RED_MAG_00051,MAGsDB_TARA_RED_MAG_00011,0,2.19210238,0.616702355,unlinked
MAGsDB_DJIA01,MAGsDB_DBBQ01,0,2.604542227,0.619969435,unlinked
MAGsDB_NZEV01,MAGsDB_PBAS01,0,2.189279689,0.714965627,unlinked
MAGsDB_TARA_MED_MAG_00022,MAGsDB_NZXB01,0,1.608056866,0.498373102,unlinked
MAGsDB_DDJS01,MAGsDB_TARA_ANW_MAG_00002,0,1.238312227,0.535887097,unlinked
MAGsDB_NZGC01,MAGsDB_NZKO01,0,2.439572227,0.637323944,unlinked
MAGsDB_PBGY01,MAGsDB_PBSB01,0,2.783414514,0.676337847,unlinked
MAGsDB_DCQR01,MAGsDB_DBVI01,0,1.364402785,0.536585366,unlinked
MAGsDB_TARA_PSE_MAG_00025,MarDB_GCA_003445215.1_ASM344521v1,0,0.420790614,0.397008547,unlinked
MAGsDB_DKAC01,MarDB_Pelagibacteraceae_bacterium_AG-337-I02,0,2.606278065,0.641203704,unlinked
MAGsDB_TARA_IOS_MAG_00023,MAGsDB_TARA_ASW_MAG_00001,0,1.88660632,0.561806982,unlinked
MAGsDB_TARA_PON_MAG_00005,MAGsDB_DEAL01,0,2.317589802,0.645803698,unlinked
MAGsDB_PBVQ01,MarDB_Vitellibacter_sp_D-24,0,2.949110787,0.711064499,unlinked
MAGsDB_PBYQ01,MAGsDB_PBHR01,0,2.957099657,0.800837599,unlinked
MarDB_Hyphomonas_sp_22II1-22F38,MarDB_Bacteroidetes_bacterium_strain_Sum29NG08_bin36,0,3.206616147,0.630963096,unlinked
MAGsDB_TARA_MED_MAG_00042,MAGsDB_NHDB01,0,2.765889952,0.627866972,unlinked
MAGsDB_PBQX02,MAGsDB_TARA_MED_MAG_00065,0,2.849618158,0.610264228,unlinked
MAGsDB_PBYI01,MAGsDB_TARA_IOS_MAG_00003,0,2.230426607,0.609396914,unlinked
MAGsDB_NZLU01,MAGsDB_DAXQ01,0,2.440626927,0.843806104,unlinked
MAGsDB_PAPT01,MarDB_Prochlorococcus_sp_AG-418-K17,0,3.148770527,0.668321748,unlinked
MarDB_Prochlorococcus_sp_AG-347-C10,MAGsDB_TARA_PSW_MAG_00029,0,3.510129083,0.695519791,unlinked
MarDB_Vibrio_splendidus_strain_10N_261_55_E11,MAGsDB_PBDP01,0,2.45493691,0.75916056,unlinked
MarDB_Prochlorococcus_sp_AG-436-O11,MAGsDB_PAQF01,0,2.512868027,0.701353243,unlinked
MAGsDB_NZJB01,MAGsDB_PBHR01,0,2.595643987,0.810498688,unlinked
MAGsDB_DEAL01,MarDB_Vitellibacter_sp_D-24,0,2.548019662,0.652465294,unlinked
MarRef_Thalassolituus_oleivorans_MIL-1,MAGsDB_TARA_ANE_MAG_00010,0,2.762111006,0.65243129,unlinked
MAGsDB_NHBK01,MAGsDB_TARA_RED_MAG_00081,0,2.099046014,0.612268519,unlinked
MAGsDB_PBTY01,MAGsDB_TARA_MED_MAG_00016,0,2.700537814,0.664658635,unlinked
MAGsDB_TARA_MED_MAG_00039,MAGsDB_TARA_PON_MAG_00039,0,1.607322104,0.468731736,unlinked
MarDB_OCS116_cluster_bacterium_AG-435-F03,MarDB_Prochlorococcus_sp_AG-402-K10,0,3.511220337,0.626477541,unlinked
MarDB_Alphaproteobacteria_bacterium_MarineAlpha5_Bin5,MarDB_Prochlorococcus_sp_AG-436-O11,0,3.154438227,0.688888889,unlinked
MAGsDB_DLTP01,MAGsDB_TARA_ASE_MAG_00010,0,2.2885303,0.6845953,unlinked
MarDB_Pelagibacteraceae_bacterium_AG-422-B15,MAGsDB_TARA_RED_MAG_00047,0,2.233265314,0.68764988,unlinked
MAGsDB_PAHY01,MAGsDB_DLRQ01,0,2.140950724,0.665135508,unlinked
MAGsDB_TARA_MED_MAG_00043,MAGsDB_PAQM01,0,2.804106774,0.664477612,unlinked
MAGsDB_TARA_RED_MAG_00028,MAGsDB_PABV01,0,3.038299914,0.753272251,unlinked
MAGsDB_PAQR01,MarDB_OCS116_cluster_bacterium_AG-390-A19,0,1.336215364,0.634550085,unlinked
MAGsDB_TARA_ASW_MAG_00023,MarDB_Mesonia_mobilis,0,0.679689214,0.411835027,unlinked
MarDB_Alphaproteobacteria_bacterium_MarineAlpha5_Bin7,MarDB_Prochlorococcus_sp_AG-409-G20,0,2.582938227,0.680116959,unlinked
MAGsDB_TARA_PSW_MAG_00054,MarDB_GCF_003730275.1_ASM373027v1,0,3.04722592,0.662324649,unlinked
MarDB_GCA_003445215.1_ASM344521v1,MarDB_Acidimicrobiales_bacterium_MED-G01,0,2.613752127,0.669334457,unlinked
MAGsDB_NZKZ01,MAGsDB_TARA_PSE_MAG_00023,0,2.422461847,0.690041494,unlinked
MarDB_Prochlorococcus_sp_AG-363-C20,MAGsDB_DDCY01,0,2.576332897,0.66078629,unlinked
MAGsDB_TARA_ANE_MAG_00044,MAGsDB_TARA_RED_MAG_00029,0,2.7027175,0.63399879,unlinked
MAGsDB_DBGJ01,MAGsDB_DBTD01,0,2.347084304,0.681389365,unlinked
MarDB_Nitrosopumilus_sp_BACL13_MAG-121220-bin23,MAGsDB_DJMC01,0,1.715059182,0.838996341,unlinked
MarDB_Pacificimonas_flava_JLT2012,MAGsDB_TARA_ION_MAG_00005,0,2.067871314,0.496665359,unlinked
MAGsDB_PBKN01,MAGsDB_DHXI01,0,2.681992027,0.695098963,unlinked
MAGsDB_PAFF01,MAGsDB_TARA_ANE_MAG_00057,0,2.580937482,0.709223554,unlinked
MAGsDB_NZGC01,MAGsDB_NYWV01,0,0.997233427,0.486973948,unlinked
MarDB_SAR116_cluster_bacterium_AG-447-C21,MAGsDB_TARA_ANE_MAG_00024,0,2.697447594,0.806343104,unlinked
MAGsDB_PBAE01,MAGsDB_PBQA01,0,1.383119882,0.65758092,unlinked
MAGsDB_TARA_ION_MAG_00047,MAGsDB_PBLL01,0,2.600909914,0.690407812,unlinked
MAGsDB_PAQM01,MAGsDB_PBEF01,0,1.930102217,0.552317881,unlinked
MAGsDB_PABG01,MAGsDB_NZFP01,0,1.811386292,0.630718954,unlinked
MAGsDB_DJYV01,MarDB_Roseovarius_mucosus,0,3.250930927,0.689312977,unlinked
MarDB_Halieaceae_bacterium_MED-G27,MAGsDB_TARA_MED_MAG_00087,0,1.494202547,0.584798639,unlinked
MAGsDB_NZIJ01,MarDB_Pseudoalteromonas_arabiensis_JCM_17292,0,1.069862227,0.565081839,unlinked
MAGsDB_DAHL01,MAGsDB_PATE01,0,2.178655957,0.838214784,unlinked
MAGsDB_TARA_PSW_MAG_00002,MAGsDB_PBYU01,0,1.858161227,0.54117129,unlinked
MAGsDB_DATW01,MAGsDB_TARA_PSW_MAG_00024,0,2.316857629,0.812340967,unlinked
MAGsDB_NZGW01,MarDB_GCF_003634285.1_ASM363428v1,0,0.070361478,0.176759411,unlinked
MAGsDB_TARA_RED_MAG_00061,MarDB_marine_actinobacterium_MedAcidiG1,0,2.006790482,0.635514019,unlinked
MarDB_Pelagibacteraceae_bacterium_AG-426-M19,MAGsDB_DALZ01,0,3.028439487,0.801461632,unlinked
MarDB_GCA_003526745.1_ASM352674v1,MAGsDB_TARA_PSE_MAG_00050,0,2.01623031,0.667161227,unlinked
MAGsDB_NYXD01,MAGsDB_PAHL01,0,0.962665127,0.479801559,unlinked
MarDB_Alphaproteobacteria_bacterium_MarineAlpha5_Bin5,MarDB_Pseudomonas_stutzeri_strain_4C29,0,1.946480618,0.66607079,unlinked
MAGsDB_TARA_PSE_MAG_00046,MAGsDB_PBRP01,0,2.257237224,0.651521835,unlinked
MarRef_Zunongwangia_profunda_SM-A87,MarDB_GCF_003788585.1_ASM378858v1,0,2.797334314,0.573867854,unlinked
MAGsDB_DEYT01,MAGsDB_TARA_PSW_MAG_00090,0,2.659279214,0.641264904,unlinked
MarDB_Prochlorococcus_sp_AG-418-M08,MAGsDB_TARA_MED_MAG_00036,0,2.791627394,0.636315511,unlinked
MAGsDB_TARA_MED_MAG_00060,MAGsDB_PASE01,0,3.060509584,0.816495852,unlinked
MAGsDB_DEWY01,MAGsDB_PAIF01,0,2.637349614,0.677545692,unlinked
MAGsDB_NZWG01,MAGsDB_TARA_PSE_MAG_00023,0,2.362025504,0.642678661,unlinked
MAGsDB_TARA_ANE_MAG_00027,MAGsDB_TARA_MED_MAG_00006,0,2.527593185,0.787119857,unlinked
MAGsDB_TARA_IOS_MAG_00005,MarDB_Alphaproteobacteria_bacterium_MarineAlpha9_Bin3,0,2.184188718,0.595358224,unlinked
MAGsDB_TARA_ANE_MAG_00033,MarRef_Idiomarina_loihiensis_L2TR,0,2.574458489,0.762250454,unlinked
MAGsDB_DHXI01,MAGsDB_TARA_MED_MAG_00006,0,2.547552207,0.630909813,unlinked
MarDB_Prochlorococcus_sp_AG-355-B18,MAGsDB_PACC02,0,3.623701684,0.652839506,unlinked
MAGsDB_TARA_PON_MAG_00005,MAGsDB_DLTS01,0,2.322677827,0.64474929,unlinked
MarDB_Maribacter_sp_SDRB-Phe2,MAGsDB_DEYU01,0,2.380146633,0.646380821,unlinked
MarDB_Prochlorococcus_sp_AG-355-M18,MarDB_Prochlorococcus_sp_AG-418-I20,0,0.014282227,0.206312548,unlinked
MarRef_Synechococcus_sp_WH_8102,MAGsDB_NZXT01,0,2.492058594,0.654034629,unlinked
MarDB_Rhodobacteraceae_bacterium_SB2,MarDB_Prochlorococcus_sp_AG-442-B03,0,3.511898227,0.654786573,unlinked
MAGsDB_TARA_ANW_MAG_00014,MAGsDB_NZXX01,0,2.188196117,0.666543438,unlinked
MAGsDB_DAPT01,MAGsDB_DAVD01,0,0.460075527,0.270072993,unlinked
MAGsDB_DDZS01,MAGsDB_PAHO01,0,2.053592227,0.609887157,unlinked
MAGsDB_DIHT01,MAGsDB_TARA_MED_MAG_00083,0,2.527553434,0.616850552,unlinked
MarDB_Vibrio_tasmaniensis_5F-79,MAGsDB_DKPW01,0,1.54117779,0.733779972,unlinked
MAGsDB_TARA_MED_MAG_00069,MAGsDB_TARA_PSE_MAG_00022,0,2.054979094,0.680017606,unlinked
MAGsDB_TARA_IOS_MAG_00005,MAGsDB_DBGJ01,0,2.126158214,0.653547385,unlinked
MarDB_Prochlorococcus_sp_AG-402-G06,MarDB_Thalassolituus_sp_UBA2535,0,2.792120869,0.690894243,unlinked
MarDB_Pseudoalteromonas_distincta,MAGsDB_PARI01,0,2.138182189,0.65344766,unlinked
MAGsDB_PASL01,MAGsDB_NZWX01,0,2.747188527,0.68305304,unlinked
MarRef_Tistrella_mobilis_KA081020-065,MAGsDB_NYVM01,0,1.2404403,0.594896889,unlinked
MarDB_GCA_003444075.1_ASM344407v1,MAGsDB_DEPK01,0,2.436358406,0.671869194,unlinked
MAGsDB_DGLO01,MAGsDB_TARA_MED_MAG_00015,0,2.319208327,0.645904855,unlinked
MarDB_Candidatus_Pelagibacter_ubique_SCGC_AAA795-O20,MAGsDB_DDGB01,0,2.317382237,0.704738761,unlinked
MAGsDB_NZEX01,MarDB_Caulobacter_crescentus_OR37,0,1.970625317,0.624203822,unlinked
MAGsDB_NZDS01,MarDB_Vibrio_splendidus_strain_UCD-FRSSP16_15,0,1.668544102,0.625666864,unlinked
MAGsDB_DDEJ01,MAGsDB_TARA_MED_MAG_00042,0,1.814577652,0.555555556,unlinked
MAGsDB_DKPQ01,MarDB_Halomonas_lionensis_RHS90,0,2.356428527,0.634228188,unlinked
MarRef_Prochlorococcus_sp_MIT_0604,MAGsDB_DAHO01,0,3.235224137,0.785907859,unlinked
MAGsDB_TARA_PSW_MAG_00100,MAGsDB_TARA_MED_MAG_00013,0,3.052406826,0.671584349,unlinked
MAGsDB_PAFS01,MAGsDB_PBIY01,0,2.509585674,0.691684665,unlinked
MAGsDB_PBDQ01,MarRef_Prochlorococcus_marinus_bv_HNLC2,0,2.881852487,0.658424382,unlinked
MarDB_Acinetobacter_venetianus_CIP_110063,MarDB_GCF_900473925.1_N5,0,2.337216507,0.64599686,unlinked
MarDB_Pelagibacteraceae_bacterium_AG-365-D07,MAGsDB_DLCB01,0,3.032069184,0.688109162,unlinked
MarDB_Prochlorococcus_sp_AG-449-G23,MAGsDB_TARA_MED_MAG_00107,0,3.308184304,0.712422787,unlinked
MarDB_GCA_003385605.1_ASM338560v1,MAGsDB_TARA_PSW_MAG_00030,0,2.370019686,0.577069458,unlinked
MAGsDB_NZLD01,MAGsDB_TARA_ANE_MAG_00030,0,2.45100482,0.792079208,unlinked
MarDB_GCA_003385605.1_ASM338560v1,MarDB_Candidatus_Pelagibacter_ubique_SCGC_AAA795-O20,0,3.188246944,0.692351926,unlinked
MAGsDB_TARA_MED_MAG_00003,MAGsDB_TARA_PSW_MAG_00006,0,2.233115592,0.6280077,unlinked
MAGsDB_TARA_MED_MAG_00040,MAGsDB_DDJS01,0,2.467919814,0.660179641,unlinked
MAGsDB_TARA_MED_MAG_00043,MarDB_Pseudoalteromonas_undina_NCIMB_2128,0,2.198108521,0.669966997,unlinked
MAGsDB_TARA_MED_MAG_00032,MAGsDB_NYVA01,0,3.215814215,0.611637348,unlinked
MAGsDB_DBZA01,MAGsDB_NHBO01,0,2.155255343,0.644782609,unlinked
MAGsDB_TARA_MED_MAG_00014,MAGsDB_DCKY01,0,1.686429903,0.504304486,unlinked
MAGsDB_DAPJ01,MAGsDB_PBOD01,0,2.539792327,0.817826087,unlinked
MAGsDB_NYTG01,MAGsDB_TARA_RED_MAG_00011,0,2.204544294,0.645087236,unlinked
MarDB_Prochlorococcus_sp_AG-347-L21,MAGsDB_DIHQ01,0,3.396417127,0.682495859,unlinked
MAGsDB_DCXX01,MAGsDB_PBJN01,0,2.427570817,0.670826833,unlinked
MAGsDB_PBDQ01,MAGsDB_NHDS01,0,2.710359873,0.679190751,unlinked
MarDB_Pseudoalteromonas_distincta,MAGsDB_TARA_ION_MAG_00006,0,2.764230634,0.718506998,unlinked
MarDB_GCA_003452485.1_ASM345248v1,MAGsDB_DCQR01,0,2.398727318,0.652444444,unlinked
MarDB_Rhodobacteraceae_bacterium_REDSEA-S34_B6,MAGsDB_NZUQ01,0,2.563706802,0.635753252,unlinked
MAGsDB_NZFP01,MAGsDB_DKQI01,0,2.745478204,0.642345277,unlinked
MarDB_alpha_proteobacterium_SCGC_AAA536-K22,MAGsDB_TARA_ION_MAG_00033,0,2.691277444,0.824715615,unlinked
MAGsDB_PAHT02,MarDB_Pelagibacteraceae_bacterium_AG-337-G06,0,1.918685697,0.518780621,unlinked
MarDB_Prochlorococcus_sp_AG-673-L20,MAGsDB_PBNO01,0,3.415448227,0.688955997,unlinked
MAGsDB_TARA_PON_MAG_00002,MAGsDB_TARA_MED_MAG_00042,0,1.744939952,0.646726862,unlinked
MarRef_Halioglobus_japonicus_NBRC_107739,MarDB_Prochlorococcus_sp_AG-402-M23,0,2.718570627,0.67344449,unlinked
MAGsDB_TARA_PSW_MAG_00069,MarRef_Formosa_sp_Hel3_A1_48,0,2.664013115,0.632154006,unlinked
MAGsDB_PBMF01,MAGsDB_TARA_MED_MAG_00002,0,2.361224271,0.662952646,unlinked
MAGsDB_TARA_PSW_MAG_00067,MAGsDB_NHDS01,0,2.52506276,0.691422594,unlinked
MAGsDB_NZLM01,MAGsDB_PBDA01,0,2.239377227,0.792695473,unlinked
MAGsDB_DIHT01,MAGsDB_NHDO01,0,2.327637547,0.662959795,unlinked
MarDB_Prochlorococcus_sp_AG-347-L02,MAGsDB_TARA_RED_MAG_00002,0,2.973882908,0.659666128,unlinked
MAGsDB_TARA_ION_MAG_00001,MAGsDB_DEWY01,0,1.075877305,0.507746791,unlinked
MAGsDB_TARA_RED_MAG_00033,MAGsDB_PBSU01,0,2.006600931,0.689690722,unlinked
MAGsDB_TARA_MED_MAG_00136,MAGsDB_TARA_MED_MAG_00131,0,2.3938363,0.631779258,unlinked
MAGsDB_PBDA01,MarDB_Alphaproteobacteria_bacterium_MarineAlpha9_Bin3,0,1.788732227,0.545650999,unlinked
MAGsDB_TARA_PSW_MAG_00006,MAGsDB_DEBM01,0,1.967094632,0.62381254,unlinked
MarDB_Marine_Group_III_euryarchaeote_CG-Epi1,MarDB_Alphaproteobacteria_bacterium_MarineAlpha9_Bin3,0,2.306901708,0.827146172,unlinked
MAGsDB_DAFX01,MAGsDB_TARA_PON_MAG_00013,0,1.783740527,0.803240741,unlinked
ProGenomes_309800_PRJNA12524,MAGsDB_PAFA01,0,2.723326057,0.807556675,unlinked
MAGsDB_NZAM01,MAGsDB_PAAY01,0,2.521556061,0.613746731,unlinked
MarDB_Prochlorococcus_sp_AG-347-I06,MarDB_Prochlorococcus_sp_AG-409-M05,0,0.644642227,0.313699537,unlinked
MAGsDB_DANB01,MarDB_SAR406_cluster_bacterium_SCGC_AAA160-B08,0,2.855715847,0.785224676,unlinked
MAGsDB_PBYE01,MAGsDB_DDEL01,0,1.947818517,0.630609353,unlinked
MAGsDB_PBFD01,MAGsDB_TARA_PON_MAG_00029,0,1.982400676,0.593699077,unlinked
MAGsDB_PAAU01,MAGsDB_TARA_MED_MAG_00062,0,2.445249254,0.680424528,unlinked
MAGsDB_DIIG01,MAGsDB_NZHI01,0,2.113298227,0.677165354,unlinked
MAGsDB_TARA_MED_MAG_00060,MAGsDB_PBDS01,0,2.433174074,0.814147018,unlinked
MAGsDB_PBKS01,MAGsDB_DBUX01,0,2.679187044,0.694110921,unlinked
MAGsDB_NZGS01,MAGsDB_NYSL01,0,3.067679947,0.67597254,unlinked
MAGsDB_PBTN01,MarRef_Synechococcus_sp_WH_8102,0,2.567130697,0.628999319,unlinked
MAGsDB_NZVE01,MAGsDB_TARA_SOC_MAG_00001,0,1.069552247,0.551491819,unlinked
MAGsDB_DANX01,MarDB_GCF_003731635.1_ASM373163v1,0,2.560144942,0.821327684,unlinked
MarDB_Salegentibacter_mishustinae_strain_DSM_23404_1,MAGsDB_NYWG01,0,2.524746847,0.638087031,unlinked
MAGsDB_DELD01,MarDB_SAR116_cluster_bacterium_MED-G06,0,1.306032227,0.561078794,unlinked
MarDB_alpha_proteobacterium_HIMB114,MAGsDB_PAFB01,0,1.759002227,0.566352027,unlinked
MAGsDB_PBNZ01,MAGsDB_TARA_PSW_MAG_00036,0,2.631644914,0.687445127,unlinked
MAGsDB_PBEX01,MAGsDB_PARG01,0,2.191607813,0.615494297,unlinked
MAGsDB_PBWG01,MarDB_Erythrobacter_sp_REDSEA-S34_B3,0,3.151771727,0.669665167,unlinked
MAGsDB_PAHD01,MAGsDB_PAKC01,0,2.165792727,0.608794974,unlinked
MAGsDB_PBEW01,MarDB_Prochlorococcus_sp_scB243_498I20,0,3.060177314,0.669505963,unlinked
MAGsDB_PBOM01,MAGsDB_TARA_RED_MAG_00053,0,2.052837324,0.627333333,unlinked
MarDB_Prochlorococcus_sp_AG-355-A09,MarDB_Prochlorococcus_sp_AG-402-C22,0,0.055536672,0.283548143,unlinked
MarDB_Prochlorococcus_sp_AG-355-M18,MAGsDB_PAAF01,0,2.995749314,0.69716271,unlinked
MarDB_Alphaproteobacteria_bacterium_MarineAlpha5_Bin9,MarDB_Synechococcus_sp_MIT_S9509,0,2.418247807,0.66842864,unlinked
MAGsDB_TARA_ANE_MAG_00044,MAGsDB_NYVR01,0,2.520514314,0.681289641,unlinked
MAGsDB_NZAK01,MAGsDB_PASE01,0,2.434677737,0.677505738,unlinked
MAGsDB_DAFS01,MAGsDB_DGPT01,0,2.829705727,0.816650626,unlinked
MAGsDB_DBVB01,MAGsDB_TARA_PSE_MAG_00093,0,2.899298243,0.677222222,unlinked
MarDB_alpha_proteobacterium_SCGC_AAA536-K22,MAGsDB_TARA_MED_MAG_00015,0,2.039552227,0.549317147,unlinked
MAGsDB_TARA_RED_MAG_00043,MarDB_Prochlorococcus_sp_AG-424-E18,0,2.923322934,0.690588235,unlinked
MAGsDB_DDZT01,MarDB_Salinicola_salarius_1A01339,0,2.263292178,0.707618394,unlinked
MarDB_Methylophilales_bacterium_HTCC2181,MAGsDB_DEBC01,0,1.959339767,0.589859665,unlinked
MAGsDB_TARA_MED_MAG_00077,MAGsDB_PBKH01,0,2.197180314,0.64762931,unlinked
MAGsDB_TARA_ANW_MAG_00004,MarDB_Salinisphaera_shabanensis,0,1.851052227,0.530448104,unlinked
MarDB_Prochlorococcus_marinus_SCGC_AAA795-J16,MAGsDB_TARA_ASE_MAG_00008,0,3.094099154,0.63372093,unlinked
MarDB_Vibrio_sp_10N_286_48_B8,MarDB_Porticoccaceae_bacterium_UBA3436,0,0.968868928,0.557659208,unlinked
MAGsDB_PBFL01,MAGsDB_TARA_ANW_MAG_00034,0,1.1782888,0.487897126,unlinked
MAGsDB_DAZE01,MarDB_Prochlorococcus_sp_AG-355-O17,0,3.494733657,0.794413408,unlinked
MAGsDB_DHZF01,MAGsDB_DEXT01,0,2.370586034,0.552380952,unlinked
MAGsDB_TARA_ANE_MAG_00006,MAGsDB_TARA_ANE_MAG_00020,0,2.019885221,0.552033493,unlinked
MAGsDB_TARA_ASW_MAG_00011,MAGsDB_PBDW01,0,2.44002698,0.80058651,unlinked
MAGsDB_TARA_MED_MAG_00050,MAGsDB_TARA_ANW_MAG_00023,0,2.86820106,0.661172161,unlinked
MAGsDB_DEBO01,MarDB_SAR116_cluster_bacterium_AG-447-C21,0,1.420970907,0.4648898,unlinked
MAGsDB_PBTN01,MAGsDB_DAFJ01,0,2.668793515,0.832510578,unlinked
MAGsDB_NZEX01,MarDB_GCF_003788585.1_ASM378858v1,0,1.862698503,0.625766871,unlinked
MAGsDB_DGPO01,MarDB_GCA_003602455.1_ASM360245v1,0,2.612463674,0.788571429,unlinked
MarDB_Prochlorococcus_sp_AG-388-E21,MAGsDB_PBDS01,0,2.873148227,0.696653629,unlinked
MarDB_Alteromonas_sp_V450,MAGsDB_TARA_PON_MAG_00016,0,2.72359505,0.701938611,unlinked
MAGsDB_TARA_PSW_MAG_00069,MAGsDB_TARA_MED_MAG_00072,0,1.42597186,0.489957717,unlinked
MAGsDB_PAUJ01,MAGsDB_TARA_ANE_MAG_00004,0,1.546032227,0.499434389,unlinked
MarDB_Pelagibacteraceae_bacterium_AG-390-A23,MAGsDB_DEYM01,0,3.076682237,0.697066667,unlinked
MAGsDB_PBCX01,MAGsDB_TARA_ANW_MAG_00040,0,3.101322414,0.700659564,unlinked
MarDB_Pseudoalteromonas_sp_H105,MAGsDB_PBVT01,0,1.777411227,0.644492132,unlinked
MarDB_GCA_003539805.1_ASM353980v1,MAGsDB_PABS01,0,0.897217964,0.4792498,unlinked
MAGsDB_PASO01,MAGsDB_TARA_MED_MAG_00013,0,2.26511384,0.563004032,unlinked
MAGsDB_NZHK01,MarDB_Prochlorococcus_sp_AG-676-L21,0,3.124889027,0.690265487,unlinked
MAGsDB_PBRN01,MarDB_Cryomorphaceae_bacterium_ASP1005a,0,1.821602227,0.604477612,unlinked
MAGsDB_TARA_RED_MAG_00033,MAGsDB_TARA_MED_MAG_00086,0,2.373017117,0.684925094,unlinked
MAGsDB_PAST01,MarDB_Sulfitobacter_sp_HI0054,0,3.205882227,0.68366118,unlinked
MarDB_Glaciecola_mesophila_KMM_241,MarRef_Candidatus_Nitrosopelagicus_brevis_CN25,0,2.076309994,0.847556779,unlinked
MarDB_Alphaproteobacteria_bacterium_MarineAlpha5_Bin7,MAGsDB_PAJP01,0,1.794339727,0.669127225,unlinked
MAGsDB_DEBF01,MAGsDB_PAFH01,0,2.653696364,0.674680691,unlinked
MarDB_Nitrosopumilus_sp_BACL13_MAG-121220-bin23,MarDB_Prochlorococcus_sp_AG-424-E18,0,2.926872966,0.786281179,unlinked
MAGsDB_PASA01,MAGsDB_TARA_ANE_MAG_00030,0,2.60227684,0.807109941,unlinked
MarDB_SAR406_cluster_bacterium_SCGC_AAA160-I06,MarDB_GCA_003448535.1_ASM344853v1,0,1.918730127,0.629746835,unlinked
MarDB_GCA_003519765.1_ASM351976v1,MAGsDB_DAUW01,0,2.928987614,0.764973958,unlinked
MarDB_Alphaproteobacteria_bacterium_MarineAlpha3_Bin7,MarDB_Prochlorococcus_sp_AG-424-P23,0,3.229384417,0.657442748,unlinked
MarDB_Prochlorococcus_sp_AG-402-G06,MAGsDB_TARA_ANW_MAG_00032,0,3.401853974,0.67503767,unlinked
MarDB_Prochlorococcus_sp_AG-347-J22,MAGsDB_TARA_PSW_MAG_00006,0,2.349600632,0.621312462,unlinked
MAGsDB_DBVI01,MarRef_Synechococcus_sp_CC9311,0,2.029623424,0.622810956,unlinked
MAGsDB_DJLG01,MAGsDB_DGPN01,0,2.641266827,0.612359551,unlinked
MAGsDB_DBTD01,MAGsDB_DBSX01,0,2.030384794,0.57043407,unlinked
MarDB_Vibrio_sp_10N_286_48_B8,MAGsDB_NHBL01,0,2.316882948,0.743872972,unlinked
MarDB_Pseudoalteromonas_lipolytica_UCD-48B,MAGsDB_DLQI01,0,2.293615337,0.601473543,unlinked
MAGsDB_NZKZ01,MarDB_Prochlorococcus_sp_AG-424-P23,0,3.11010017,0.697796935,unlinked
MAGsDB_DEAM01,MAGsDB_NHER01,0,1.973084965,0.659574468,unlinked
MAGsDB_TARA_ANW_MAG_00001,MAGsDB_NZHI01,0,2.421738227,0.664744646,unlinked
MAGsDB_TARA_ION_MAG_00001,MAGsDB_TARA_PSW_MAG_00057,0,2.755543736,0.80085197,unlinked
MAGsDB_TARA_ANW_MAG_00032,MarDB_Erythrobacter_sp_REDSEA-S34_B3,0,1.572278004,0.559463211,unlinked
MAGsDB_TARA_RED_MAG_00001,MAGsDB_PBEF01,0,2.756044817,0.65506653,unlinked
MAGsDB_DLCF01,MAGsDB_TARA_MED_MAG_00010,0,2.329491034,0.583452211,unlinked
MarDB_Prochlorococcus_sp_AG-424-P18,MarDB_Prochlorococcus_sp_AG-355-G23,0,0.022992227,0.249626308,unlinked
MAGsDB_NZIJ01,MarRef_Prochlorococcus_marinus_str_MIT_9301,0,3.138029527,0.65327381,unlinked
MAGsDB_TARA_PSE_MAG_00009,MarDB_GCA_003523185.1_ASM352318v1,0,2.597172195,0.619755245,unlinked
MAGsDB_PBRM01,MAGsDB_DDNP01,0,1.831842627,0.643139191,unlinked
MarDB_Pseudoalteromonas_arabiensis_JCM_17292,MarDB_SAR116_cluster_bacterium_AG-426-I14,0,1.967352127,0.676928649,unlinked
MarDB_GCA_003526745.1_ASM352674v1,MAGsDB_TARA_PSW_MAG_00089,0,2.17459741,0.637381568,unlinked
MAGsDB_TARA_MED_MAG_00040,MAGsDB_TARA_ION_MAG_00047,0,2.2786675,0.597622028,unlinked
MAGsDB_PARL01,MAGsDB_TARA_ION_MAG_00016,0,2.526722247,0.680555556,unlinked
MarDB_Pelagibacteraceae_bacterium_AG-390-L03,MarRef_Synechococcus_sp_WH_8020,0,2.940558207,0.651558074,unlinked
MAGsDB_PAWM01,MarDB_Prochlorococcus_sp_AG-363-C20,0,2.818018627,0.679669031,unlinked
MAGsDB_TARA_RED_MAG_00016,MAGsDB_DKOA01,0,1.893214055,0.669283098,unlinked
MarDB_Pelagibacteraceae_bacterium_AG-337-I02,MAGsDB_DAMG01,0,2.819283747,0.796690307,unlinked
MarDB_Pelagibacteraceae_bacterium_AG-426-M19,MarDB_Prochlorococcus_sp_AG-402-L23,0,3.468332687,0.644002211,unlinked
MAGsDB_TARA_MED_MAG_00035,MAGsDB_TARA_ION_MAG_00006,0,1.0571602,0.481675393,unlinked
MAGsDB_DLCB01,MAGsDB_DCYW01,0,3.068179074,0.824286514,unlinked
MAGsDB_DBZA01,MAGsDB_DENU01,0,2.542117889,0.683375959,unlinked
MAGsDB_DJMC01,MarDB_Candidatus_Pelagibacter_ubique_HIMB083,0,2.079383754,0.630586968,unlinked
MarDB_Marinobacterium_litorale,MAGsDB_TARA_PSW_MAG_00036,0,2.429474914,0.675591773,unlinked
MAGsDB_DAON01,MAGsDB_PAPI01,0,3.164777462,0.817239755,unlinked
MAGsDB_PAAR01,MarDB_Candidatus_Pelagibacter_ubique_SCGC_AAA795-M22,0,1.801832237,0.60316414,unlinked
MAGsDB_NZZE01,MarDB_Synechococcus_sp_WH8016,0,2.265741194,0.661137441,unlinked
MAGsDB_NZJW01,MarDB_Prochlorococcus_marinus_SCGC_AAA795-I06,0,3.267358227,0.662729659,unlinked
MarDB_Pelagibacteraceae_bacterium_AG-390-A23,MarDB_Sulfitobacter_sp_HI0054,0,2.251412237,0.638984509,unlinked
MAGsDB_NHEN01,MAGsDB_DDEH01,0,2.460532227,0.613845322,unlinked
MarDB_Pelagibacteraceae_bacterium_AG-414-M23,MAGsDB_TARA_PSW_MAG_00017,0,2.798798424,0.711023622,unlinked
MAGsDB_NHDL01,MAGsDB_TARA_MED_MAG_00053,0,2.589012074,0.758964143,unlinked
MarDB_Pelagibacteraceae_bacterium_AG-349-L17,MAGsDB_PADB01,0,1.673082237,0.602971311,unlinked
MAGsDB_DLRH01,MAGsDB_TARA_PON_MAG_00033,0,2.336254902,0.803404255,unlinked
MAGsDB_TARA_ANW_MAG_00009,MAGsDB_DFWB01,0,2.165572227,0.614817688,unlinked
MAGsDB_TARA_RED_MAG_00045,MarDB_Prochlorococcus_sp_AG-347-I15,0,3.125206534,0.66920345,unlinked
MAGsDB_TARA_ANW_MAG_00012,MAGsDB_DAHJ01,0,2.516360574,0.811435523,unlinked
MAGsDB_PBEW01,MAGsDB_NZIP01,0,2.368111314,0.603080569,unlinked
MarDB_Alcanivorax_sp_UBA1911,MAGsDB_TARA_ANW_MAG_00013,0,2.156957753,0.67369727,unlinked
MarDB_Prochlorococcus_sp_AG-347-C10,MarDB_Prochlorococcus_sp_AG-355-K03,0,0.037936664,0.366972477,unlinked
MAGsDB_NZXW01,MAGsDB_DFVG01,0,2.935542227,0.636737748,unlinked
MarDB_Candidatus_Pelagibacter_ubique_SCGC_AAA795-F16,MAGsDB_DAME01,0,2.868037237,0.794404684,unlinked
MarDB_Prochlorococcus_sp_AG-355-G23,MarRef_Candidatus_Nitrosopelagicus_brevis_CN25,0,2.966442324,0.792819305,unlinked
MAGsDB_PAHD01,MAGsDB_TARA_IOS_MAG_00012,0,2.743721614,0.617212588,unlinked
MarDB_GCA_003452485.1_ASM345248v1,MarRef_Vibrionaceae_bacterium_NSCS20N07D,0,2.057701957,0.626807347,unlinked
MarDB_Salegentibacter_mishustinae_strain_DSM_23404_1,MarDB_Thalassolituus_sp_ESRF-bin27,0,2.682755147,0.620104439,unlinked
MAGsDB_PBDC01,MarDB_Pelagibacteraceae_bacterium_AG-404-P08,0,1.578022227,0.627363184,unlinked
MarDB_Roseovarius_indicus_strain_DSM_26383,MarRef_Alteromonas_sp_SN2,0,2.362954031,0.553972104,unlinked
MAGsDB_PBRL01,MAGsDB_TARA_PSE_MAG_00041,0,2.621582014,0.667597765,unlinked
MAGsDB_TARA_MED_MAG_00014,MarDB_Prochlorococcus_sp_AG-418-I20,0,2.662615903,0.65419708,unlinked
MarDB_Sphingobium_xenophagum_strain_UBA2525,MarDB_Prochlorococcus_sp_AG-418-D13,0,3.155195764,0.675442205,unlinked
MarDB_Prochlorococcus_sp_AG-402-N08,MarRef_Synechococcus_sp_WH_7803,0,0.867672227,0.312463768,unlinked
MAGsDB_TARA_PSW_MAG_00113,MAGsDB_DEYN01,0,2.135561316,0.614292707,unlinked
MAGsDB_DDNM01,MarDB_Alcanivorax_sp_P2S70,0,2.070029227,0.62397501,unlinked
MAGsDB_NHEZ01,MAGsDB_NYWU01,0,2.538542227,0.720670391,unlinked
MAGsDB_TARA_PON_MAG_00005,MarDB_Prochlorococcus_sp_AG-402-L09,0,2.841158227,0.641089109,unlinked
MarDB_Algoriphagus_ornithinivorans_strain_DSM_15282,MAGsDB_TARA_ANW_MAG_00020,0,2.584878975,0.60058309,unlinked
MarDB_Flavobacteriaceae_bacterium_UBA5954,MAGsDB_TARA_PSW_MAG_00028,0,2.122973554,0.666519239,unlinked
MAGsDB_DEYN01,MAGsDB_NZID01,0,2.576713374,0.606169666,unlinked
MAGsDB_DKFX01,MarDB_GCA_003445215.1_ASM344521v1,0,3.011602237,0.670216812,unlinked
MAGsDB_TARA_PSE_MAG_00038,MAGsDB_DJLW01,0,1.926958374,0.653968254,unlinked
MAGsDB_DGAM01,MAGsDB_TARA_MED_MAG_00046,0,0.906757454,0.487615347,unlinked
MAGsDB_TARA_ANE_MAG_00057,MarDB_SAR116_cluster_bacterium_AG-426-I14,0,2.321807382,0.604997597,unlinked
MAGsDB_DATW01,MarDB_Prochlorococcus_sp_AG-355-I04,0,3.427955742,0.808069164,unlinked
MarDB_Prochlorococcus_sp_AG-402-O21,MarRef_Chromohalobacter_salexigens_DSM_3043,0,2.724591381,0.678532902,unlinked
MAGsDB_PARL01,MAGsDB_TARA_RED_MAG_00091,0,2.414893734,0.731805158,unlinked
MAGsDB_DFMC01,MarDB_Synechococcus_sp_AG-679-B05,0,2.217721352,0.666391412,unlinked
MarDB_Prochlorococcus_sp_AG-363-P19,MarDB_SAR406_cluster_bacterium_SCGC_AAA160-B08,0,2.553108227,0.728380024,unlinked
MAGsDB_DKPX01,MAGsDB_TARA_ANE_MAG_00029,0,2.092785308,0.693565401,unlinked
MarDB_GCA_003523185.1_ASM352318v1,MAGsDB_DGPT01,0,1.136882195,0.438697318,unlinked
MAGsDB_DCWS01,MarDB_Prochlorococcus_marinus_MIT_9314,0,2.545364987,0.667250438,unlinked
MarRef_Pseudodesulfovibrio_profundus_strain_500-1,MarDB_GCA_003486205.1_ASM348620v1,0,1.741589974,0.628592758,unlinked
MAGsDB_TARA_PSW_MAG_00029,MarDB_Pelagibacteraceae_bacterium_AG-333-C14,0,1.935304497,0.611241218,unlinked
MAGsDB_PAFF01,MarDB_GCA_003331925.1_ASM333192v1,0,2.716416816,0.681214421,unlinked
MAGsDB_PAPG01,MAGsDB_PBDA01,0,2.123355934,0.62994012,unlinked
MAGsDB_PBTT01,MAGsDB_DJIA01,0,2.359313957,0.653557225,unlinked
MarDB_Pelagibacteraceae_bacterium_AG-461-B04,MarDB_Vibrio_chagasii_strain_LC2-408,0,2.015371437,0.722818312,unlinked
MarDB_Synechococcus_sp_MIT_S9509,MAGsDB_TARA_SOC_MAG_00001,0,2.419007827,0.622123894,unlinked
MarDB_Ornithinimicrobium_sp_CNJ-824,MAGsDB_TARA_PSE_MAG_00005,0,2.553146046,0.606175973,unlinked
MAGsDB_TARA_ANW_MAG_00042,MarDB_Citreicella_sp_SE45,0,2.457363226,0.663079777,unlinked
MAGsDB_TARA_MED_MAG_00035,MarDB_Prochlorococcus_sp_AG-409-A10,0,3.019827314,0.643406268,unlinked
MarDB_Pelagibacteraceae_bacterium_AG-439-F23,MAGsDB_DJLZ01,0,1.442282237,0.675187032,unlinked
MAGsDB_NZLE01,MarDB_Vibrio_cyclitrophicus_FF75_2,0,2.234618943,0.664893617,unlinked
MAGsDB_DGLO01,MAGsDB_PAZP01,0,2.444603927,0.704387991,unlinked
MAGsDB_DKOG01,MAGsDB_DFMJ01,0,2.41240475,0.614997905,unlinked
MAGsDB_TARA_PSE_MAG_00011,MAGsDB_NZNV01,0,2.356256394,0.652689152,unlinked
MarDB_Bacteroidetes_bacterium_SCGC_AAA795-G10,MAGsDB_TARA_IOS_MAG_00020,0,3.089579759,0.617461229,unlinked
MarDB_Bacteroidetes_bacterium_SCGC_AAA795-G10,MAGsDB_NZXT01,0,2.849892993,0.692743363,unlinked
MAGsDB_TARA_RED_MAG_00033,MAGsDB_TARA_PSW_MAG_00030,0,1.756313683,0.684261036,unlinked
MarDB_GCA_003332015.1_ASM333201v1,MAGsDB_TARA_IOS_MAG_00003,0,1.349215993,0.599120879,unlinked
MarRef_Maribacter_sp_MAR_2009_60,MarDB_Pelagibacteraceae_bacterium_AG-390-A23,0,3.184243307,0.699484294,unlinked
MAGsDB_DCWU01,MAGsDB_PBID01,0,2.479208514,0.668049793,unlinked
MarDB_GCA_003514305.1_ASM351430v1,MAGsDB_PBRQ01,0,0.869112227,0.536585366,unlinked
MarDB_Donghicola_eburneus_strain_DSM_29127,MAGsDB_TARA_ANE_MAG_00030,0,2.736248144,0.830949762,unlinked
MAGsDB_PBHD01,MAGsDB_NHFA01,0,3.057012227,0.76329331,unlinked
MAGsDB_DBTA01,MarDB_Bacteroidetes_bacterium_MED-G17,0,2.258547127,0.691299166,unlinked
MAGsDB_TARA_MED_MAG_00042,MarDB_GCF_900473935.1_UW105,0,2.519950798,0.633221315,unlinked
MarDB_Pseudoalteromonas_sp_SCSIO_11900,MAGsDB_PBKK01,0,2.172296224,0.669169796,unlinked
MAGsDB_NZHK01,MAGsDB_PBEB01,0,2.034863027,0.678030303,unlinked
MarDB_marine_actinobacterium_MedAcidiG1,MAGsDB_PAOO01,0,2.122642777,0.621604548,unlinked
MAGsDB_PBBX01,MAGsDB_DEYK01,0,2.294795254,0.640214797,unlinked
MAGsDB_PAVX01,MarDB_GCA_003539805.1_ASM353980v1,0,2.886416064,0.725913621,unlinked
MAGsDB_NZHT01,MAGsDB_TARA_PSW_MAG_00048,0,2.617730453,0.622975709,unlinked
MAGsDB_TARA_PSW_MAG_00046,MarDB_Pelagibacteraceae_bacterium_AG-349-O05,0,1.525473488,0.617823479,unlinked
MAGsDB_PBFG01,MAGsDB_TARA_ION_MAG_00011,0,2.375544227,0.609318996,unlinked
ProGenomes_575788_PRJEA32815,MarDB_Pelagibacteraceae_bacterium_AG-325-C03,0,2.178655475,0.740199572,unlinked
MarDB_Oceanicola_sp_22II-s11g,MAGsDB_TARA_PON_MAG_00039,0,1.337859304,0.546147673,unlinked
MarDB_Prochlorococcus_sp_AG-402-B05,MAGsDB_DEZT01,0,2.527426427,0.665634675,unlinked
MarDB_Rhodobacteraceae_bacterium_REDSEA-S02_B3,MAGsDB_NHDG01,0,2.868123644,0.677001388,unlinked
MarDB_Psychrobacter_pacificensis_strain_DSM_23406,MAGsDB_TARA_RED_MAG_00030,0,1.636643613,0.611308818,unlinked
MAGsDB_TARA_PSW_MAG_00021,MarDB_Prochlorococcus_sp_AG-402-O21,0,2.239645797,0.688100962,unlinked
MAGsDB_PAEP01,MAGsDB_PBVH01,0,2.654779942,0.7,unlinked
MAGsDB_TARA_RED_MAG_00092,MarDB_GCA_003331195.1_ASM333119v1,0,1.933360299,0.612121212,unlinked
MAGsDB_DKFX01,MAGsDB_TARA_ANW_MAG_00026,0,2.750788624,0.652677279,unlinked
MAGsDB_NYYX01,MAGsDB_PAXI01,0,2.599042227,0.730605944,unlinked
MAGsDB_TARA_PSE_MAG_00027,MarDB_Pelagibacteraceae_bacterium_AG-430-E20,0,1.783823204,0.565814394,unlinked
MarDB_OCS116_cluster_bacterium_AG-435-F03,MAGsDB_PBFD01,0,2.727967939,0.572331017,unlinked
MAGsDB_PBMH01,MAGsDB_TARA_PSE_MAG_00023,0,2.307569904,0.673674989,unlinked
MAGsDB_DGPN01,MarDB_gamma_proteobacterium_SCGC_AB-629-P17,0,2.699512827,0.679811654,unlinked
MAGsDB_DBUU01,MAGsDB_DBHQ01,0,0.959023127,0.450453721,unlinked
MAGsDB_TARA_SOC_MAG_00003,MAGsDB_PBRR01,0,2.342967649,0.640509014,unlinked
MAGsDB_PASS01,MarDB_Flavobacteriaceae_bacterium_UBA5955,0,2.29125902,0.639201638,unlinked
MarDB_Hyphomonas_sp_22II1-22F38,MAGsDB_PAST01,0,3.204836147,0.652622143,unlinked
MarDB_Zunongwangia_mangrovi_strain_DSM_24499,MAGsDB_PAQR01,0,2.731238384,0.613483939,unlinked
MAGsDB_PBCW01,MAGsDB_TARA_ANE_MAG_00010,0,2.878788124,0.65738758,unlinked
MAGsDB_DBHQ01,MAGsDB_PAAM01,0,2.390171374,0.656155508,unlinked
MarDB_Prochlorococcus_sp_AG-402-O16,MarDB_Halieaceae_bacterium_MED-G27,0,2.988238227,0.674686717,unlinked
MAGsDB_NZIY01,MarDB_Prochlorococcus_sp_AG-347-K16,0,3.074798227,0.647,unlinked
MAGsDB_NHCB01,MAGsDB_TARA_MED_MAG_00025,0,2.364624134,0.65625,unlinked
MAGsDB_DATY01,MAGsDB_DLRR01,0,1.931789227,0.802717391,unlinked
MarDB_GCA_003324635.1_ASM332463v1,MAGsDB_NZIP01,0,3.145959345,0.784511785,unlinked
MAGsDB_DDDX01,MAGsDB_NZMY01,0,2.33817525,0.545141874,unlinked
MAGsDB_TARA_PSE_MAG_00023,MAGsDB_PAOB01,0,2.580322004,0.679,unlinked
MarDB_SAR406_cluster_bacterium_SCGC_AAA160-B08,MarDB_Candidatus_Pelagibacter_HTCC7214,0,2.931242207,0.671781187,unlinked
MarRef_Synechococcus_sp_WH_7803,MarDB_Pseudomonas_balearica_LS401,0,2.246552835,0.643886097,unlinked
MAGsDB_NZWX01,MAGsDB_NYXF01,0,2.638572227,0.62150921,unlinked
MAGsDB_PBSW01,MAGsDB_PAIV01,0,2.2785167,0.820440429,unlinked
MAGsDB_PBKK01,MAGsDB_DDGB01,0,2.092795014,0.659331703,unlinked
MarDB_Pelagibacteraceae_bacterium_AG-390-O04,MAGsDB_TARA_PSW_MAG_00020,0,1.696191124,0.654463952,unlinked
MAGsDB_PASO01,MAGsDB_DAPJ01,0,2.748321027,0.822403064,unlinked
MarDB_GCF_900474185.1_UW69,MAGsDB_TARA_ANE_MAG_00030,0,2.66500013,0.809500727,unlinked
MarDB_Prochlorococcus_marinus_MIT_9201,MAGsDB_PASR01,0,3.114101227,0.625486381,unlinked
MarDB_Prochlorococcus_sp_AG-442-B03,MAGsDB_TARA_RED_MAG_00035,0,3.191224914,0.652329749,unlinked
MAGsDB_PCBC01,MAGsDB_TARA_PSW_MAG_00030,0,1.810388566,0.637138508,unlinked
MAGsDB_TARA_PSW_MAG_00011,MAGsDB_TARA_RED_MAG_00008,0,1.82597202,0.579481971,unlinked
MAGsDB_PBWH01,MAGsDB_PAQH01,0,2.030761927,0.594776415,unlinked
MAGsDB_TARA_PSE_MAG_00038,MarDB_Pelagibacteraceae_bacterium_AG-365-D07,0,1.727617424,0.514934289,unlinked
MAGsDB_TARA_PSW_MAG_00033,MAGsDB_PAZC01,0,2.137738014,0.596308566,unlinked
MAGsDB_NHCB01,MarDB_Nitrosopumilus_sp_Nsub,0,2.068684186,0.810728745,unlinked
MarDB_Prochlorococcus_sp_scB243_498I20,MAGsDB_DGQA01,0,2.612618227,0.639817629,unlinked
MAGsDB_TARA_ANE_MAG_00027,MarDB_Pelagibacteraceae_bacterium_AG-430-E20,0,3.116575215,0.782738095,unlinked
MarDB_GCA_003450155.1_ASM345015v1,MarDB_Prochlorococcus_sp_AG-355-K03,0,3.191504177,0.693349029,unlinked
MarDB_Pelagibacteraceae_bacterium_AG-447-N18,MarDB_Marinobacter_sp_ES1,0,2.417450724,0.657568238,unlinked
MAGsDB_PBKA01,MAGsDB_DCWQ01,0,1.983345327,0.585379464,unlinked
MarDB_Alcanivorax_jadensis_T9,MAGsDB_DKPR01,0,2.091549954,0.603618421,unlinked
MarRef_Prochlorococcus_marinus_AS9601,MarDB_Bacteroidetes_bacterium_SCGC_AAA795-G10,0,3.401828227,0.634657837,unlinked
MAGsDB_TARA_RED_MAG_00091,MAGsDB_PARE01,0,0.915837494,0.504273504,unlinked
MAGsDB_TARA_PSW_MAG_00024,MarDB_GCF_003814515.1_ASM381451v1,0,1.5845594,0.699952897,unlinked
MAGsDB_NZSA01,MAGsDB_PACC02,0,1.392941427,0.471706081,unlinked
MAGsDB_TARA_PSW_MAG_00060,MAGsDB_PBRC01,0,0.739582227,0.521100917,unlinked
MAGsDB_TARA_RED_MAG_00055,MAGsDB_PABS01,0,2.856979324,0.790708588,unlinked
MarRef_Zunongwangia_profunda_SM-A87,MarDB_Pelagibacteraceae_bacterium_AG-337-G06,0,2.876591027,0.675,unlinked
MAGsDB_PACX01,MarDB_Prochlorococcus_sp_AG-347-M15,0,3.245514724,0.654997177,unlinked
MarRef_Candidatus_Thioglobus_singularis,MarDB_Pseudoalteromonas_sp_BSi20311,0,1.192340591,0.606072713,unlinked
MarDB_Prochlorococcus_sp_AG-355-P16,MAGsDB_TARA_ION_MAG_00023,0,2.955864914,0.684947958,unlinked
MAGsDB_PAWJ01,MAGsDB_PCAK01,0,1.952610727,0.666000999,unlinked
MAGsDB_PADQ01,MAGsDB_DBSX01,0,2.447567214,0.794411178,unlinked
MAGsDB_PBKK01,MarDB_Rhodobacteraceae_bacterium_HIMB11,0,1.981025014,0.579368818,unlinked
MAGsDB_PBMY01,MAGsDB_DDZS01,0,2.181271137,0.650166852,unlinked
MarDB_Salipiger_nanhaiensis_strain_DSM_27508,MAGsDB_DDJU01,0,2.779820494,0.64261857,unlinked
MAGsDB_PBYT01,MarDB_GCF_003797905.1_ASM379790v1,0,2.610668494,0.740681363,unlinked
MAGsDB_TARA_PSW_MAG_00042,MAGsDB_PBDW01,0,2.397271594,0.617222222,unlinked
MAGsDB_NHDL01,MarDB_Prochlorococcus_sp_scB243_498B22,0,3.022853437,0.612270715,unlinked
MAGsDB_TARA_PSW_MAG_00021,MAGsDB_PAUB01,0,1.456054244,0.679616817,unlinked
MAGsDB_PBYS01,MAGsDB_TARA_IOS_MAG_00016,0,1.966405114,0.647409445,unlinked
MAGsDB_DAGO01,MarRef_Prochlorococcus_marinus_str_MIT_9301,0,3.342574527,0.797924631,unlinked
MAGsDB_DCQR01,MAGsDB_DDZW01,0,1.337267589,0.627296588,unlinked
MAGsDB_DAKR01,MAGsDB_TARA_MED_MAG_00090,0,3.09123876,0.773917995,unlinked
MAGsDB_PAXU01,MAGsDB_PATB01,0,2.349809027,0.641414141,unlinked
MAGsDB_NZUH01,MAGsDB_PBYB01,0,2.706392984,0.761950594,unlinked
MAGsDB_DGAM01,MarDB_Pelagibacteraceae_bacterium_AG-426-L23,0,2.270166617,0.620232172,unlinked
MAGsDB_PAPI01,MarDB_Prochlorococcus_sp_AG-311-J23,0,3.078128227,0.70498615,unlinked
MAGsDB_PAPI01,MAGsDB_NZIO01,0,2.749832227,0.679271709,unlinked
MAGsDB_NZFU01,MAGsDB_PADF01,0,0.562939597,0.35589942,unlinked
MAGsDB_DAZL01,MarDB_Bacteroidetes_bacterium_SCGC_AAA795-G10,0,3.175735603,0.797092671,unlinked
MAGsDB_NZNH01,MAGsDB_PBRL01,0,2.066201091,0.667908462,unlinked
MarDB_Prochlorococcus_sp_AG-673-L20,MAGsDB_TARA_MED_MAG_00025,0,3.005880134,0.691072575,unlinked
MAGsDB_DJMC01,MAGsDB_PANK01,0,1.896319644,0.661296509,unlinked
MAGsDB_TARA_MED_MAG_00018,MAGsDB_DHXB01,0,2.74317792,0.6578354,unlinked
MAGsDB_DLTP01,MAGsDB_NZXG01,0,2.049130794,0.753016895,unlinked
MAGsDB_PBRC01,MAGsDB_DCYW01,0,2.788612227,0.843335104,unlinked
MAGsDB_TARA_MED_MAG_00095,MarDB_GCA_003540955.1_ASM354095v1,0,2.169517844,0.802023121,unlinked
MarRef_Synechococcus_sp_CC9311,MAGsDB_DAVY01,0,2.909318087,0.814707305,unlinked
MAGsDB_DKAL01,MAGsDB_TARA_ANW_MAG_00035,0,2.00844127,0.688533333,unlinked
MAGsDB_NZYO01,MAGsDB_PAST01,0,2.429462727,0.661997564,unlinked
MAGsDB_DEAU01,MarDB_GCA_003444155.1_ASM344415v1,0,1.999486904,0.649115417,unlinked
MAGsDB_DGPK01,MAGsDB_TARA_ANW_MAG_00040,0,3.175770314,0.637511693,unlinked
MAGsDB_TARA_ANE_MAG_00026,MAGsDB_PANA01,0,2.401747714,0.679605669,unlinked
MAGsDB_TARA_MED_MAG_00066,MAGsDB_TARA_PSE_MAG_00020,0,2.69362407,0.644286637,unlinked
MAGsDB_PABP01,MAGsDB_DGQA01,0,1.743672178,0.634307992,unlinked
MarDB_Prochlorococcus_sp_AG-388-F11,MAGsDB_TARA_RED_MAG_00011,0,2.705540294,0.671372931,unlinked
MAGsDB_NHBY01,MAGsDB_PATE01,0,2.024646957,0.65335529,unlinked
MAGsDB_TARA_PSW_MAG_00021,MAGsDB_TARA_ANW_MAG_00035,0,1.4954774,0.695121951,unlinked
MAGsDB_PBVH01,MAGsDB_DALQ01,0,3.122778992,0.747225647,unlinked
MarRef_Pseudoalteromonas_agarivorans,MarDB_Pelagibacteraceae_bacterium_AG-426-I15,0,2.154501037,0.707432167,unlinked
MAGsDB_NZGC01,MAGsDB_PBYU01,0,0.868112227,0.44381036,unlinked
MAGsDB_NZMY01,MAGsDB_NYWG01,0,2.63331665,0.644930417,unlinked
MAGsDB_DDEF01,MarDB_Pseudoalteromonas_undina_NCIMB_2128,0,1.236253974,0.546260601,unlinked
MAGsDB_NZPK01,MAGsDB_PBNO01,0,2.563134127,0.623723488,unlinked
MarDB_Pelagibacteraceae_bacterium_AG-325-E13,MAGsDB_TARA_PSW_MAG_00077,0,1.652846984,0.561812298,unlinked
MAGsDB_TARA_MED_MAG_00021,MAGsDB_DKQG01,0,2.47032684,0.621120889,unlinked
MAGsDB_TARA_ANW_MAG_00026,MarDB_Alphaproteobacteria_bacterium_MarineAlpha9_Bin3,0,0.947848614,0.352411576,unlinked
MAGsDB_NZGC01,MAGsDB_PBDW01,0,2.050942227,0.643094447,unlinked
MAGsDB_PAMH01,MarDB_SAR116_cluster_bacterium_AG-325-I21,0,1.543212227,0.67349857,unlinked
MAGsDB_NZHD01,MAGsDB_DGQA01,0,1.918861903,0.627442651,unlinked
MAGsDB_TARA_ION_MAG_00038,MarDB_GCA_003520025.1_ASM352002v1,0,2.619146014,0.666856817,unlinked
MAGsDB_PBVH01,MarDB_Alteromonas_marina_AD001,0,2.703952428,0.678571429,unlinked
MarDB_Erythrobacter_sp_EhN03,MarDB_Candidatus_Pelagibacter_HTCC1002,0,2.261491226,0.567527309,unlinked
MarDB_Citromicrobium_sp_JLT1363,MAGsDB_NZFP01,0,2.065138297,0.52803262,unlinked
MAGsDB_PBTB01,MAGsDB_DAXQ01,0,1.709451627,0.839444444,unlinked
MAGsDB_NZUQ01,MarDB_GCA_003513555.1_ASM351355v1,0,1.896387308,0.579034942,unlinked
MAGsDB_NHDB01,MAGsDB_PASE01,0,0.605777737,0.480200781,unlinked
MAGsDB_PBKW01,MAGsDB_TARA_ANW_MAG_00034,0,3.110421814,0.682180851,unlinked
MAGsDB_NYVA01,MAGsDB_DAZU01,0,3.049309028,0.774503523,unlinked
MAGsDB_DACD01,MAGsDB_PBAY01,0,2.623629141,0.782786885,unlinked
MAGsDB_PBEP01,MarDB_Roseobacter_sp_MED193,0,2.905691507,0.734055355,unlinked
MAGsDB_PBYS01,MAGsDB_NYYE01,0,2.417476527,0.648272768,unlinked
MAGsDB_DLRG01,MAGsDB_DHXB01,0,2.759276504,0.721486762,unlinked
MarDB_marine_gamma_proteobacterium_HTCC2143,MAGsDB_NZRO01,0,2.437743027,0.665499124,unlinked
MAGsDB_NZLD01,MAGsDB_TARA_ASW_MAG_00018,0,2.47639747,0.674846626,unlinked
MAGsDB_TARA_PSW_MAG_00007,MAGsDB_NHBO01,0,2.600202126,0.678470255,unlinked
MarDB_Salinisphaeraceae_bacterium_OUC007,MAGsDB_TARA_RED_MAG_00053,0,2.419221234,0.719394773,unlinked
MAGsDB_PASM01,MAGsDB_PBRQ01,0,2.946556627,0.713780919,unlinked
MarDB_Citromicrobium_sp_JLT1363,MAGsDB_PABV01,0,3.003810797,0.770957398,unlinked
MAGsDB_TARA_PSE_MAG_00006,MarDB_Nocardioides_sp_REDSEA-S43_B3,0,2.275996391,0.643659044,unlinked
MarDB_Citreicella_sp_SE45,MAGsDB_PAAF01,0,2.862379626,0.699927431,unlinked
MarRef_Prochlorococcus_marinus_str_MIT_9515,MAGsDB_PBDW01,0,2.985478227,0.667214012,unlinked
MarDB_Methylophilales_bacterium_HTCC2181,MAGsDB_DBTA01,0,2.557846667,0.651755379,unlinked
MAGsDB_PAAU01,MarDB_Thioclava_sp_DLFJ5-1,0,2.472515967,0.659828422,unlinked
MAGsDB_PBWH01,MAGsDB_TARA_MED_MAG_00056,0,2.459722414,0.643079316,unlinked
MarDB_GCA_003445155.1_ASM344515v1,MAGsDB_PBRR01,0,2.02711261,0.669599218,unlinked
MAGsDB_DBAN01,MAGsDB_NZRO01,0,2.172650049,0.613893376,unlinked
MAGsDB_TARA_ION_MAG_00011,MAGsDB_DKOG01,0,1.868802814,0.630672028,unlinked
MAGsDB_TARA_ASW_MAG_00002,MAGsDB_DALQ01,0,2.540589824,0.795243853,unlinked
MAGsDB_PAHD01,MarDB_Candidatus_Pelagibacter_sp_HTCC7211,0,2.924202707,0.62052506,unlinked
MarDB_Prochlorococcus_marinus_SCGC_AAA795-J16,MAGsDB_DEAP01,0,2.993188227,0.691850089,unlinked
MarDB_Pelagibacteraceae_bacterium_AG-404-N13,MAGsDB_TARA_PSW_MAG_00030,0,2.36603799,0.667306769,unlinked
MAGsDB_TARA_MED_MAG_00044,MarDB_SAR116_cluster_bacterium_AG-447-A06,0,2.259784444,0.684453566,unlinked
MAGsDB_TARA_PSW_MAG_00104,MarDB_GCA_003602575.1_ASM360257v1,0,3.001051304,0.778929188,unlinked
MarDB_GCA_003445155.1_ASM344515v1,MAGsDB_NYUA01,0,2.268231464,0.656738281,unlinked
MAGsDB_TARA_RED_MAG_00061,MarDB_GCA_003486205.1_ASM348620v1,0,1.932942468,0.713436929,unlinked
MarDB_Prochlorococcus_sp_AG-686-J21,MAGsDB_PACV01,0,3.244661307,0.651559741,unlinked
MAGsDB_DIIE01,MarDB_GCF_900474295.1_UW140,0,2.105616084,0.640125956,unlinked
MarDB_Halieaceae_bacterium_MED-G27,MAGsDB_NYVP01,0,2.287836547,0.679207921,unlinked
MAGsDB_TARA_ION_MAG_00001,MAGsDB_TARA_ION_MAG_00047,0,2.779734991,0.637037037,unlinked
MarDB_GCA_003324635.1_ASM332463v1,MAGsDB_PBKS01,0,2.815649345,0.782493369,unlinked
MAGsDB_PATH01,MarDB_Flavobacterium_sp_SCGC_AAA160-P02,0,2.660321227,0.703810624,unlinked
MarDB_Prochlorococcus_sp_AG-402-B05,MAGsDB_PAME01,0,2.971987227,0.639285714,unlinked
MarDB_Prochlorococcus_sp_AG-442-B03,MAGsDB_NHBH01,0,2.811948227,0.668425682,unlinked
MAGsDB_TARA_RED_MAG_00020,MAGsDB_DDJT01,0,2.462948514,0.678934625,unlinked
MarDB_Vibrio_tasmaniensis_5F-79,MAGsDB_TARA_ANW_MAG_00002,0,1.18711779,0.562019083,unlinked
MAGsDB_DKNY01,MAGsDB_TARA_PSW_MAG_00037,0,1.661971434,0.481019241,unlinked
MAGsDB_PBMB01,MAGsDB_TARA_MED_MAG_00011,0,2.761561474,0.679226574,unlinked
MarDB_Prochlorococcus_sp_AG-363-C02,MAGsDB_PBDQ01,0,2.604420227,0.702877275,unlinked
MAGsDB_PAFB01,MarDB_Pseudoalteromonas_undina_NCIMB_2128,0,2.083213974,0.657407407,unlinked
MAGsDB_PBGO01,MAGsDB_PALD01,0,1.996011921,0.62189781,unlinked
MAGsDB_TARA_MED_MAG_00040,MarDB_Prochlorococcus_sp_AG-355-I04,0,3.073375814,0.68,unlinked
MAGsDB_DKQU01,MAGsDB_TARA_PON_MAG_00033,0,2.567522914,0.775730623,unlinked
MAGsDB_DCWU01,MarDB_GCA_003602575.1_ASM360257v1,0,2.8273483,0.794299876,unlinked
MAGsDB_TARA_ION_MAG_00007,MAGsDB_NYXK01,0,1.651579484,0.667462212,unlinked
MarDB_Sphingobium_yanoikuyae_strain_UBA1832,MAGsDB_NZFX01,0,2.573635944,0.68645791,unlinked
MarDB_Dokdonia_donghaensis_MED134,MarDB_Prochlorococcus_sp_AG-347-I21,0,3.223482014,0.644240077,unlinked
MarDB_Prochlorococcus_sp_AG-673-L20,MAGsDB_TARA_PSW_MAG_00014,0,3.021530014,0.619268717,unlinked
MarDB_Prochlorococcus_sp_AG-402-A08,MAGsDB_TARA_RED_MAG_00011,0,2.503110294,0.672639225,unlinked
MAGsDB_TARA_MED_MAG_00018,MarDB_GCA_003539805.1_ASM353980v1,0,2.55521938,0.699593496,unlinked
MarRef_alpha_proteobacterium_HIMB59,MAGsDB_NZXG01,0,2.083432227,0.659064554,unlinked
MAGsDB_DEBC01,MarDB_Pelagibacteraceae_bacterium_AG-349-L17,0,1.790440237,0.580141844,unlinked
MAGsDB_PANZ01,MarDB_Marinomonas_sp_Cmf_18.22,0,2.385732227,0.718761797,unlinked
MAGsDB_TARA_PSE_MAG_00023,MAGsDB_DDIM01,0,2.399009904,0.607824427,unlinked
MarDB_Prochlorococcus_sp_AG-347-I06,MarDB_Prochlorococcus_sp_scB243_498I20,0,1.22E-05,0.108487085,unlinked
MAGsDB_DLRK01,MAGsDB_TARA_ANW_MAG_00023,0,2.436690074,0.636175711,unlinked
MAGsDB_TARA_MED_MAG_00062,MAGsDB_TARA_ANE_MAG_00078,0,2.91493014,0.704412547,unlinked
MarRef_Arcobacter_sp_PSE_93,MAGsDB_PAHN01,0,2.691690014,0.661870504,unlinked
MAGsDB_NZLS01,MAGsDB_TARA_MED_MAG_00046,0,0.93966935,0.567460317,unlinked
MAGsDB_TARA_PSW_MAG_00075,MarDB_GCF_900473955.1_GEYO,0,2.864433247,0.801575579,unlinked
MAGsDB_PBQX02,MAGsDB_NHBL01,0,3.111930547,0.690463215,unlinked
MarDB_GCA_003535555.1_ASM353555v1,MAGsDB_DLPT01,0,2.255735882,0.569840503,unlinked
MAGsDB_TARA_MED_MAG_00055,MAGsDB_TARA_MED_MAG_00013,0,2.475435157,0.649817296,unlinked
MarDB_Prochlorococcus_marinus_MIT_9201,MAGsDB_DDDX01,0,3.011948227,0.637829912,unlinked
MAGsDB_TARA_ION_MAG_00001,MAGsDB_DBVB01,0,2.341428634,0.639528355,unlinked
MAGsDB_TARA_ANE_MAG_00057,MarRef_Alteromonas_macleodii_str_Black_Sea_11,0,1.339255443,0.538194444,unlinked
MAGsDB_PBPT01,MAGsDB_NYTH01,0,2.211332487,0.671808055,unlinked
MarDB_Prochlorococcus_sp_AG-347-I04,MAGsDB_NZXB01,0,3.195618227,0.672997947,unlinked
MAGsDB_PBLK01,MAGsDB_NYVM01,0,1.465567727,0.479381443,unlinked
MarDB_Prochlorococcus_sp_AG-442-M23,MAGsDB_TARA_MED_MAG_00077,0,3.024046314,0.674225664,unlinked
MAGsDB_DEBL01,MAGsDB_PAYZ01,0,2.498929927,0.771203156,unlinked
MAGsDB_PAPY01,MAGsDB_PARR01,0,1.638422227,0.634069401,unlinked
MAGsDB_DAKS01,MAGsDB_DAHJ01,0,2.286182227,0.669902913,unlinked
MarDB_Prochlorococcus_sp_AG-355-P18,MAGsDB_NHCT01,0,2.868295327,0.64274062,unlinked
MAGsDB_DCQE01,MAGsDB_TARA_IOS_MAG_00012,0,2.56887296,0.633873672,unlinked
MAGsDB_DAYH01,MAGsDB_NHCB01,0,2.635474227,0.803179825,unlinked
MarDB_Candidatus_Pelagibacter_HTCC7214,MarDB_Alcanivorax_sp_P2S70,0,2.377212207,0.614072495,unlinked
MAGsDB_DBSW01,MAGsDB_PBRN01,0,1.822689427,0.712683348,unlinked
MarDB_alpha_proteobacterium_RS24,MAGsDB_PAUB01,0,2.250550127,0.595813953,unlinked
MAGsDB_TARA_RED_MAG_00021,MAGsDB_PBGL02,0,2.271457128,0.621464226,unlinked
MAGsDB_TARA_ANE_MAG_00026,MAGsDB_PACG01,0,2.403073314,0.709237759,unlinked
MAGsDB_PBPT01,MAGsDB_TARA_RED_MAG_00037,0,2.102532309,0.648208469,unlinked
MAGsDB_PAVX01,MarDB_Pelagibacteraceae_bacterium_AG-426-L23,0,3.059914917,0.659589526,unlinked
MAGsDB_DKAI01,MarDB_Salinicola_salarius_strain_DSM_18044,0,1.719329173,0.650628366,unlinked
MAGsDB_NZZE01,MAGsDB_NYVG01,0,2.671440574,0.642322097,unlinked
MAGsDB_TARA_MED_MAG_00095,MarDB_Salinicola_salarius_1A01339,0,2.564707844,0.829449153,unlinked
MAGsDB_DCXM01,MAGsDB_TARA_MED_MAG_00006,0,1.161622207,0.585474308,unlinked
MarDB_Pelagibacteraceae_bacterium_AG-337-I02,MAGsDB_TARA_MED_MAG_00011,0,2.141706574,0.52869288,unlinked
MAGsDB_NYVP01,MAGsDB_DGAM01,0,2.338346347,0.648531536,unlinked
MAGsDB_NYYE01,MAGsDB_PBRZ01,0,2.164107027,0.626107226,unlinked
MAGsDB_PAYP01,MarDB_Pelagibacteraceae_bacterium_AG-337-I02,0,2.342191009,0.661736641,unlinked
MAGsDB_PBTY01,MAGsDB_NYYJ01,0,2.252284127,0.638053797,unlinked
MarDB_Prochlorococcus_sp_AG-363-A16,MarDB_GCF_003318175.1_ASM331817v1,0,2.384616834,0.690796277,unlinked
MAGsDB_NZKE01,MAGsDB_TARA_MED_MAG_00085,0,1.1043047,0.518204489,unlinked
MarDB_Salipiger_nanhaiensis_strain_DSM_27508,MarDB_Pseudoalteromonas_sp_13_15,0,2.323470942,0.551572327,unlinked
MarDB_Prochlorococcus_sp_AG-363-P19,MAGsDB_PASE01,0,2.754303737,0.687357371,unlinked
MAGsDB_PBYQ01,MAGsDB_PBQK01,0,2.550864903,0.616438356,unlinked
MAGsDB_NHCZ01,MAGsDB_DARI01,0,2.806211314,0.773202213,unlinked
MAGsDB_TARA_ANW_MAG_00014,MarRef_Erythrobacter_sp_YH_07,0,3.028193552,0.621866897,unlinked
MarDB_Idiomarina_zobellii,MarDB_Sphingomonadaceae_bacterium_MED-G03,0,2.008808655,0.533949377,unlinked
MAGsDB_NHEX01,MAGsDB_TARA_RED_MAG_00047,0,2.279203214,0.668158568,unlinked
MAGsDB_NZNM01,MAGsDB_TARA_MED_MAG_00036,0,1.144011394,0.454068241,unlinked
MAGsDB_PBVT01,MAGsDB_TARA_RED_MAG_00009,0,1.730955064,0.655561526,unlinked
MAGsDB_PAPD01,MAGsDB_DACD01,0,2.477786515,0.803448276,unlinked
MarDB_Colwellia_polaris_MCCC1C00015,MAGsDB_PBOD01,0,1.980743527,0.592391304,unlinked
MarDB_GCF_003788635.1_ASM378863v1,MarDB_Prochlorococcus_sp_AG-402-L18,0,2.954258414,0.680408163,unlinked
MarDB_Alcanivorax_sp_UBA1911,MAGsDB_TARA_ANE_MAG_00001,0,1.941792808,0.613849287,unlinked
MAGsDB_DKOK01,MarRef_Planktomarina_temperata_RCA23,0,3.211118874,0.687928082,unlinked
MarDB_Salegentibacter_mishustinae_strain_DSM_23404_1,MAGsDB_NHEI01,0,0.718225447,0.462891699,unlinked
MarDB_Prochlorococcus_sp_AG-402-O16,MAGsDB_PAYZ01,0,3.531885927,0.803351955,unlinked
MarDB_Marine_Group_III_euryarchaeote_CG-Epi1,MarDB_SAR116_cluster_bacterium_AG-325-I21,0,2.256591708,0.850961538,unlinked
MarDB_Prochlorococcus_sp_AG-363-P19,MarDB_Flavobacterium_sp_SCGC_AAA160-P02,0,2.800987327,0.662311558,unlinked
MAGsDB_NYTV01,MarDB_Alphaproteobacteria_bacterium_MarineAlpha5_Bin12,0,1.936075227,0.539915966,unlinked
MarDB_GCA_003444155.1_ASM344415v1,MAGsDB_TARA_ION_MAG_00023,0,2.14992359,0.640014342,unlinked
MAGsDB_TARA_MED_MAG_00027,MAGsDB_TARA_ION_MAG_00002,0,2.663208305,0.659469186,unlinked
MAGsDB_DBUX01,MarDB_GCF_003326695.1_ASM332669v1,0,1.077822798,0.535378323,unlinked
MarDB_Prochlorococcus_sp_scB243_495D8,MarDB_Pelagibacteraceae_bacterium_AG-325-E08,0,3.524237727,0.655150352,unlinked
MAGsDB_PAAG01,MAGsDB_TARA_ANW_MAG_00004,0,1.924939427,0.607623318,unlinked
MAGsDB_TARA_ION_MAG_00023,MAGsDB_PBFM01,0,2.261838914,0.708130081,unlinked
MarDB_Pseudoalteromonas_distincta,MarDB_Mesonia_mobilis,0,2.675241748,0.595890411,unlinked
MAGsDB_DCXP01,MAGsDB_PAFB01,0,2.101552227,0.561403509,unlinked
MAGsDB_PADB01,MAGsDB_PABV01,0,2.413680727,0.772748703,unlinked
MarDB_Idiomarina_zobellii,MAGsDB_PBOW01,0,2.566976055,0.740971913,unlinked
MAGsDB_NHDB01,MarRef_Candidatus_Nitrosopelagicus_brevis_CN25,0,2.623426324,0.814772727,unlinked
MAGsDB_NZWH01,MAGsDB_NZVB01,0,2.298568227,0.662590328,unlinked
MarDB_Prochlorococcus_sp_AG-402-B19,MarDB_Prochlorococcus_sp_AG-355-N16,0,0.682628927,0.241912799,unlinked
MarDB_GCA_003602455.1_ASM360245v1,MAGsDB_NYVR01,0,2.617686674,0.751691827,unlinked
MAGsDB_PBEX01,MarDB_Halomonas_zincidurans_B6,0,2.315632927,0.701989288,unlinked
MarDB_Lutimaribacter_saemankumensis_strain_DSM_28010,MAGsDB_TARA_IOS_MAG_00016,0,2.660405114,0.671013883,unlinked
MarDB_GCA_003331785.1_ASM333178v1,MAGsDB_NHCC01,0,2.318938897,0.624829468,unlinked
MarDB_Prochlorococcus_sp_AG-388-F11,MarDB_Prochlorococcus_sp_AG-402-L23,0,0.060775427,0.214793741,unlinked
MAGsDB_DJZH01,MAGsDB_TARA_RED_MAG_00004,0,1.848964794,0.598320158,unlinked
MarDB_Alphaproteobacteria_bacterium_UBA3437,MAGsDB_TARA_RED_MAG_00061,0,2.30693562,0.664467005,unlinked
MAGsDB_TARA_MED_MAG_00032,MAGsDB_PASS01,0,1.073944214,0.512383049,unlinked
MAGsDB_TARA_RED_MAG_00016,MarDB_Nitrosopumilus_sp_Nsub,0,2.279816013,0.781929727,unlinked
MAGsDB_DACD01,MarDB_Cryomorphaceae_bacterium_ASP1005a,0,2.745756515,0.766075388,unlinked
MarDB_Prochlorococcus_sp_AG-409-M05,MAGsDB_PASN01,0,2.218898227,0.681517424,unlinked
MarDB_Pelagibacteraceae_bacterium_AG-337-G04,MAGsDB_DKQT01,0,2.704732237,0.626690182,unlinked
MAGsDB_NZIP01,MAGsDB_TARA_ANW_MAG_00042,0,2.853626914,0.622757848,unlinked
MarDB_GCF_900474185.1_UW69,MarDB_gamma_proteobacterium_HIMB55,0,2.552064214,0.63125,unlinked
MAGsDB_DKPR01,MAGsDB_PBYA01,0,2.121403964,0.625048771,unlinked
MAGsDB_DAON01,MAGsDB_DCCC01,0,2.387027462,0.811685393,unlinked
MarDB_Pelagibacteraceae_bacterium_AG-414-M23,MarDB_Aestuariibacter_aggregatus_CGMCC_1_8995,0,2.303230043,0.686572841,unlinked
MAGsDB_PBLK01,MAGsDB_TARA_PSW_MAG_00053,0,1.987998614,0.645131938,unlinked
MAGsDB_TARA_RED_MAG_00016,MAGsDB_DKOT01,0,2.488680355,0.672764228,unlinked
MarDB_GCA_003602415.1_ASM360241v1,MAGsDB_PACG01,0,2.331615634,0.798113208,unlinked
MAGsDB_TARA_PSE_MAG_00006,MAGsDB_DCWP01,0,2.144894444,0.65862069,unlinked
MAGsDB_PAHZ01,MAGsDB_PAAV01,0,1.017633727,0.500738552,unlinked
MAGsDB_PACQ01,MAGsDB_DFRK01,0,1.745262227,0.631597591,unlinked
MAGsDB_TARA_ANW_MAG_00009,MarDB_Synechococcus_sp_AG-679-C18,0,2.331982227,0.663362702,unlinked
MAGsDB_PAHI01,MAGsDB_DFVG01,0,1.989491921,0.574525745,unlinked
MAGsDB_NZWG01,MAGsDB_DJKX01,0,0.748248037,0.422463768,unlinked
MAGsDB_PAHQ01,MAGsDB_DDDX01,0,2.313002427,0.632533072,unlinked
MarDB_Rhodobacteraceae_bacterium_REDSEA-S02_B3,MAGsDB_TARA_ION_MAG_00038,0,2.142897431,0.599891716,unlinked
MAGsDB_DJLN01,MAGsDB_TARA_ANW_MAG_00034,0,1.114511667,0.46848249,unlinked
MarDB_Candidatus_Marinamargulisbacteria_bacterium_SCGC_AG-343-D04,MarDB_Prochlorococcus_sp_AG-402-K10,0,2.265248227,0.642944785,unlinked
MarDB_Prochlorococcus_marinus_MIT_9302,MAGsDB_TARA_MED_MAG_00035,0,3.249564214,0.624712644,unlinked
MAGsDB_PBWG01,MAGsDB_NHDG01,0,2.628191697,0.617169374,unlinked
MAGsDB_PASA01,MarDB_Oceanicaulis_sp_HTCC2633,0,2.778426423,0.662692499,unlinked
MAGsDB_PBJN01,MAGsDB_TARA_PSE_MAG_00043,0,2.324161954,0.653310105,unlinked
MAGsDB_DFPC01,MarRef_Erythrobacter_sp_YH_07,0,0.099970559,0.217566885,unlinked
MAGsDB_DLRG01,MAGsDB_PASE01,0,2.664037737,0.714419915,unlinked
MAGsDB_PBTP01,MAGsDB_PACC02,0,2.846420927,0.657300783,unlinked
MarDB_Prochlorococcus_marinus_MIT_1342,MAGsDB_DDDX01,0,2.425488508,0.638461538,unlinked
MarDB_Synechococcus_sp_AG-670-A05,MarDB_Synechococcus_sp_WH_8109,0,0.151367002,0.204361371,unlinked
MarDB_Marinobacterium_litorale,MAGsDB_DALQ01,0,2.568480677,0.828268551,unlinked
MAGsDB_DBHQ01,MAGsDB_DCCB01,0,0.808511474,0.43635685,unlinked
MarDB_Alcanivorax_jadensis_T9,MAGsDB_TARA_ION_MAG_00012,0,2.981356804,0.683575884,unlinked
MarDB_GCA_003519765.1_ASM351976v1,MarDB_Sphingomonas_sp_SKA58,0,2.649542025,0.686699072,unlinked
MAGsDB_PAHL01,MAGsDB_NZOF01,0,3.263947657,0.644366197,unlinked
MAGsDB_TARA_PON_MAG_00005,MAGsDB_PBSR01,0,2.176425227,0.647674419,unlinked
MAGsDB_TARA_PSW_MAG_00047,MarRef_Prochlorococcus_marinus_str_MIT_9312,0,3.244017094,0.65711308,unlinked
MAGsDB_DDDX01,MAGsDB_DJLW01,0,0.995353287,0.549380077,unlinked
MAGsDB_NZDS01,MAGsDB_TARA_ION_MAG_00043,0,2.310259934,0.686706181,unlinked
MAGsDB_NZAK01,MAGsDB_PBRP01,0,1.775232227,0.550270688,unlinked
MarRef_Formosa_sp_Hel3_A1_48,MAGsDB_TARA_MED_MAG_00036,0,2.457701395,0.607864555,unlinked
MAGsDB_DAKR01,MAGsDB_DDNL01,0,2.316136024,0.816074951,unlinked
MAGsDB_TARA_MED_MAG_00006,MarDB_Leeuwenhoekiella_blandensis_MED217,0,2.606354382,0.625984252,unlinked
MAGsDB_DKFX01,MAGsDB_NZXB01,0,2.793402237,0.674599542,unlinked
MarDB_Microbacteriaceae_bacterium_strain_strain_Alg239_V181,MAGsDB_TARA_MED_MAG_00087,0,2.77749249,0.710219319,unlinked
MAGsDB_DDNM01,MAGsDB_TARA_RED_MAG_00009,0,2.050773064,0.645541223,unlinked
MAGsDB_NYYE01,MAGsDB_NZRP01,0,0.998796527,0.311621021,unlinked
MAGsDB_PAFF01,MAGsDB_TARA_MED_MAG_00027,0,0.762536159,0.463541667,unlinked
MarDB_Labrenzia_sp_C1B10,MarDB_Prochlorococcus_sp_AG-402-N21,0,2.829465638,0.730899256,unlinked
MAGsDB_PBCY01,MAGsDB_PCBE01,0,2.020812207,0.628252788,unlinked
MAGsDB_PBGH01,MAGsDB_TARA_ANE_MAG_00001,0,2.848729714,0.792763158,unlinked
MAGsDB_DKPW01,MAGsDB_DAXQ01,0,1.540916927,0.836778332,unlinked
MAGsDB_PAVS01,MAGsDB_TARA_MED_MAG_00042,0,2.101259952,0.643861293,unlinked
MAGsDB_PBAU01,MarDB_Synechococcus_sp_RS9916,0,2.642226927,0.681678608,unlinked
MarDB_Oceanospirillum_beijerinckii,MAGsDB_DDEE01,0,2.689374827,0.686446886,unlinked
MarDB_Prochlorococcus_sp_scB245a_520K10,MarDB_Alphaproteobacteria_bacterium_MarineAlpha5_Bin12,0,3.167747554,0.663409338,unlinked
MAGsDB_DDIH01,MAGsDB_PBZV01,0,2.247249642,0.813891835,unlinked
MarDB_Synechococcus_sp_WH_8109,MarDB_GCA_003445735.1_ASM344573v1,0,2.652098202,0.678941909,unlinked
MarRef_Zunongwangia_profunda_SM-A87,MAGsDB_TARA_ANW_MAG_00042,0,2.801365814,0.653932584,unlinked
MarDB_Prochlorococcus_sp_AG-347-M15,MAGsDB_DBHK01,0,2.960238224,0.636363636,unlinked
MAGsDB_DDNL01,MarDB_Prochlorococcus_sp_AG-355-K03,0,2.755654177,0.714001986,unlinked
MAGsDB_DCLA01,MarDB_GCA_003602535.1_ASM360253v1,0,2.178068914,0.796917148,unlinked
MarDB_Cryomorphaceae_bacterium_ASP1005a,MAGsDB_DFVV01,0,2.5262679,0.569354031,unlinked
MAGsDB_TARA_RED_MAG_00008,MAGsDB_NZED01,0,1.920867614,0.654447921,unlinked
MAGsDB_NHEZ01,MarDB_Pelagibacteraceae_bacterium_AG-430-E20,0,3.108374237,0.671342685,unlinked
MarDB_marine_actinobacterium_MedAcidiG1,MarDB_Vibrio_splendidus_strain_UCD-FRSSP16_15,0,2.308994102,0.743305029,unlinked
MarRef_Synechococcus_sp_WH_8102,MAGsDB_PAUC01,0,1.782587827,0.710457173,unlinked
MAGsDB_PAPG01,MAGsDB_PAQF01,0,2.308295734,0.634817228,unlinked
MAGsDB_TARA_PSW_MAG_00068,MarDB_Prochlorococcus_sp_AG-388-J02,0,3.236488493,0.693365212,unlinked
MAGsDB_DAPJ01,MAGsDB_PASP01,0,2.683548027,0.796650718,unlinked
MAGsDB_TARA_IOS_MAG_00005,MAGsDB_TARA_PSW_MAG_00076,0,1.810355514,0.602680502,unlinked
MAGsDB_PBME01,MarRef_Prochlorococcus_marinus_str_MIT_9215,0,2.550708427,0.792225201,unlinked
MAGsDB_DCQB01,MAGsDB_DAKS01,0,2.594284754,0.787619048,unlinked
MAGsDB_TARA_PSW_MAG_00054,MAGsDB_TARA_IOS_MAG_00035,0,2.42680784,0.646153846,unlinked
MAGsDB_DJKZ01,MAGsDB_TARA_MED_MAG_00063,0,1.91389046,0.64160097,unlinked
MarDB_GCF_003326695.1_ASM332669v1,MAGsDB_PBDJ01,0,2.205854505,0.684150943,unlinked
MAGsDB_TARA_ASE_MAG_00002,MarDB_Vibrio_splendidus_strain_10N_261_55_E11,0,1.35347322,0.62962963,unlinked
MAGsDB_DGPK01,MarDB_Joostella_marina,0,1.030542227,0.478100264,unlinked
MarRef_Thalassolituus_oleivorans_MIL-1,MAGsDB_PBRZ01,0,1.7202744,0.607142857,unlinked
MAGsDB_DJKX01,MarDB_Marine_group_II_euryarchaeote_REDSEA-S11_B3N4,0,2.856326507,0.772609819,unlinked
MAGsDB_PALX01,MarRef_Prochlorococcus_marinus_str_MIT_9215,0,3.144548427,0.667569031,unlinked
MAGsDB_TARA_PSW_MAG_00029,MarDB_Candidatus_Pelagibacter_ubique_SCGC_AAA795-D22,0,2.240164607,0.617702448,unlinked
MAGsDB_TARA_ANW_MAG_00013,MAGsDB_PBJO01,0,1.634509659,0.548387097,unlinked
MarDB_Prochlorococcus_sp_AG-321-D23,MAGsDB_PAYS01,0,3.125009682,0.694077056,unlinked
MarDB_GCF_003386165.1_ASM338616v1,MAGsDB_TARA_ANW_MAG_00002,0,2.725935234,0.606914694,unlinked
MAGsDB_NZJW01,MarDB_Colwellia_polaris_MCCC1C00015,0,2.139192227,0.704814189,unlinked
MAGsDB_DGPK01,MAGsDB_DAME01,0,3.014257227,0.764117647,unlinked
MAGsDB_NZGC01,MAGsDB_TARA_ANE_MAG_00074,0,2.383986764,0.657575758,unlinked
MAGsDB_DDEJ01,MAGsDB_TARA_ANE_MAG_00020,0,2.051388427,0.558549731,unlinked
MAGsDB_PBDQ01,MAGsDB_PBHZ01,0,2.979589227,0.787088765,unlinked
MAGsDB_DEBC01,MAGsDB_TARA_ANE_MAG_00011,0,1.094839114,0.552783964,unlinked
MarDB_Prochlorococcus_sp_AG-347-K10,MarDB_GCA_003540955.1_ASM354095v1,0,2.582298227,0.690807799,unlinked
MarDB_Marine_Group_III_euryarchaeote_CG-Epi1,MAGsDB_TARA_RED_MAG_00045,0,2.420190015,0.833855799,unlinked
MAGsDB_PBYF01,MAGsDB_PBZE01,0,2.198937226,0.824196597,unlinked
MAGsDB_DGPN01,MAGsDB_DBAM01,0,2.712323959,0.667181467,unlinked
MAGsDB_TARA_ANW_MAG_00020,MAGsDB_PBWJ01,0,2.958066033,0.704709376,unlinked
MAGsDB_DJLZ01,MAGsDB_NZID01,0,2.236645627,0.637266355,unlinked
MAGsDB_PBLL01,MAGsDB_PBSY01,0,1.924972201,0.674323635,unlinked
MarDB_Prochlorococcus_marinus_SB,MAGsDB_PAJA01,0,2.683556657,0.631355932,unlinked
MAGsDB_DCXL01,MAGsDB_NZGT01,0,2.137171903,0.666362392,unlinked
MarDB_Bacteroidetes_bacterium_MED-G17,ProGenomes_1235558_PRJNA175917,0,1.969248727,0.726203209,unlinked
MarRef_Prochlorococcus_marinus_AS9601,MAGsDB_TARA_MED_MAG_00089,0,3.336548414,0.625548246,unlinked
MarDB_Prochlorococcus_sp_AG-442-B03,MAGsDB_PAQH01,0,2.895938227,0.709297052,unlinked
MAGsDB_TARA_PSE_MAG_00038,MAGsDB_PBAU01,0,2.756686014,0.687736359,unlinked
MAGsDB_NZIJ01,MAGsDB_NZIY01,0,2.090552227,0.604270109,unlinked
MAGsDB_PABG01,MAGsDB_DFMJ01,0,1.994032814,0.566097658,unlinked
MAGsDB_PBGO01,MAGsDB_NYXF01,0,2.391391921,0.625609756,unlinked
MAGsDB_PBNP01,MarDB_Sphingobium_xenophagum_strain_UBA2525,0,2.666349764,0.719234275,unlinked
MarDB_Prochlorococcus_sp_AG-402-K10,MAGsDB_NYUE01,0,2.904846114,0.652265543,unlinked
MAGsDB_NHCJ01,MAGsDB_PACX01,0,2.903360484,0.619119119,unlinked
MAGsDB_PAHD01,MAGsDB_DGLO01,0,2.211868827,0.645678306,unlinked
MAGsDB_TARA_RED_MAG_00081,MarDB_Prochlorococcus_sp_AG-388-E21,0,2.512862014,0.686334056,unlinked
MarDB_Pelagibaca_bermudensis,MarRef_Pseudomonas_sp_MT-1,0,2.205059111,0.503167421,unlinked
MarDB_Oceanicola_sp_22II-s11g,MarDB_Synechococcus_sp_WH7805,0,2.803328227,0.622277758,unlinked
MarRef_Gramella_flava_JLT2011,MarDB_Candidatus_Pelagibacter_ubique_SCGC_AAA795-M22,0,3.125377037,0.704274354,unlinked
MAGsDB_TARA_ANE_MAG_00009,MAGsDB_TARA_ANE_MAG_00029,0,2.781432694,0.720974496,unlinked
MAGsDB_DAMU01,MarDB_Alcanivorax_sp_P2S70,0,2.485867227,0.81511254,unlinked
MAGsDB_NYYJ01,MAGsDB_PBRC01,0,2.077966227,0.644557823,unlinked
MarDB_Prochlorococcus_sp_AG-409-G20,MAGsDB_TARA_MED_MAG_00094,0,2.319891714,0.672727273,unlinked
MarDB_Vibrio_cyclitrophicus_FF75_2,MarDB_GCF_003788585.1_ASM378858v1,0,1.225489819,0.553084873,unlinked
MAGsDB_PBNO01,MAGsDB_PAAX01,0,2.278792227,0.577621341,unlinked
MarRef_Prochlorococcus_marinus_str_MIT_9301,MarDB_Prochlorococcus_sp_AG-418-K17,0,0.078153527,0.215396003,unlinked
MAGsDB_DAZL01,MAGsDB_TARA_ANE_MAG_00057,0,2.857720858,0.81328008,unlinked
MAGsDB_PBBX01,MarDB_Prochlorococcus_sp_scB243_495L20,0,2.549692282,0.661937076,unlinked
MAGsDB_NYVG01,MarRef_Pseudodesulfovibrio_profundus_strain_500-1,0,2.192280367,0.6266209,unlinked
MarDB_Prochlorococcus_sp_AG-347-M15,MAGsDB_TARA_ASW_MAG_00023,0,3.298875211,0.658183921,unlinked
MAGsDB_TARA_MED_MAG_00027,MAGsDB_TARA_ANE_MAG_00043,0,2.150580105,0.545148248,unlinked
MarDB_Hyphomonas_sp_22II1-22F38,MarDB_SAR406_cluster_bacterium_SCGC_AAA298-D23,0,2.969146797,0.679042501,unlinked
MarDB_GCA_003514305.1_ASM351430v1,MarDB_Prochlorococcus_sp_AG-347-K16,0,3.137428227,0.665306122,unlinked
MarDB_Prochlorococcus_sp_scB243_495D8,MAGsDB_TARA_RED_MAG_00091,0,3.093719714,0.716319268,unlinked
MarDB_Phaeobacter_gallaeciensis_strain_JL2872,MAGsDB_TARA_PSE_MAG_00018,0,2.856825388,0.586466165,unlinked
MarRef_Sulfitobacter_sp_D7,MAGsDB_PAHZ01,0,3.435848704,0.726821192,unlinked
MarDB_SAR116_cluster_bacterium_MED-G06,MAGsDB_NHCD01,0,2.532302567,0.681865285,unlinked
MAGsDB_PAZL01,MAGsDB_DAYH01,0,3.207844227,0.799327354,unlinked
MarDB_Rhodobacteraceae_bacterium_SB2,MAGsDB_NZEC01,0,2.534369077,0.859845228,unlinked
MAGsDB_DKOG01,MAGsDB_TARA_PSE_MAG_00053,0,1.316300124,0.59151656,unlinked
MAGsDB_TARA_PSW_MAG_00021,MAGsDB_PBXC01,0,1.863794244,0.612952968,unlinked
MAGsDB_DLRK01,MAGsDB_DAVD01,0,2.481707227,0.797265441,unlinked
MarDB_Prochlorococcus_sp_AG-363-C02,MAGsDB_PBLS01,0,2.633138207,0.703905091,unlinked
MAGsDB_DCQE01,MarDB_Prochlorococcus_sp_AG-355-I04,0,2.664030074,0.632429614,unlinked
MAGsDB_TARA_IOS_MAG_00067,MAGsDB_NHBK01,0,2.219675906,0.557039298,unlinked
MAGsDB_DCBC01,MAGsDB_TARA_PSW_MAG_00037,0,1.470649834,0.536184211,unlinked
MAGsDB_PBEP01,MAGsDB_NZGY01,0,2.447497227,0.70679948,unlinked
MAGsDB_NZAK01,MAGsDB_DGPK01,0,2.529262227,0.691493864,unlinked
MAGsDB_PABM01,MarDB_Thalassobium_sp_strain_NORP79,0,2.708832352,0.741573034,unlinked
MAGsDB_PBAE01,MarDB_Alphaproteobacteria_bacterium_UBA3437,0,2.027777509,0.5808,unlinked
MAGsDB_PAPD01,MarDB_Salinisphaeraceae_bacterium_OUC007,0,1.280570927,0.537715971,unlinked
MAGsDB_TARA_RED_MAG_00021,MarDB_Prochlorococcus_marinus_GP2,0,3.042038884,0.817073171,unlinked
MAGsDB_NZAM01,MAGsDB_PAPN01,0,1.151796061,0.514678558,unlinked
MarDB_Pelagibacteraceae_bacterium_AG-319-F18,MarDB_Pelagibacteraceae_bacterium_AG-426-L23,0,0.840286797,0.361788618,unlinked
MAGsDB_PAHQ01,MarDB_GCA_003331195.1_ASM333119v1,0,1.287940273,0.553215709,unlinked
MarDB_Pelagibacteraceae_bacterium_AG-461-B04,MAGsDB_DCWS01,0,1.968708887,0.671568627,unlinked
MAGsDB_PASP01,MAGsDB_TARA_ION_MAG_00009,0,2.144669227,0.628998754,unlinked
MAGsDB_TARA_ASW_MAG_00008,MAGsDB_TARA_ASW_MAG_00001,0,2.314363636,0.548429319,unlinked
MarRef_Alteromonas_sp_RKMC_009,MarDB_SAR116_cluster_bacterium_REDSEA-S10_B10N8,0,1.868514325,0.646315029,unlinked
MAGsDB_DLRG01,MAGsDB_PBME01,0,1.977822227,0.814152966,unlinked
MarDB_Prochlorococcus_sp_AG-402-O16,MAGsDB_TARA_PSE_MAG_00043,0,2.859207954,0.613592233,unlinked
MarDB_Prochlorococcus_marinus_MIT_1342,MarDB_Caulobacter_crescentus_OR37,0,2.609718508,0.636981132,unlinked
MAGsDB_TARA_MED_MAG_00002,MAGsDB_TARA_RED_MAG_00086,0,2.172425365,0.541772152,unlinked
MarDB_Acinetobacter_venetianus_CIP_110063,MAGsDB_DKOA01,0,1.875131344,0.626429479,unlinked
MAGsDB_TARA_PSW_MAG_00048,MAGsDB_TARA_PON_MAG_00007,0,2.78188971,0.633097762,unlinked
MAGsDB_PBLC01,MAGsDB_PAZP01,0,3.150688754,0.725258493,unlinked
MAGsDB_NZVJ01,MAGsDB_PACC02,0,1.603408427,0.466303271,unlinked
MAGsDB_NZUX01,MAGsDB_TARA_ANW_MAG_00022,0,1.847355114,0.659157689,unlinked
MAGsDB_NHCJ01,MAGsDB_PAAR01,0,2.293203984,0.626995646,unlinked
MAGsDB_PBMF01,MAGsDB_PBOO01,0,2.351511615,0.693960511,unlinked
MarDB_Bacteroidetes_bacterium_strain_Sum29NG08_bin36,MAGsDB_PBMI01,0,2.585719627,0.650303365,unlinked
MAGsDB_TARA_PSW_MAG_00006,MAGsDB_PBZE01,0,2.626672055,0.814012739,unlinked
MarDB_GCA_003450155.1_ASM345015v1,MAGsDB_TARA_ANW_MAG_00020,0,2.624602014,0.671068923,unlinked
MAGsDB_PAMH01,MAGsDB_TARA_RED_MAG_00023,0,2.18218051,0.715206878,unlinked
MAGsDB_PBGH01,MAGsDB_PBRS01,0,3.236227227,0.782059801,unlinked
MAGsDB_PBKU01,MAGsDB_DAFJ01,0,2.348790646,0.803389831,unlinked
MAGsDB_NZGX01,MAGsDB_DFWB01,0,2.286539227,0.648773006,unlinked
MAGsDB_DBGJ01,MAGsDB_TARA_ASE_MAG_00010,0,2.42441123,0.65681047,unlinked
MAGsDB_DJLN01,MAGsDB_DHXB01,0,3.034476357,0.649971215,unlinked
MAGsDB_TARA_ANE_MAG_00043,MarDB_Albimonas_donghaensis_strain_DSM_17890,0,2.867333474,0.714689266,unlinked
MarDB_Colwellia_aestuarii_CGMCC1_6965,MAGsDB_PBQI01,0,1.685135727,0.619379575,unlinked
MarDB_Alphaproteobacteria_bacterium_MarineAlpha5_Bin5,MarDB_Roseovarius_mucosus,0,1.952790927,0.603743528,unlinked
MarDB_Prochlorococcus_marinus_MIT_9107,MAGsDB_PBLL01,0,2.762748227,0.694187941,unlinked
MAGsDB_DJZH01,MAGsDB_NZIO01,0,1.868162227,0.652648826,unlinked
MAGsDB_DJZU01,MAGsDB_DAXQ01,0,2.150086827,0.813690476,unlinked
MAGsDB_DLTS01,MAGsDB_DKNZ01,0,2.290907827,0.679850347,unlinked
MAGsDB_DCWN01,MarDB_Synechococcus_sp_BL107,0,1.850368227,0.643327842,unlinked
MarDB_Pelagibacteraceae_bacterium_AG-414-M23,MAGsDB_TARA_ANE_MAG_00016,0,1.355926224,0.51933373,unlinked
MarDB_Synechococcus_sp_AG-670-A05,MAGsDB_TARA_MED_MAG_00044,0,2.268615244,0.657756813,unlinked
MAGsDB_TARA_PSW_MAG_00113,MarDB_SAR116_cluster_bacterium_REDSEA-S10_B10N8,0,2.519530371,0.706079464,unlinked
MarDB_Zunongwangia_mangrovi_strain_DSM_24499,MarDB_Marinomonas_sp_SBI8L,0,2.644435927,0.606417813,unlinked
MAGsDB_TARA_IOS_MAG_00024,MAGsDB_PBUO01,0,2.212597314,0.664580726,unlinked
MAGsDB_DKFX01,MAGsDB_NHFA01,0,2.976647237,0.780582524,unlinked
MarDB_Pelagibacteraceae_bacterium_AG-422-B15,MAGsDB_PAOB01,0,2.851875928,0.680751174,unlinked
MAGsDB_PBMB01,MAGsDB_NZXW01,0,2.533067127,0.712037766,unlinked
MAGsDB_PBFD01,MAGsDB_NZED01,0,2.190731829,0.653299492,unlinked
MAGsDB_NZRN01,MAGsDB_PBID01,0,0.835023574,0.422945205,unlinked
MarRef_Chromohalobacter_salexigens_DSM_3043,MAGsDB_PABC01,0,2.254924449,0.705406399,unlinked
MAGsDB_DCWO01,MarRef_Synechococcus_sp_CC9311,0,2.027518227,0.674593242,unlinked
MAGsDB_TARA_PSW_MAG_00007,MarDB_GCA_003331925.1_ASM333192v1,0,2.558676714,0.588983051,unlinked
MAGsDB_PAVS01,MAGsDB_TARA_MED_MAG_00065,0,2.207353858,0.634157509,unlinked
MAGsDB_NYYP01,MAGsDB_TARA_MED_MAG_00029,0,1.979270874,0.674454038,unlinked
MarDB_Pelagibacteraceae_bacterium_AG-390-L03,MAGsDB_NYXD01,0,3.217882207,0.709133217,unlinked
MarDB_Prochlorococcus_sp_AG-363-P06,MAGsDB_DGPO01,0,3.056038227,0.654511454,unlinked
MarDB_SAR406_cluster_bacterium_SCGC_AAA160-I06,MarDB_GCA_003445735.1_ASM344573v1,0,2.192370127,0.570776256,unlinked
MAGsDB_NHDS01,MAGsDB_TARA_PSW_MAG_00028,0,2.051358734,0.697297297,unlinked
MarDB_Pelagibacteraceae_bacterium_AG-410-D23,MarDB_Prochlorococcus_sp_AG-418-D13,0,3.335278297,0.720870679,unlinked
MAGsDB_TARA_ANW_MAG_00065,MAGsDB_PBUO01,0,2.015486214,0.683991684,unlinked
MarDB_GCA_003331925.1_ASM333192v1,MAGsDB_PAYP01,0,2.526475598,0.629501727,unlinked
MAGsDB_TARA_RED_MAG_00043,MAGsDB_PAPJ01,0,2.253576934,0.67996012,unlinked
MAGsDB_DKPV01,MAGsDB_PBVH01,0,0.969883942,0.411280101,unlinked
MAGsDB_PBLS01,MAGsDB_DAHO01,0,2.301858117,0.798801797,unlinked
MAGsDB_TARA_PSE_MAG_00093,MAGsDB_NZZM01,0,3.415129315,0.661007667,unlinked
MAGsDB_PBUF01,MAGsDB_TARA_PSE_MAG_00041,0,3.107467114,0.696487377,unlinked
MarDB_Leeuwenhoekiella_palythoae_strain_DSM_19859,MarDB_Prochlorococcus_sp_scB241_528O2,0,3.272679697,0.649839376,unlinked
MAGsDB_PAQM01,MarDB_Marinomonas_sp_SBI8L,0,2.461045927,0.67311135,unlinked
MarDB_Rhodobacteraceae_bacterium_HTCC2083,MAGsDB_TARA_RED_MAG_00029,0,2.830218414,0.66601024,unlinked
MAGsDB_PBKK01,MarDB_SAR116_cluster_bacterium_AG-390-L20,0,1.572315014,0.513314448,unlinked
MAGsDB_TARA_MED_MAG_00053,MAGsDB_DCQA01,0,2.521332531,0.790378007,unlinked
MarDB_Salipiger_nanhaiensis_strain_DSM_27508,MAGsDB_TARA_MED_MAG_00002,0,2.337524271,0.657369016,unlinked
MarDB_Roseobacter_sp_MED193,MAGsDB_NZRO01,0,3.115337307,0.68752491,unlinked
MarDB_Pelagibacteraceae_bacterium_AG-430-F16,MAGsDB_NYSW01,0,2.84860082,0.675731144,unlinked
MAGsDB_PBRL01,MarDB_Prochlorococcus_sp_AG-424-P23,0,2.928978227,0.683323299,unlinked
MAGsDB_DLQI01,MarDB_Prochlorococcus_sp_AG-418-D13,0,3.425878227,0.649009475,unlinked
MAGsDB_TARA_ION_MAG_00016,MAGsDB_TARA_PSE_MAG_00043,0,2.267041954,0.670533643,unlinked
MarDB_Phaeobacter_gallaeciensis_strain_JL2872,MAGsDB_TARA_MED_MAG_00036,0,2.694481394,0.646336786,unlinked
MarDB_Sphingomonadaceae_bacterium_MED-G03,MAGsDB_TARA_ANW_MAG_00002,0,2.067294827,0.53255814,unlinked
MAGsDB_PAMH01,MarRef_Candidatus_Thioglobus_singularis,0,0.846531614,0.587526205,unlinked
MAGsDB_PANN01,MAGsDB_PAPS01,0,2.083272727,0.566064982,unlinked
MAGsDB_DBAG01,MAGsDB_TARA_ANE_MAG_00001,0,2.11952187,0.62716263,unlinked
MAGsDB_TARA_PSW_MAG_00076,MAGsDB_PBPT01,0,2.099129284,0.696190913,unlinked
MAGsDB_PAVR01,MAGsDB_DLTU01,0,2.61148474,0.699450214,unlinked
MAGsDB_TARA_MED_MAG_00022,MarDB_Pelagibacteraceae_bacterium_AG-414-M23,0,2.206966976,0.551304348,unlinked
MAGsDB_PAPD01,MAGsDB_DEAT01,0,2.327598925,0.636887608,unlinked
MAGsDB_NZGN01,MAGsDB_PABV01,0,3.068469104,0.787001898,unlinked
MAGsDB_NZYO01,MAGsDB_NZHD01,0,1.679132403,0.641992551,unlinked
MAGsDB_PBMI01,MarDB_GCA_003540955.1_ASM354095v1,0,1.828429627,0.65904936,unlinked
MAGsDB_DALQ01,MAGsDB_TARA_RED_MAG_00053,0,2.930677584,0.765827093,unlinked
MarDB_Prochlorococcus_sp_AG-347-I15,MarDB_Spongiibacter_tropicus,0,2.924364141,0.687190083,unlinked
MAGsDB_PABG01,MAGsDB_PAFS01,0,0.835270292,0.583913043,unlinked
MarDB_Rhodobacteraceae_bacterium_HIMB11,MAGsDB_PBZM01,0,2.421322227,0.566519824,unlinked
MarDB_Synechococcus_sp_RS9916,MAGsDB_NHCT01,0,2.207825327,0.62962963,unlinked
MarDB_Alcanivorax_sp_UBA1911,MAGsDB_NHDO01,0,1.241590322,0.58898798,unlinked
MAGsDB_TARA_PSW_MAG_00019,MarDB_Nitrosopumilus_sp_Nsub,0,2.002039072,0.809639727,unlinked
MAGsDB_TARA_RED_MAG_00109,MAGsDB_PBBX01,0,2.242187701,0.714797747,unlinked
MAGsDB_DIHT01,MAGsDB_PAZP01,0,2.518623147,0.667031165,unlinked
MarDB_Prochlorococcus_sp_AG-355-M18,MAGsDB_TARA_PSE_MAG_00001,0,2.591011327,0.672,unlinked
MarDB_Algoriphagus_ornithinivorans_strain_DSM_15282,MAGsDB_DDFN01,0,1.120054585,0.386193097,unlinked
MAGsDB_DGPO01,MAGsDB_PAXI01,0,2.672532227,0.679493671,unlinked
MAGsDB_DIIG01,MAGsDB_PBKH01,0,1.978672227,0.648229015,unlinked
MAGsDB_PBMI01,MarDB_Idiomarina_baltica,0,2.199372364,0.66023166,unlinked
MAGsDB_DANB01,MarDB_Vitellibacter_sp_D-24,0,3.142625707,0.788695193,unlinked
MarDB_Synechococcus_sp_WH8016,MAGsDB_NHCT01,0,2.290132327,0.632823366,unlinked
MarDB_Citreicella_sp_SE45,MAGsDB_PBDA01,0,2.20621854,0.637327678,unlinked
MAGsDB_TARA_ANE_MAG_00054,MAGsDB_DJYU01,0,2.72047806,0.653306613,unlinked
MarDB_Prochlorococcus_marinus_MIT_9107,MAGsDB_DAKS01,0,3.313943227,0.783197832,unlinked
MAGsDB_NYZE01,MAGsDB_TARA_MED_MAG_00090,0,2.307914964,0.626384693,unlinked
MAGsDB_PBPT01,MAGsDB_PAIV01,0,1.545528774,0.495750708,unlinked
MarDB_GCF_003335485.1_ASM333548v1,MarDB_Pelagibacteraceae_bacterium_AG-426-I15,0,2.478988827,0.726633581,unlinked
MAGsDB_NZKO01,MAGsDB_TARA_ANW_MAG_00022,0,1.661145114,0.565577543,unlinked
MAGsDB_DFPC01,MAGsDB_PBNL01,0,3.346166329,0.67189729,unlinked
MAGsDB_TARA_RED_MAG_00109,MarDB_Williamsia_marianensis_strain_DSM_44944,0,2.216418487,0.639141506,unlinked
MAGsDB_DJKZ01,MarRef_Sulfitobacter_sp_D7,0,2.54160955,0.669457735,unlinked
MarRef_Candidatus_Thioglobus_singularis_PS1,MAGsDB_DLPT01,0,1.299212915,0.554847519,unlinked
MarDB_Alphaproteobacteria_bacterium_casp-alpha6,MAGsDB_PAQX01,0,2.407617413,0.646988906,unlinked
MAGsDB_TARA_PSE_MAG_00027,MarDB_Vitellibacter_sp_D-24,0,2.723311054,0.652727997,unlinked
MAGsDB_TARA_MED_MAG_00047,MarRef_Vibrionaceae_bacterium_NSCS20N07D,0,0.651917444,0.560368664,unlinked
MAGsDB_PBYU01,MarDB_Pelagibacteraceae_bacterium_AG-426-L23,0,2.263846817,0.649903288,unlinked
MAGsDB_TARA_PSW_MAG_00029,MarDB_Candidatus_Pelagibacter_ubique_HIMB083,0,2.266083907,0.552904097,unlinked
MarDB_Prochlorococcus_sp_AG-347-C10,MAGsDB_PBRQ01,0,3.084866714,0.723759542,unlinked
MAGsDB_PAMZ01,MAGsDB_PBVT01,0,1.359321227,0.610791685,unlinked
MarDB_Thalassospira_sp_KO164,MAGsDB_NZIH01,0,2.050583273,0.656471466,unlinked
MarDB_Prochlorococcus_sp_AG-402-L09,MAGsDB_DFRK01,0,2.251248227,0.650666667,unlinked
MarDB_Prochlorococcus_sp_AG-409-A10,MarRef_Prochlorococcus_marinus_str_MIT_9312,0,0.651462227,0.228275862,unlinked
MAGsDB_PBTT01,MAGsDB_PAPL01,0,2.167290057,0.650951949,unlinked
MarRef_Prochlorococcus_marinus_bv_HNLC2,MarDB_Prochlorococcus_sp_AG-442-D10,0,0.351323867,0.10430839,unlinked
MarDB_Alteromonas_marina_AD001,MAGsDB_PBTW01,0,1.156692453,0.521789433,unlinked
MarDB_Prochlorococcus_sp_AG-402-N08,MAGsDB_DLRJ01,0,2.877358227,0.678735339,unlinked
MAGsDB_TARA_ANW_MAG_00009,MAGsDB_DJYU01,0,2.653667174,0.650780608,unlinked
MAGsDB_TARA_RED_MAG_00021,MarDB_Candidatus_Pelagibacter_ubique_HIMB058,0,2.548296824,0.802005013,unlinked
MAGsDB_TARA_RED_MAG_00020,MAGsDB_DKOT01,0,2.375224814,0.617647059,unlinked
MarDB_Salinicola_salarius_strain_DSM_18044,MAGsDB_TARA_MED_MAG_00029,0,2.211998144,0.694197223,unlinked
MAGsDB_DIIC01,MarRef_Candidatus_Thioglobus_singularis,0,1.204225614,0.484574468,unlinked
MarDB_Psychrobacter_pacificensis_strain_DSM_23406,MAGsDB_PABE01,0,0.650015826,0.482343166,unlinked
MarDB_Prochlorococcus_sp_AG-363-C02,MarDB_Prochlorococcus_sp_AG-442-B03,0,0.706392227,0.31186686,unlinked
MAGsDB_DCLA01,MAGsDB_TARA_ASW_MAG_00018,0,2.248620794,0.6375682,unlinked
MAGsDB_DKOG01,MAGsDB_DEAA01,0,1.363006127,0.573351279,unlinked
MAGsDB_PABW01,MAGsDB_TARA_ANE_MAG_00014,0,2.155814834,0.676106195,unlinked
MarDB_Psychrobacter_pacificensis_strain_DSM_23406,MarRef_Synechococcus_sp_CC9605,0,2.336451801,0.618314425,unlinked
MarDB_OCS116_cluster_bacterium_AG-435-F03,MarDB_Prochlorococcus_marinus_SB,0,3.535998767,0.613218391,unlinked
MAGsDB_TARA_PSE_MAG_00050,MarDB_Albimonas_donghaensis_strain_DSM_17890,0,2.725709014,0.721082855,unlinked
MarDB_Prochlorococcus_sp_AG-402-G06,MAGsDB_TARA_MED_MAG_00013,0,3.04436984,0.631425234,unlinked
MAGsDB_PAUJ01,MAGsDB_PACQ01,0,2.505462227,0.681623098,unlinked
MAGsDB_TARA_PSE_MAG_00056,MAGsDB_TARA_PSW_MAG_00058,0,2.333394646,0.679126214,unlinked
MAGsDB_PANN01,MAGsDB_DJLW01,0,2.382953787,0.759929391,unlinked
MAGsDB_DDNM01,MarDB_Prochlorococcus_sp_AG-347-J14,0,2.678825227,0.647234679,unlinked
MAGsDB_PBEC01,MAGsDB_PBNO01,0,2.936402227,0.614080834,unlinked
MAGsDB_DACD01,MAGsDB_TARA_RED_MAG_00031,0,2.515995691,0.767944251,unlinked
MAGsDB_DAKR01,MAGsDB_TARA_ANE_MAG_00026,0,3.27173151,0.793848168,unlinked
MarDB_Caulobacter_crescentus_OR37,MAGsDB_NZFU01,0,2.630787227,0.829656863,unlinked
MAGsDB_TARA_ANE_MAG_00026,MAGsDB_DLCB01,0,0.77217456,0.522624434,unlinked
MAGsDB_DCWO01,MAGsDB_DCWS01,0,1.716948987,0.609735269,unlinked
MAGsDB_NZNH01,MarDB_Donghicola_eburneus_strain_DSM_29127,0,2.584461091,0.619013581,unlinked
MAGsDB_PBYB01,MarDB_SAR116_cluster_bacterium_AG-426-I14,0,2.030870484,0.66080402,unlinked
MAGsDB_DEXT01,MAGsDB_TARA_ION_MAG_00038,0,2.19030272,0.608187135,unlinked
MarDB_GCA_003450155.1_ASM345015v1,MarDB_Pelagibacteraceae_bacterium_AG-337-I02,0,2.845112227,0.684180468,unlinked
MAGsDB_NHDL01,MarDB_Pelagibacteraceae_bacterium_AG-359-O02,0,2.62934178,0.594821554,unlinked
MAGsDB_TARA_MED_MAG_00050,MAGsDB_TARA_RED_MAG_00029,0,2.5842994,0.62679701,unlinked
MAGsDB_DJYV01,MAGsDB_NYUE01,0,2.694100114,0.650647948,unlinked
MAGsDB_PAHL01,MAGsDB_TARA_MED_MAG_00015,0,2.865095127,0.597820163,unlinked
MAGsDB_DGLR01,MarDB_Prochlorococcus_sp_AG-347-I04,0,2.87165669,0.704905939,unlinked
MAGsDB_PBNM01,MAGsDB_NZWX01,0,2.340264467,0.674751244,unlinked
MarDB_Bacteroidetes_bacterium_strain_Spr30G08_bin33,MAGsDB_DLRS01,0,2.204137874,0.61861521,unlinked
MarDB_Prochlorococcus_sp_AG-436-M02,MAGsDB_PAPL01,0,2.536055527,0.642434033,unlinked
MarDB_Prochlorococcus_sp_AG-347-L02,MAGsDB_PAQX01,0,2.756318307,0.704971857,unlinked
MarRef_Alteromonas_australica_H_17,MAGsDB_NYTH01,0,0.971460417,0.485247067,unlinked
MAGsDB_DKOG01,MAGsDB_PARL01,0,1.409392247,0.672651107,unlinked
MarDB_Leeuwenhoekiella_palythoae_strain_DSM_19859,MAGsDB_PBRS01,0,3.206693697,0.66273353,unlinked
MAGsDB_PBAR01,MAGsDB_TARA_PSW_MAG_00094,0,2.58058503,0.771367521,unlinked
MarDB_Candidatus_Pelagibacter_ubique_SCGC_AAA795-F16,MAGsDB_TARA_RED_MAG_00031,0,2.765581414,0.665451895,unlinked
MAGsDB_TARA_MED_MAG_00050,MAGsDB_PBYI01,0,2.325033214,0.67147708,unlinked
MarDB_Pelagibacteraceae_bacterium_AG-325-E13,MAGsDB_NYVR01,0,2.548422567,0.692849404,unlinked
MAGsDB_PBAR01,MAGsDB_PARG01,0,1.61892719,0.578297309,unlinked
MAGsDB_DJLG01,MAGsDB_TARA_IOS_MAG_00017,0,2.468760874,0.574281539,unlinked
MAGsDB_NZHU01,MAGsDB_TARA_PSW_MAG_00057,0,2.707071458,0.794252874,unlinked
MarDB_GCF_900474295.1_UW140,MAGsDB_PATB01,0,2.654497614,0.643173977,unlinked
MAGsDB_NZDS01,MAGsDB_NYWG01,0,2.038533627,0.676121119,unlinked
MAGsDB_PADQ01,MAGsDB_TARA_PSW_MAG_00006,0,2.498239632,0.793708409,unlinked
MAGsDB_DDCY01,MAGsDB_PAVC01,0,1.947896897,0.61575179,unlinked
MAGsDB_TARA_ION_MAG_00043,MarDB_Pelagibacteraceae_bacterium_AG-426-L23,0,2.799704524,0.666666667,unlinked
MarDB_Pelagibacteraceae_bacterium_AG-349-L17,MAGsDB_PAGZ01,0,0.752252237,0.424196018,unlinked
MAGsDB_TARA_PSW_MAG_00060,MAGsDB_PAFY01,0,2.624058274,0.604531411,unlinked
MAGsDB_DEXT01,MAGsDB_TARA_IOS_MAG_00060,0,1.93238582,0.594312003,unlinked
MarDB_Bacteroidetes_bacterium_strain_Sum29NG08_bin36,MAGsDB_PBGO01,0,2.158051921,0.528561597,unlinked
MarDB_GCF_900474185.1_UW69,MAGsDB_NHEC01,0,2.420243606,0.667861945,unlinked
MAGsDB_NZEC01,MAGsDB_NYVA01,0,2.614119078,0.833800842,unlinked
MarDB_Alcanivorax_jadensis_T9,MarDB_SAR116_cluster_bacterium_AG-447-A06,0,1.855748217,0.630214662,unlinked
MAGsDB_TARA_ION_MAG_00016,MarRef_Francisella_sp_FDC440,0,2.217832127,0.586037365,unlinked
MarRef_Pseudodesulfovibrio_profundus_strain_500-1,MarDB_Prochlorococcus_sp_AG-436-M02,0,2.462405187,0.676186292,unlinked
MAGsDB_TARA_ANW_MAG_00005,MarDB_Vibrio_chagasii_strain_LC2-408,0,1.122371537,0.54822505,unlinked
MAGsDB_PAJM01,MAGsDB_DCWU01,0,2.782803514,0.805452292,unlinked
MarDB_Synechococcus_sp_AG-679-B05,MAGsDB_PAGB01,0,2.626387535,0.683648714,unlinked
MarDB_Alcanivorax_jadensis_T9,MAGsDB_TARA_PSW_MAG_00069,0,1.930839104,0.592116183,unlinked
MarDB_Prochlorococcus_sp_AG-347-M15,MarDB_Prochlorococcus_marinus_str__XMU1401,0,0.038488086,0.121212121,unlinked
MAGsDB_TARA_ION_MAG_00009,MAGsDB_PADF01,0,2.500434597,0.810823755,unlinked
MAGsDB_PBOB01,MarDB_Prochlorococcus_sp_AG-347-J21,0,2.859768224,0.668396226,unlinked
MAGsDB_DBGJ01,MarDB_Pelagibacteraceae_bacterium_AG-404-N13,0,2.862684734,0.676311031,unlinked
MAGsDB_TARA_PSW_MAG_00023,MAGsDB_PAHC01,0,2.877101114,0.656405164,unlinked
MarDB_Prochlorococcus_sp_scB241_528N17,MAGsDB_DEBM01,0,2.840014447,0.668571429,unlinked
MAGsDB_NZFU01,MarRef_Synechococcus_sp_RCC307,0,2.526088427,0.821446384,unlinked
MAGsDB_PBYP01,MAGsDB_TARA_PSE_MAG_00095,0,2.501044994,0.656136087,unlinked
MAGsDB_PBRM01,MAGsDB_NZUK01,0,1.963412627,0.680570222,unlinked
MAGsDB_TARA_RED_MAG_00043,MAGsDB_DBAM01,0,2.336038066,0.708269525,unlinked
MAGsDB_TARA_PSE_MAG_00059,MarDB_GCF_003315015.1_ASM331501v1,0,2.4290467,0.707931404,unlinked
MAGsDB_PBPT01,MAGsDB_DAXQ01,0,2.383717187,0.788732394,unlinked
MAGsDB_TARA_SOC_MAG_00012,MAGsDB_TARA_ION_MAG_00007,0,2.1130085,0.650380995,unlinked
MAGsDB_PAZH01,MAGsDB_NZJB01,0,2.030462187,0.586902801,unlinked
MarDB_Rhodobacteraceae_bacterium_HIMB11,MAGsDB_NZFU01,0,2.882717227,0.831196581,unlinked
MAGsDB_DJLG01,MAGsDB_DDEH01,0,2.639856227,0.635350318,unlinked
MAGsDB_DIIG01,MAGsDB_DEAA01,0,1.728626127,0.588553402,unlinked
MAGsDB_TARA_RED_MAG_00052,MAGsDB_TARA_PSE_MAG_00077,0,3.406948387,0.695696721,unlinked
MAGsDB_PABE01,MAGsDB_DJZU01,0,2.057462127,0.664392324,unlinked
MAGsDB_PALX01,MAGsDB_DAVD01,0,2.603257227,0.789103691,unlinked
MAGsDB_TARA_PON_MAG_00016,MAGsDB_TARA_ANW_MAG_00002,0,2.754835054,0.706010453,unlinked
MarDB_Pelagibacteraceae_bacterium_AG-390-O04,MarDB_Prochlorococcus_sp_AG-424-P23,0,3.461078237,0.661988304,unlinked
MAGsDB_PANN01,MarDB_Prochlorococcus_sp_AG-409-L18,0,2.473428727,0.675987842,unlinked
MAGsDB_PABP01,MarDB_Prochlorococcus_sp_AG-424-P18,0,2.661548178,0.711076685,unlinked
MAGsDB_PBBS01,MarDB_Roseovarius_mucosus,0,2.536190927,0.733333333,unlinked
MAGsDB_TARA_PSW_MAG_00014,MAGsDB_DFRK01,0,1.928964014,0.599908341,unlinked
MarDB_Synechococcus_sp_AG-679-B05,MAGsDB_PAOV01,0,2.417157535,0.707331042,unlinked
MAGsDB_NZOF01,MAGsDB_TARA_MED_MAG_00025,0,2.912236664,0.714157303,unlinked
MAGsDB_DCWH01,MarDB_Rhodococcus_sp_PML026,0,1.906894836,0.665681566,unlinked
MarDB_Prochlorococcus_sp_AG-402-N10,MarDB_Roseovarius_mucosus,0,3.493176927,0.659590599,unlinked
MAGsDB_TARA_MED_MAG_00107,MarDB_Arcobacter_haliotis_strain_LMG_28652,0,2.52968748,0.727948464,unlinked
MAGsDB_PBAL01,MarDB_Prochlorococcus_sp_AG-388-J02,0,2.382201806,0.630674306,unlinked
MarDB_OCS155_cluster_bacterium_AG-333-G23,MAGsDB_PAXN01,0,2.850863111,0.690429688,unlinked
MarDB_Alphaproteobacteria_bacterium_MarineAlpha5_Bin5,MAGsDB_PBMH01,0,1.450022227,0.548279689,unlinked
MarDB_Prochlorococcus_marinus_MIT_9107,MarDB_Prochlorococcus_sp_AG-355-I04,0,0.035402227,0.103649635,unlinked
MAGsDB_PAVR01,MAGsDB_PAAR01,0,1.619609984,0.569343066,unlinked
MAGsDB_TARA_PSW_MAG_00076,MAGsDB_PBPC01,0,1.689729662,0.659459459,unlinked
MAGsDB_NZKZ01,MarDB_Vibrio_splendidus_strain_10N_261_55_E11,0,1.343525163,0.654376403,unlinked
MarDB_GCA_003520025.1_ASM352002v1,MAGsDB_PABS01,0,2.658162227,0.649651972,unlinked
MarDB_Prochlorococcus_sp_AG-402-K14,MarDB_gamma_proteobacterium_HIMB55,0,2.874338227,0.684956561,unlinked
MarDB_SAR116_cluster_bacterium_AG-447-C21,MarDB_GCA_003448535.1_ASM344853v1,0,2.535370907,0.677097506,unlinked
MarDB_GCA_003445155.1_ASM344515v1,MAGsDB_DJHS01,0,2.173654361,0.672526369,unlinked
MAGsDB_PAFY01,MarDB_Prochlorococcus_sp_AG-449-G23,0,3.077424274,0.666851441,unlinked
MarDB_Pelagibacteraceae_bacterium_AG-439-F23,MAGsDB_DEYM01,0,2.971872237,0.713459516,unlinked
MAGsDB_TARA_PSE_MAG_00023,MAGsDB_PAHA01,0,2.556794709,0.632820019,unlinked
MAGsDB_TARA_MED_MAG_00042,MAGsDB_NZGT01,0,2.083359627,0.638694639,unlinked
MAGsDB_TARA_MED_MAG_00029,MAGsDB_TARA_IOS_MAG_00060,0,2.29485776,0.61822542,unlinked
MarDB_Pelagibacteraceae_bacterium_AG-426-M19,MAGsDB_PBYI01,0,2.569583487,0.687606112,unlinked
MAGsDB_PBNM01,MAGsDB_DBNJ01,0,2.289317383,0.719502075,unlinked
MarDB_Vibrio_cyclitrophicus_FF75_2,MarRef_Prochlorococcus_marinus_str_MIT_9515,0,2.916792632,0.705263158,unlinked
MAGsDB_DBGM01,MAGsDB_PAHZ01,0,3.019773887,0.706459054,unlinked
MAGsDB_TARA_PSW_MAG_00018,MAGsDB_DCBH01,0,2.727227307,0.668118467,unlinked
MAGsDB_TARA_MED_MAG_00054,MAGsDB_NZVE01,0,1.822328834,0.573945542,unlinked
MarDB_Prochlorococcus_sp_AG-409-J16,MarDB_Alphaproteobacteria_bacterium_casp-alpha6,0,2.812443337,0.636402027,unlinked
MAGsDB_DAPP01,MAGsDB_DKQI01,0,2.794087204,0.781447646,unlinked
MAGsDB_PBJZ01,MAGsDB_PAYI01,0,0.461372227,0.309949893,unlinked
MarDB_Phaeobacter_gallaeciensis_strain_JL2872,MarDB_Erythrobacter_sp_EhN03,0,1.502211702,0.483546264,unlinked
MAGsDB_PAEP01,MAGsDB_NZGF01,0,2.745326927,0.696078431,unlinked
MAGsDB_TARA_PSE_MAG_00068,MarDB_Candidatus_Pelagibacter_ubique_HIMB058,0,2.604540954,0.665562914,unlinked
MAGsDB_TARA_PSW_MAG_00042,MAGsDB_PARX01,0,2.826476194,0.589830508,unlinked
MAGsDB_NHEZ01,MarDB_Phyllobacteriaceae_bacterium_Water-Bin73_strain_Water_Bin73,0,2.855359967,0.663420572,unlinked
MarDB_OCS155_cluster_bacterium_AG-333-G23,MAGsDB_DGPT01,0,3.008863111,0.71160669,unlinked
MAGsDB_PBSB01,MAGsDB_PBRZ01,0,1.663182627,0.65111759,unlinked
MAGsDB_NHCZ01,MarDB_GCA_003451575.1_ASM345157v1,0,2.581422614,0.67954023,unlinked
MarDB_GCA_003331785.1_ASM333178v1,MAGsDB_TARA_IOS_MAG_00017,0,3.040373544,0.635864593,unlinked
MAGsDB_NZGW01,MarDB_Prochlorococcus_sp_AG-363-P19,0,2.565118227,0.688462984,unlinked
MAGsDB_TARA_PON_MAG_00029,MarDB_Silicibacter_sp_TrichCH4B,0,2.727984645,0.643690737,unlinked
MAGsDB_NZPK01,MAGsDB_TARA_RED_MAG_00047,0,1.327095614,0.587132725,unlinked
MAGsDB_DJKZ01,MarDB_GCA_003331925.1_ASM333192v1,0,2.505709162,0.64028352,unlinked
MarDB_Pelagibacteraceae_bacterium_AG-404-P08,MAGsDB_PAZC01,0,2.437652127,0.645144891,unlinked
MarDB_GCA_003602525.1_ASM360252v1,MarDB_Alphaproteobacteria_bacterium_MarineAlpha5_Bin12,0,2.756185014,0.788071801,unlinked
MAGsDB_DACD01,MAGsDB_NYWV01,0,2.411567715,0.798119469,unlinked
MarDB_GCA_003385605.1_ASM338560v1,MAGsDB_NZVC01,0,2.959306934,0.680648572,unlinked
MarDB_gamma_proteobacterium_HIMB55,MAGsDB_TARA_RED_MAG_00043,0,2.421366934,0.669612175,unlinked
MAGsDB_DLRL01,MarDB_Prochlorococcus_sp_scB241_528N17,0,2.648516725,0.652406417,unlinked
MarRef_Formosa_sp_Hel3_A1_48,MarDB_GCA_003445215.1_ASM344521v1,0,3.019402228,0.671920365,unlinked
MarDB_Vibrio_caribbenthicus_ATCC_BAA2122,MAGsDB_TARA_MED_MAG_00042,0,1.982970252,0.665445218,unlinked
MAGsDB_TARA_PSW_MAG_00024,MarDB_Prochlorococcus_sp_AG-347-J19,0,2.730516114,0.682926829,unlinked
MarDB_Pelagibacteraceae_bacterium_AG-404-P08,MAGsDB_TARA_MED_MAG_00054,0,1.448268834,0.55147541,unlinked
MarDB_Erythrobacter_sp_EhN03,MAGsDB_DCWQ01,0,3.006094902,0.660987331,unlinked
MAGsDB_TARA_MED_MAG_00040,MAGsDB_TARA_ANW_MAG_00023,0,2.30710766,0.565096953,unlinked
MAGsDB_NZMK01,MAGsDB_PBJS01,0,1.811524314,0.616368286,unlinked
MarDB_Rhodobacteraceae_bacterium_REDSEA-S34_B6,MAGsDB_NHBW01,0,1.296703962,0.493421053,unlinked
MAGsDB_PADQ01,MarDB_GCA_003331305.1_ASM333130v1,0,3.038098801,0.770963705,unlinked
MAGsDB_DEYL01,MAGsDB_TARA_RED_MAG_00014,0,2.641431264,0.648955224,unlinked
MarRef_Synechococcus_sp_WH_7803,MAGsDB_DBNK01,0,2.377348227,0.634687735,unlinked
MarDB_Prochlorococcus_sp_AG-402-B05,MarDB_Prochlorococcus_sp_AG-418-F08,0,0.670791227,0.305635838,unlinked
MarDB_Oceanicola_sp_22II-s11g,MAGsDB_TARA_MED_MAG_00082,0,2.319570715,0.54481409,unlinked
MAGsDB_TARA_ANW_MAG_00005,MarDB_Prochlorococcus_sp_AG-363-P19,0,2.539128227,0.657367044,unlinked
MAGsDB_TARA_RED_MAG_00092,MarRef_Arcobacter_sp_PSE_93,0,2.12320851,0.625228519,unlinked
MarDB_GCA_003331265.1_ASM333126v1,MarDB_Pelagibacteraceae_bacterium_AG-337-G04,0,3.168873024,0.630367144,unlinked
MarDB_Prochlorococcus_marinus_MIT_9314,MarDB_Oceanicaulis_sp_HTCC2633,0,3.407553727,0.632281014,unlinked
MarDB_Pelagibacteraceae_bacterium_AG-349-L17,MarDB_Prochlorococcus_sp_AG-355-P18,0,3.519258237,0.659848042,unlinked
MAGsDB_DDNP01,MarDB_GCF_003335485.1_ASM333548v1,0,2.132099227,0.690709526,unlinked
MAGsDB_TARA_RED_MAG_00014,MAGsDB_NYUE01,0,2.30531823,0.655902004,unlinked
MAGsDB_NZEV01,MarDB_Joostella_marina,0,2.596572227,0.696329814,unlinked
MAGsDB_TARA_MED_MAG_00039,MAGsDB_PAPO01,0,2.372224017,0.610094287,unlinked
MAGsDB_DBHP01,MAGsDB_PBSB01,0,2.251820229,0.691221608,unlinked
MarDB_Prochlorococcus_sp_AG-363-P19,MAGsDB_DDZW01,0,1.910898227,0.66359447,unlinked
MAGsDB_DKPR01,MAGsDB_DKQY01,0,2.11496897,0.644067797,unlinked
MAGsDB_TARA_RED_MAG_00016,MAGsDB_PADB01,0,2.239904055,0.67941041,unlinked
MAGsDB_PBKU01,MarDB_Candidatus_Pelagibacter_ubique_HTCC8051,0,1.576792207,0.512833944,unlinked
MAGsDB_TARA_ANW_MAG_00032,MAGsDB_NZVC01,0,0.613127974,0.506666667,unlinked
MAGsDB_TARA_PSW_MAG_00076,MAGsDB_TARA_RED_MAG_00008,0,1.47039841,0.624422996,unlinked
MAGsDB_TARA_MED_MAG_00014,MAGsDB_TARA_MED_MAG_00043,0,2.399464449,0.673333333,unlinked
MAGsDB_TARA_RED_MAG_00020,MarDB_GCA_003602415.1_ASM360241v1,0,2.55285632,0.79268857,unlinked
MAGsDB_PAHN01,MAGsDB_PAPV01,0,2.465603957,0.643442623,unlinked
MarDB_GCA_003331785.1_ASM333178v1,MarDB_Pelagibacteraceae_bacterium_AG-426-E17,0,2.804318907,0.634563938,unlinked
MarDB_Prochlorococcus_sp_AG-363-C02,MAGsDB_TARA_RED_MAG_00092,0,2.528918454,0.677490369,unlinked
MAGsDB_NYTV01,MAGsDB_NZEC01,0,2.551719077,0.852664577,unlinked
MAGsDB_TARA_MED_MAG_00046,MarDB_Pelagibacteraceae_bacterium_AG-430-I06,0,2.319547654,0.666666667,unlinked
MAGsDB_PAMH01,MAGsDB_PAHA01,0,2.303747032,0.635237069,unlinked
MAGsDB_TARA_ANW_MAG_00042,MAGsDB_NHEU01,0,2.2533501,0.567484663,unlinked
MAGsDB_DGLR01,MAGsDB_TARA_MED_MAG_00023,0,2.240664976,0.696515549,unlinked
MAGsDB_NHCJ01,MAGsDB_TARA_RED_MAG_00010,0,2.47588067,0.686969546,unlinked
MAGsDB_DDEL01,MarDB_Salinicola_salarius_strain_DSM_18044,0,2.176015787,0.667972925,unlinked
MarDB_Acidimicrobiales_bacterium_MED-G01,MarDB_Halomonas_lionensis_RHS90,0,2.187552127,0.721945615,unlinked
MAGsDB_TARA_ANW_MAG_00032,MAGsDB_TARA_PSW_MAG_00028,0,2.427118834,0.646360759,unlinked
MAGsDB_DBHP01,MarRef_Prochlorococcus_marinus_bv_HNLC1,0,2.793272469,0.651678998,unlinked
MAGsDB_PAJM01,MAGsDB_DLRG01,0,2.766977227,0.775911986,unlinked
MAGsDB_TARA_ANW_MAG_00009,MAGsDB_DKAI01,0,1.649581903,0.611044895,unlinked
MAGsDB_DHXI01,MAGsDB_NZHI01,0,2.630218227,0.685777778,unlinked
MAGsDB_PBME01,MAGsDB_PBAR01,0,1.800142303,0.791215786,unlinked
MAGsDB_DDNM01,MAGsDB_PBTB01,0,1.728073927,0.615421687,unlinked
MarDB_Synechococcus_sp_WH_8109,ProGenomes_1235558_PRJNA175917,0,2.285734702,0.655149502,unlinked
MAGsDB_TARA_MED_MAG_00032,MAGsDB_PALX01,0,1.392314214,0.543859649,unlinked
MarDB_OCS116_cluster_bacterium_AG-435-F03,MAGsDB_NZYO01,0,2.133144837,0.53133515,unlinked
MAGsDB_NZKY01,MAGsDB_DJZA01,0,2.398783124,0.583768391,unlinked
MAGsDB_DEYU01,MarDB_GCA_003602575.1_ASM360257v1,0,2.489176419,0.797446315,unlinked
MAGsDB_DEBL01,MAGsDB_TARA_MED_MAG_00019,0,2.045254784,0.613541667,unlinked
MarDB_GCF_003326775.1_ASM332677v1,MAGsDB_TARA_MED_MAG_00050,0,1.442473052,0.613127413,unlinked
MAGsDB_TARA_MED_MAG_00050,MAGsDB_PBBS01,0,2.222753214,0.661811273,unlinked
MarDB_Alphaproteobacteria_bacterium_MarineAlpha5_Bin5,MAGsDB_PCCK01,0,2.328182227,0.588081547,unlinked
MAGsDB_PBJN01,MarDB_Pelagibacteraceae_bacterium_AG-404-N13,0,2.619245237,0.625954198,unlinked
MarDB_Aurantimonas_manganoxydans_1,MAGsDB_DIHQ01,0,3.025481127,0.688094332,unlinked
MAGsDB_NZGN01,MarRef_Synechococcus_sp_WH_8020,0,2.982696604,0.63567202,unlinked
MAGsDB_NZUK01,MAGsDB_DCWP01,0,2.319326358,0.7125,unlinked
MAGsDB_TARA_MED_MAG_00002,MAGsDB_TARA_MED_MAG_00089,0,1.623534457,0.550031075,unlinked
MAGsDB_NYYX01,MarDB_Salinicola_salarius_strain_DSM_18044,0,0.676559497,0.428812416,unlinked
MarDB_Marine_Group_III_euryarchaeote_CG-Epi1,MarDB_Prochlorococcus_sp_AG-355-O17,0,3.152248138,0.841681059,unlinked
MarDB_Prochlorococcus_sp_AG-686-J21,MarDB_Candidatus_Pelagibacter_sp_HTCC7211,0,3.555986087,0.625203694,unlinked
MAGsDB_NZZE01,MAGsDB_NHBR01,0,2.611515784,0.677757521,unlinked
MAGsDB_PAQH01,MAGsDB_PBHD01,0,2.578117227,0.675177305,unlinked
MAGsDB_PBJN01,MAGsDB_DDIH01,0,2.408717754,0.500266099,unlinked
MAGsDB_PBEW01,MAGsDB_TARA_MED_MAG_00063,0,2.3222272,0.622580645,unlinked
MAGsDB_TARA_PSW_MAG_00075,MAGsDB_NHBR01,0,3.023722639,0.796522556,unlinked
MAGsDB_NZXT01,MAGsDB_DLRY01,0,2.326948647,0.644658261,unlinked
MAGsDB_PBAU01,MarDB_Prochlorococcus_sp_AG-388-J02,0,3.321170506,0.67469172,unlinked
MarDB_Labrenzia_sp_C1B10,MAGsDB_PAHZ01,0,3.237701138,0.761458333,unlinked
MarDB_Pseudoalteromonas_arabiensis_JCM_17292,MAGsDB_PASM01,0,2.856836627,0.763776493,unlinked
MAGsDB_PAJD01,MAGsDB_DGPX01,0,2.132502727,0.545980707,unlinked
MAGsDB_PAPB01,MarDB_Nitrosopelagicus_sp_REDSEA-S31_B2,0,2.365101473,0.830156951,unlinked
MAGsDB_PBHD01,MAGsDB_DKQY01,0,2.669162234,0.660610746,unlinked
MarDB_Pelagibacteraceae_bacterium_AG-426-M19,MAGsDB_TARA_ANE_MAG_00010,0,3.153650594,0.622606547,unlinked
MAGsDB_DCWO01,MAGsDB_TARA_RED_MAG_00091,0,2.266773714,0.65509468,unlinked
MarDB_Arcobacter_haliotis_strain_LMG_28652,MarDB_Pelagibacteraceae_bacterium_AG-426-I15,0,2.448461404,0.663829787,unlinked
MarDB_Candidatus_Pelagibacter_ubique_SCGC_AAA795-F16,MarDB_Vibrio_sagamiensis_NBRC_104589,0,2.245892237,0.737381404,unlinked
MarDB_SAR116_cluster_bacterium_AG-390-L20,MAGsDB_PARR01,0,1.387712227,0.5431173,unlinked
MarDB_Psychrobacter_pacificensis_strain_DSM_23406,MarDB_Prochlorococcus_sp_AG-402-O21,0,2.69156788,0.634210526,unlinked
MAGsDB_TARA_PSE_MAG_00077,MAGsDB_PBOA01,0,2.933201074,0.672842516,unlinked
MAGsDB_NZKE01,MarDB_GCA_003331305.1_ASM333130v1,0,2.629877087,0.686525612,unlinked
MAGsDB_TARA_ASW_MAG_00008,MarDB_Prochlorococcus_sp_AG-347-L20,0,3.414761844,0.643433914,unlinked
MAGsDB_TARA_ION_MAG_00002,MarDB_Pelagibacteraceae_bacterium_AG-410-D23,0,1.963684444,0.709580838,unlinked
MAGsDB_DCWM01,MAGsDB_TARA_PSW_MAG_00039,0,1.330424567,0.768537074,unlinked
MAGsDB_PATH01,MarDB_GCA_003523185.1_ASM352318v1,0,2.515132095,0.716168272,unlinked
MarRef_Prochlorococcus_marinus_AS9601,MAGsDB_PAIE01,0,3.308681014,0.620788121,unlinked
MarDB_Prochlorococcus_sp_AG-347-K19,MarDB_Prochlorococcus_sp_AG-402-P16,0,0.620512227,0.306521739,unlinked
MarDB_GCA_003485885.1_ASM348588v1,MAGsDB_PAFA01,0,2.345997227,0.714834373,unlinked
MarDB_Dokdonia_donghaensis_MED134,MAGsDB_PAFA01,0,2.810476014,0.652905199,unlinked
MarDB_GCA_003602535.1_ASM360253v1,MarDB_GCF_003814515.1_ASM381451v1,0,2.1793982,0.809302326,unlinked
MAGsDB_DCXX01,MAGsDB_DCWP01,0,1.833584548,0.660660661,unlinked
MarRef_Pseudodesulfovibrio_profundus_strain_500-1,MarDB_Halieaceae_bacterium_MED-G27,0,1.930647987,0.662704918,unlinked
MarDB_Psychrobacter_pacificensis_strain_DSM_23406,MarDB_Pelagibacteraceae_bacterium_AG-349-O05,0,2.308135836,0.634515366,unlinked
MarDB_Salipiger_nanhaiensis_strain_DSM_27508,MAGsDB_DEYT01,0,2.733932227,0.642679901,unlinked
MAGsDB_NZGF01,MarDB_GCF_003788585.1_ASM378858v1,0,2.868184114,0.662921348,unlinked
MAGsDB_DGLR01,MAGsDB_DJZA01,0,2.016934986,0.569160998,unlinked
MarDB_Algoriphagus_ornithinivorans_strain_DSM_15282,MAGsDB_NHBO01,0,2.540179188,0.600831601,unlinked
MAGsDB_TARA_ANW_MAG_00005,MAGsDB_NHCT01,0,2.294749327,0.62247191,unlinked
MAGsDB_DIHT01,MarDB_Oceanobacter_sp_strain_NORP38,0,2.276007547,0.633497911,unlinked
MAGsDB_PBTH01,MarRef_Alteromonas_australica_H_17,0,2.524311317,0.83495874,unlinked
MAGsDB_TARA_PSW_MAG_00019,MAGsDB_PBHR01,0,2.366698914,0.797558494,unlinked
MarDB_Synechococcus_sp_AG-670-A05,MAGsDB_TARA_PSE_MAG_00043,0,2.300532754,0.671176471,unlinked
MarRef_Idiomarina_sp_OT37-5b_MMP08606195,MarDB_Oceanospirillum_beijerinckii,0,0.873074827,0.455804047,unlinked
MAGsDB_PAPN01,MAGsDB_DDGB01,0,2.177252227,0.553398058,unlinked
MAGsDB_NZHP01,MarRef_Candidatus_Nitrosopelagicus_brevis_CN25,0,1.981496903,0.78820698,unlinked
MAGsDB_NZHE01,MAGsDB_PBEF01,0,2.232072137,0.632473623,unlinked
MAGsDB_PBQK01,MAGsDB_PBRN01,0,1.302179273,0.617400419,unlinked
MAGsDB_DLRH01,MarDB_Prochlorococcus_sp_AG-363-N20,0,2.286073616,0.695266272,unlinked
MAGsDB_DBGM01,MAGsDB_PALX01,0,2.641062387,0.624586549,unlinked
MAGsDB_DAPJ01,MAGsDB_DEYN01,0,2.705078774,0.81138976,unlinked
MAGsDB_PBFG01,MAGsDB_TARA_RED_MAG_00061,0,2.338151895,0.701540436,unlinked
MarDB_Alphaproteobacteria_bacterium_MarineAlpha5_Bin5,MAGsDB_TARA_PSW_MAG_00022,0,2.265070034,0.632616487,unlinked
MarDB_GCF_003386165.1_ASM338616v1,MAGsDB_TARA_RED_MAG_00055,0,3.03673233,0.782063197,unlinked
MAGsDB_NYYP01,MAGsDB_NZVC01,0,2.426952227,0.663120567,unlinked
MAGsDB_NZDS01,MarDB_Thalassobium_sp_strain_NORP79,0,1.730362342,0.599582899,unlinked
MAGsDB_TARA_MED_MAG_00069,MAGsDB_DACZ01,0,2.62483049,0.802808303,unlinked
MAGsDB_NZRP01,MarDB_Prochlorococcus_sp_AG-418-D13,0,3.318088227,0.674353206,unlinked
MAGsDB_TARA_SOC_MAG_00003,MarDB_Citreicella_marina_strain_DSM_26424,0,3.217189704,0.690740741,unlinked
MarDB_Prochlorococcus_sp_AG-402-L09,MarDB_Pseudoalteromonas_lipolytica_UCD-48B,0,2.737421337,0.694382853,unlinked
MarRef_Prochlorococcus_marinus_bv_HNLC1,MAGsDB_PBRG01,0,2.983604397,0.718326693,unlinked
MAGsDB_TARA_PON_MAG_00002,MarDB_Pelagibacteraceae_bacterium_AG-404-N13,0,2.092235237,0.691056911,unlinked
MAGsDB_TARA_ANE_MAG_00004,MarDB_Roseovarius_mucosus,0,2.709450927,0.644662392,unlinked
MAGsDB_PBLD01,MAGsDB_TARA_MED_MAG_00082,0,2.653620715,0.654145671,unlinked
MAGsDB_PBPT01,MarDB_Alphaproteobacteria_bacterium_MarineAlpha3_Bin6,0,2.528669487,0.668776371,unlinked
MarDB_Proteobacteria_bacterium_UBA5953,MAGsDB_DBAM01,0,1.417267452,0.577030812,unlinked
MarDB_Phaeobacter_gallaeciensis_strain_JL2872,MAGsDB_DJZG01,0,2.597492674,0.629381059,unlinked
MAGsDB_TARA_ANE_MAG_00040,MarDB_Pelagibacteraceae_bacterium_AG-390-D18,0,3.221552764,0.6856084,unlinked
MAGsDB_TARA_RED_MAG_00046,MAGsDB_TARA_PSE_MAG_00089,0,2.821668329,0.618292683,unlinked
MAGsDB_TARA_RED_MAG_00028,MarDB_Pseudomonas_balearica_LS401,0,2.529496021,0.735481454,unlinked
MAGsDB_PBNE01,MarDB_Nitrosopumilus_sp_Nsub,0,1.793764186,0.808207343,unlinked
MarDB_Roseobacter_sp_MED193,MarDB_GCA_003671475.1_ASM367147v1,0,2.266446094,0.530864198,unlinked
MAGsDB_TARA_ION_MAG_00015,MAGsDB_DADW01,0,2.89722231,0.781310212,unlinked
MAGsDB_NZGX01,MAGsDB_NZHI01,0,2.419715227,0.685381356,unlinked
MarDB_Prochlorococcus_sp_AG-347-G22,MAGsDB_DAKS01,0,3.340103227,0.798490128,unlinked
MAGsDB_PBTY01,MarDB_gamma_proteobacterium_SCGC_AB-629-P17,0,2.511410127,0.713238289,unlinked
MarDB_Alphaproteobacteria_bacterium_UBA3437,MAGsDB_TARA_ION_MAG_00004,0,1.709217772,0.532733224,unlinked
MAGsDB_NHCC01,MAGsDB_PAJP01,0,1.570709727,0.57716786,unlinked
MarDB_GCA_003523185.1_ASM352318v1,MAGsDB_NZXU01,0,2.384742195,0.614123159,unlinked
MarDB_Prochlorococcus_sp_AG-388-A04,MAGsDB_DEBL01,0,2.731958227,0.673841834,unlinked
MarDB_Prochlorococcus_marinus_SB,MAGsDB_TARA_ANE_MAG_00035,0,3.428636384,0.659806295,unlinked
MarDB_Prochlorococcus_sp_AG-409-J16,MarDB_Albimonas_donghaensis_strain_DSM_17890,0,2.543415527,0.64801235,unlinked
MarDB_Pelagibacteraceae_bacterium_AG-470-G21,MAGsDB_TARA_ANE_MAG_00078,0,2.436084024,0.611624117,unlinked
MarDB_Salinisphaeraceae_bacterium_OUC007,MAGsDB_TARA_PSE_MAG_00020,0,2.373844814,0.64571949,unlinked
MarDB_Alphaproteobacteria_bacterium_UBA3437,MAGsDB_TARA_MED_MAG_00011,0,1.808011712,0.357656732,unlinked
MAGsDB_TARA_RED_MAG_00025,MarDB_Pelagibacteraceae_bacterium_AG-390-A23,0,2.693184424,0.642857143,unlinked
MarRef_Prochlorococcus_sp_MIT_0801,MAGsDB_NZGF01,0,3.167646927,0.662839248,unlinked
MAGsDB_NYTG01,MAGsDB_PBOB01,0,1.198152227,0.555078684,unlinked
MAGsDB_TARA_PON_MAG_00005,MarDB_Prochlorococcus_sp_AG-670-O07,0,3.121074744,0.6455,unlinked
MAGsDB_DEBD01,MAGsDB_TARA_PSW_MAG_00006,0,2.327647632,0.642272508,unlinked
MarDB_Pelagibacteraceae_bacterium_AG-325-E08,MarDB_Thalassospira_sp_KO164,0,1.783228885,0.655432197,unlinked
MAGsDB_TARA_MED_MAG_00036,MAGsDB_TARA_RED_MAG_00004,0,2.30755396,0.627941176,unlinked
MAGsDB_PBNZ01,MAGsDB_PBFB01,0,2.214820214,0.642323651,unlinked
MarDB_Prochlorococcus_sp_scB243_498B22,MAGsDB_PBEF01,0,2.886923884,0.661037394,unlinked
MAGsDB_TARA_RED_MAG_00034,MarDB_Prochlorococcus_sp_AG-409-A10,0,2.796697944,0.663746959,unlinked
MAGsDB_PBQX02,MAGsDB_PABE01,0,2.485026527,0.63950104,unlinked
MAGsDB_DEYK01,MarDB_Prochlorococcus_sp_AG-418-F08,0,2.995191254,0.69775925,unlinked
MAGsDB_TARA_ANW_MAG_00065,MarDB_Sphingomonadaceae_bacterium_MED-G03,0,2.104032714,0.611895911,unlinked
MAGsDB_NZGN01,MAGsDB_DDFN01,0,3.102816,0.637616719,unlinked
MarDB_Synechococcus_sp_CC9616,MAGsDB_DAHJ01,0,2.502946627,0.834747878,unlinked
MAGsDB_PAYY01,MAGsDB_PBVT01,0,1.722211227,0.616804274,unlinked
MAGsDB_NHBR01,MAGsDB_TARA_MED_MAG_00010,0,1.230678624,0.431715858,unlinked
MAGsDB_TARA_RED_MAG_00020,MAGsDB_PAUC01,0,1.716658514,0.705673759,unlinked
MAGsDB_PAHT02,MAGsDB_PBWL01,0,2.716173873,0.621840725,unlinked
MarDB_alpha_proteobacterium_SCGC_AAA536-G10,MAGsDB_PAKC01,0,2.028042227,0.661095636,unlinked
MAGsDB_PBRR01,MAGsDB_PBOW01,0,2.132803374,0.695299838,unlinked
MAGsDB_TARA_RED_MAG_00033,MarDB_Prochlorococcus_sp_AG-418-D13,0,2.529556931,0.660465116,unlinked
MAGsDB_PBKK01,MarRef_Prochlorococcus_marinus_subsp_pastoris_str_CCMP1986,0,3.291964505,0.619734564,unlinked
MAGsDB_PBYE01,MarDB_Idiomarina_baltica,0,0.878694964,0.54373115,unlinked
MAGsDB_TARA_RED_MAG_00086,MAGsDB_TARA_IOS_MAG_00003,0,1.603297701,0.573099415,unlinked
MAGsDB_NZLS01,MarDB_GCF_003318175.1_ASM331817v1,0,0.76697253,0.55644644,unlinked
MarDB_Vibrio_tasmaniensis_5F-79,MAGsDB_TARA_PSW_MAG_00089,0,1.064654377,0.607883112,unlinked
MAGsDB_DAME01,MarDB_Marinomonas_sp_SBI8L,0,2.391960927,0.833674863,unlinked
MAGsDB_DEBL01,MAGsDB_TARA_PON_MAG_00002,0,1.343092227,0.634803922,unlinked
MAGsDB_TARA_PSE_MAG_00093,MarDB_GCF_003731635.1_ASM373163v1,0,2.606944628,0.642338417,unlinked
MAGsDB_TARA_PON_MAG_00013,MarRef_Vibrionaceae_bacterium_NSCS20N07D,0,1.166605527,0.640422631,unlinked
MAGsDB_PAJD01,MarDB_Halomonas_taeanensis_strain_BH539,0,2.331356494,0.703575548,unlinked
MarDB_alpha_proteobacterium_SCGC_AAA536-G10,MarRef_Prochlorococcus_marinus_str_MIT_9312,0,3.024488227,0.651551313,unlinked
MAGsDB_TARA_MED_MAG_00136,MarDB_Prochlorococcus_sp_AG-442-M23,0,3.108705114,0.661370407,unlinked
MarDB_GCA_003385605.1_ASM338560v1,MAGsDB_PBJB01,0,2.75909613,0.62978331,unlinked
MarDB_Synechococcus_sp_AG-670-B23,MAGsDB_DLTP01,0,2.133986769,0.711517165,unlinked
MAGsDB_TARA_PSE_MAG_00006,MAGsDB_TARA_PSW_MAG_00020,0,2.4480796,0.655,unlinked
MAGsDB_NHBY01,MAGsDB_NYXK01,0,1.889876398,0.668684423,unlinked
MAGsDB_TARA_RED_MAG_00028,MAGsDB_TARA_ION_MAG_00015,0,2.492486497,0.641192412,unlinked
MAGsDB_PBLJ01,MarDB_Halomonas_lionensis_RHS90,0,1.983002127,0.663955638,unlinked
MAGsDB_PBOM01,MarDB_Pelagibacteraceae_bacterium_AG-422-B15,0,2.404958618,0.671550672,unlinked
MAGsDB_PBOD01,MAGsDB_NHCT01,0,1.918030627,0.594265856,unlinked
MAGsDB_TARA_PSW_MAG_00060,MAGsDB_NHDO01,0,1.472672227,0.540066382,unlinked
MAGsDB_TARA_ASW_MAG_00023,MAGsDB_TARA_ANW_MAG_00042,0,2.8035339,0.617628802,unlinked
MarDB_GCA_003491725.1_ASM349172v1,MarDB_Thalassolituus_sp_UBA2535,0,2.410976045,0.557820608,unlinked
MAGsDB_NZWG01,MAGsDB_PACV01,0,2.208673027,0.599596231,unlinked
MAGsDB_DDIN01,MarDB_Prochlorococcus_sp_AG-670-O07,0,3.445774744,0.664493698,unlinked
MarDB_Pelagibacteraceae_bacterium_AG-349-O05,MAGsDB_DCBH01,0,3.284159097,0.680208938,unlinked
MAGsDB_NZEX01,MAGsDB_PBDW01,0,1.769615317,0.652667984,unlinked
MarRef_Tistrella_mobilis_KA081020-065,MAGsDB_NHBL01,0,2.40329432,0.736694678,unlinked
MAGsDB_NHFB01,MarDB_Prochlorococcus_sp_AG-311-J23,0,3.012538227,0.684939411,unlinked
MAGsDB_NYVP01,MarDB_Thaumarchaeota_archaeon_SCGC_AAA007-O23,0,2.224648684,0.823464912,unlinked
MAGsDB_DBBQ01,MarDB_Synechococcus_sp_CC9616,0,2.672491627,0.626195029,unlinked
MAGsDB_PCAM01,MAGsDB_DKPS01,0,1.861055527,0.670400689,unlinked
MAGsDB_TARA_ANE_MAG_00001,MAGsDB_PBGL02,0,2.756358958,0.794101584,unlinked
MarDB_GCA_003450155.1_ASM345015v1,MAGsDB_TARA_PSW_MAG_00036,0,3.115191514,0.656094527,unlinked
MarDB_Prochlorococcus_sp_AG-347-K18,MAGsDB_PARG01,0,2.787933114,0.649715037,unlinked
MAGsDB_PAQU01,MAGsDB_DDJU01,0,1.940488473,0.542290962,unlinked
MarDB_Vibrio_sp_10N_286_48_B8,MarDB_Pseudoalteromonas_sp_H71,0,0.756187318,0.3910299,unlinked
MAGsDB_DDEF01,MAGsDB_TARA_ANW_MAG_00009,0,0.910862227,0.486099755,unlinked
MarDB_GCA_003514305.1_ASM351430v1,MarDB_Pelagibacteraceae_bacterium_AG-337-I02,0,2.315662227,0.634836852,unlinked
MarDB_Lutimaribacter_saemankumensis_strain_DSM_28010,MarDB_Glaciecola_mesophila_KMM_241,0,2.219345897,0.554154543,unlinked
MarDB_Prochlorococcus_sp_AG-347-I06,MAGsDB_NZGY01,0,3.093158227,0.658644204,unlinked
MarDB_Prochlorococcus_sp_AG-347-K18,MAGsDB_TARA_RED_MAG_00051,0,3.024246314,0.627138643,unlinked
MAGsDB_DJZH01,MarDB_SAR116_cluster_bacterium_AG-447-A06,0,1.772702227,0.65832106,unlinked
MAGsDB_NZHI01,MarDB_Hyphomonas_sp_CY54-11-8,0,2.812478237,0.666939779,unlinked
MAGsDB_PBOJ01,MarDB_GCA_003539805.1_ASM353980v1,0,2.31855117,0.637351086,unlinked
MAGsDB_DAGF01,MAGsDB_TARA_ANW_MAG_00042,0,2.619522238,0.802685347,unlinked
MAGsDB_NYWG01,MAGsDB_PAYI01,0,2.481083627,0.622845889,unlinked
MAGsDB_PBAZ01,MAGsDB_NZTO01,0,1.757918338,0.661080074,unlinked
MarDB_GCA_003445735.1_ASM344573v1,MarDB_Prochlorococcus_sp_AG-347-L21,0,3.223538227,0.687871581,unlinked
MarDB_Ornithinimicrobium_sp_CNJ-824,MarDB_Dokdonia_donghaensis_MED134,0,2.511366014,0.602891156,unlinked
MAGsDB_DJZY01,MAGsDB_TARA_MED_MAG_00075,0,2.352419108,0.840172786,unlinked
MarDB_Prochlorococcus_sp_AG-402-B19,MAGsDB_PASE01,0,3.015860437,0.70089496,unlinked
MAGsDB_DAON01,MAGsDB_DAKS01,0,1.127332462,0.39537037,unlinked
MAGsDB_TARA_PSE_MAG_00025,MAGsDB_PAQX01,0,2.528840689,0.638866064,unlinked
MarDB_Methylophilales_bacterium_HTCC2181,MarDB_Pelagibacteraceae_bacterium_AG-426-E17,0,2.307851777,0.524652339,unlinked
MAGsDB_PAPY01,MAGsDB_PANE01,0,1.674852227,0.634020619,unlinked
MAGsDB_TARA_PSE_MAG_00059,MAGsDB_TARA_MED_MAG_00065,0,1.819960744,0.584233948,unlinked
MAGsDB_DIHT01,MAGsDB_PBLC01,0,2.738488474,0.705357143,unlinked
MAGsDB_TARA_ANW_MAG_00002,MarDB_Prochlorococcus_sp_AG-402-A08,0,2.829868227,0.659983292,unlinked
MAGsDB_DDNM01,MAGsDB_NZFX01,0,1.921443111,0.612255407,unlinked
MarDB_Prochlorococcus_marinus_MIT_9302,MarDB_Thalassolituus_sp_UBA2535,0,3.023637769,0.661379857,unlinked
MarDB_Prochlorococcus_sp_AG-402-L18,MAGsDB_TARA_ANE_MAG_00020,0,3.279306727,0.655939146,unlinked
MarRef_Pseudomonas_stutzeri_CCUG_29243,MarDB_OCS116_cluster_bacterium_AG-435-F03,0,2.274794337,0.673252836,unlinked
MAGsDB_DANB01,MAGsDB_NZZG01,0,2.566985847,0.810103744,unlinked
MAGsDB_PAZP01,MAGsDB_PBFH01,0,2.766177827,0.704076231,unlinked
MAGsDB_DCWN01,MarDB_Pelagibacteraceae_bacterium_AG-430-P08,0,2.167972237,0.69049904,unlinked
MAGsDB_NZPK01,MAGsDB_NZIJ01,0,2.272474127,0.649250341,unlinked
MAGsDB_PBOD01,MarDB_GCF_900473925.1_N5,0,2.086378691,0.633981739,unlinked
MAGsDB_DIHT01,MarDB_Alphaproteobacteria_bacterium_MarineAlpha9_Bin3,0,2.301607547,0.624144673,unlinked
MAGsDB_NZGW01,MAGsDB_TARA_MED_MAG_00027,0,2.317626159,0.703529412,unlinked
MAGsDB_DAOU01,MarDB_Acidimicrobiales_bacterium_AG-414-N20,0,2.754024354,0.770324048,unlinked
MarDB_Pseudomonas_marincola_strain_JCM_14761,MAGsDB_PBYP01,0,0.916111508,0.491803279,unlinked
MarDB_Acidimicrobiales_bacterium_AG-414-N20,MAGsDB_PBDA01,0,2.247890227,0.651186791,unlinked
MAGsDB_NZVJ01,MarDB_Prochlorococcus_sp_AG-402-K21,0,3.222725727,0.636575151,unlinked
MAGsDB_TARA_MED_MAG_00002,MAGsDB_PBOB01,0,1.169604271,0.537400531,unlinked
MAGsDB_PBMB01,MAGsDB_TARA_MED_MAG_00020,0,2.123057304,0.642816581,unlinked
MAGsDB_DLRK01,MAGsDB_TARA_ANE_MAG_00060,0,2.506437593,0.636604775,unlinked
MarDB_Pelagibacteraceae_bacterium_AG-422-B15,MAGsDB_TARA_PON_MAG_00033,0,2.729061114,0.798588839,unlinked
MAGsDB_PBDQ01,MAGsDB_TARA_ION_MAG_00047,0,2.712891914,0.711549296,unlinked
MAGsDB_PBTN01,MarDB_Pseudomonas_sp_MT5,0,1.908092185,0.532721713,unlinked
MAGsDB_PASP01,MarDB_Prochlorococcus_sp_AG-418-F08,0,2.917245227,0.693555865,unlinked
MarDB_Prochlorococcus_marinus_MIT_1342,MarRef_Chromohalobacter_salexigens_DSM_3043,0,2.333455608,0.652264086,unlinked
MAGsDB_DAON01,MAGsDB_TARA_ASE_MAG_00002,0,1.898027462,0.802908726,unlinked
MAGsDB_PBPL01,MAGsDB_NZPQ01,0,1.917626687,0.657985258,unlinked
MAGsDB_DDEF01,MAGsDB_DKOT01,0,2.796438527,0.619158879,unlinked
MAGsDB_NZVJ01,MarRef_Alteromonas_sp_SN2,0,2.149593831,0.603800141,unlinked
MAGsDB_PBRC01,MAGsDB_NZOS01,0,2.199821314,0.639442231,unlinked
MAGsDB_NYZX01,MAGsDB_TARA_MED_MAG_00020,0,1.422402404,0.610203071,unlinked
MAGsDB_DDEJ01,MAGsDB_TARA_RED_MAG_00092,0,2.497010154,0.615281501,unlinked
MarDB_Nocardioides_sp_REDSEA-S43_B3,MAGsDB_TARA_PSW_MAG_00060,0,2.326987905,0.647009619,unlinked
MAGsDB_PABM01,MarDB_GCF_003797905.1_ASM379790v1,0,2.547081794,0.758932077,unlinked
MarDB_Prochlorococcus_sp_AG-418-M08,MAGsDB_TARA_MED_MAG_00063,0,2.489464114,0.610029499,unlinked
MAGsDB_PBCY01,MAGsDB_PACQ01,0,2.333882227,0.713162252,unlinked
MAGsDB_PBXC01,MarDB_Pseudomonas_balearica_LS401,0,2.272307335,0.698920586,unlinked
MarRef_Zunongwangia_profunda_SM-A87,MAGsDB_DGPX01,0,1.027721127,0.511933755,unlinked
MarDB_Rhodobacteraceae_bacterium_Water-Bin34_strain_Water_Bin34,MAGsDB_PAOL01,0,2.300101927,0.60423588,unlinked
MarDB_Prochlorococcus_sp_AG-402-M23,MAGsDB_PAHA01,0,3.016003032,0.641552511,unlinked
MarDB_Pelagibacteraceae_bacterium_AG-430-P08,MAGsDB_DBUX01,0,2.020827054,0.544239338,unlinked
MarDB_Rhodococcus_sp_PML026,MAGsDB_TARA_RED_MAG_00029,0,2.267922051,0.700236967,unlinked
MAGsDB_DLTN01,MarDB_Pelagibacteraceae_bacterium_AG-426-G02,0,2.701987815,0.659064994,unlinked
MAGsDB_PAMZ01,MAGsDB_DBIA01,0,1.95222986,0.689128482,unlinked
MAGsDB_DJKZ01,MAGsDB_PBEW01,0,1.13911366,0.539693129,unlinked
MAGsDB_TARA_ION_MAG_00004,MarDB_Pseudoalteromonas_undina_NCIMB_2128,0,1.078914381,0.489662677,unlinked
MAGsDB_PBJZ01,MAGsDB_PBWJ01,0,3.164796247,0.670184697,unlinked
MAGsDB_TARA_ANE_MAG_00009,MAGsDB_TARA_ANE_MAG_00011,0,1.4151685,0.606507756,unlinked
MAGsDB_PBRG01,MAGsDB_TARA_RED_MAG_00031,0,2.346741434,0.757285776,unlinked
MAGsDB_PBYQ01,MAGsDB_PBMH01,0,1.253667857,0.566108007,unlinked
MAGsDB_NZKZ01,MAGsDB_DBGO01,0,2.36505417,0.671107028,unlinked
MAGsDB_PBKG01,MAGsDB_PAFO01,0,2.755760627,0.680397727,unlinked
MAGsDB_TARA_ANW_MAG_00005,MAGsDB_DHZO01,0,2.123323764,0.518910126,unlinked
MAGsDB_PBAU01,MarDB_Prochlorococcus_sp_scB243_498B22,0,3.312932594,0.679324895,unlinked
MAGsDB_PBAE01,MAGsDB_NZLU01,0,2.37666237,0.641192917,unlinked
MAGsDB_TARA_MED_MAG_00055,MarDB_Proteobacteria_bacterium_UBA5953,0,2.324317637,0.702741021,unlinked
MarDB_Prochlorococcus_sp_AG-673-L20,MAGsDB_PAJA01,0,2.683438227,0.665919283,unlinked
MAGsDB_PATH01,MAGsDB_PBUO01,0,0.868808227,0.521981856,unlinked
MarDB_Prochlorococcus_sp_AG-449-G23,MAGsDB_NZUZ01,0,3.108505354,0.674047374,unlinked
MAGsDB_TARA_ANW_MAG_00009,MAGsDB_PASR01,0,1.929685227,0.569345942,unlinked
MAGsDB_DEYK01,MAGsDB_PATA01,0,2.791707454,0.623969214,unlinked
MAGsDB_TARA_PSW_MAG_00021,MAGsDB_DEPK01,0,2.013546903,0.740496706,unlinked
MAGsDB_PAHL01,MAGsDB_DKPS01,0,1.072638427,0.534431138,unlinked
MAGsDB_NZFW01,MAGsDB_DBGO01,0,0.678390227,0.509241555,unlinked
MAGsDB_PBLK01,MarDB_OCS155_cluster_bacterium_AG-333-G23,0,3.009178611,0.652200868,unlinked
MAGsDB_PCBC01,MarDB_alpha_proteobacterium_SCGC_AAA536-K22,0,1.816205814,0.621152587,unlinked
MAGsDB_NYYJ01,MAGsDB_PAQF01,0,1.693946027,0.562868815,unlinked
MAGsDB_DAHL01,MAGsDB_TARA_PSE_MAG_00025,0,2.692915614,0.835443038,unlinked
MAGsDB_PBFL01,MAGsDB_NYSL01,0,1.137009014,0.461206897,unlinked
MarDB_Prochlorococcus_sp_AG-355-M18,MAGsDB_NHEH01,0,2.876008227,0.700721154,unlinked
MarRef_Sulfitobacter_sp_SK025,MAGsDB_DIHU01,0,2.703818372,0.615062762,unlinked
MAGsDB_TARA_PSW_MAG_00036,MAGsDB_DCCC01,0,2.437031514,0.685649203,unlinked
MAGsDB_TARA_ANW_MAG_00057,MAGsDB_TARA_PSW_MAG_00046,0,0.548193715,0.467984529,unlinked
MAGsDB_DAHL01,MarDB_GCA_003331925.1_ASM333192v1,0,2.603411816,0.817602041,unlinked
MAGsDB_NHBY01,MAGsDB_NZXG01,0,2.022138227,0.626666667,unlinked
MAGsDB_NZMK01,MAGsDB_DJIA01,0,2.552775014,0.684782609,unlinked
MarDB_Pelagibacteraceae_bacterium_AG-430-P08,MAGsDB_NZHI01,0,2.900018237,0.697142857,unlinked
MAGsDB_PBVT01,MAGsDB_NZIP01,0,2.301511227,0.629962193,unlinked
MAGsDB_TARA_PSE_MAG_00041,MAGsDB_NZPI01,0,2.575508014,0.695507488,unlinked
MAGsDB_NHEH01,MAGsDB_PBRQ01,0,2.349242227,0.688605108,unlinked
MarDB_Oceanicola_sp_22II-s11g,MAGsDB_TARA_MED_MAG_00036,0,2.648421394,0.641813989,unlinked
MAGsDB_DLRR01,MarDB_Prochlorococcus_sp_AG-347-L21,0,2.295490227,0.64728056,unlinked
MAGsDB_PBAZ01,MarDB_GCA_003450155.1_ASM345015v1,0,2.070898338,0.692493947,unlinked
MAGsDB_NHDL01,MAGsDB_PBYU01,0,2.23911177,0.644042969,unlinked
MAGsDB_TARA_ANW_MAG_00057,MAGsDB_TARA_RED_MAG_00004,0,0.13823503,0.115857605,unlinked
MAGsDB_TARA_ION_MAG_00041,MAGsDB_NZLU01,0,2.718223314,0.639111111,unlinked
MAGsDB_PCBC01,MarDB_marine_gamma_proteobacterium_HTCC2080,0,1.131215814,0.550261297,unlinked
MarRef_Halioglobus_japonicus_NBRC_107739,MAGsDB_PAAV01,0,2.041994627,0.700729927,unlinked
MAGsDB_TARA_RED_MAG_00002,MAGsDB_DLTN01,0,1.930582482,0.547392036,unlinked
MAGsDB_TARA_ION_MAG_00011,MAGsDB_NZHD01,0,1.919282489,0.631630648,unlinked
MAGsDB_PAFA01,MAGsDB_TARA_RED_MAG_00031,0,2.496581404,0.715679896,unlinked
MarRef_Francisella_sp_FDC440,MarDB_Prochlorococcus_sp_AG-459-N19,0,3.110298127,0.666149871,unlinked
MarRef_Alteromonas_sp_SN2,MAGsDB_NZIH01,0,1.141100219,0.586206897,unlinked
MAGsDB_DENU01,MarDB_Hyphomonas_sp_CY54-11-8,0,3.206524784,0.665350877,unlinked
MAGsDB_DBIA01,MAGsDB_NZKZ01,0,2.356781803,0.627884615,unlinked
MAGsDB_PAYY01,MarDB_Prochlorococcus_sp_AG-424-P18,0,2.791108227,0.65689468,unlinked
MAGsDB_PBDA01,MAGsDB_TARA_IOS_MAG_00016,0,2.159595114,0.643435981,unlinked
MAGsDB_DLCH01,MarDB_Pelagibacteraceae_bacterium_AG-430-E20,0,2.573776237,0.68304873,unlinked
MAGsDB_NZZH01,MAGsDB_PAQH01,0,2.671103127,0.724987431,unlinked
MAGsDB_TARA_ANE_MAG_00035,MAGsDB_PBOB01,0,2.190221954,0.618021006,unlinked
MarDB_GCA_003331925.1_ASM333192v1,MAGsDB_TARA_RED_MAG_00055,0,2.963753912,0.782352941,unlinked
MAGsDB_PBPT01,MarDB_GCA_003485885.1_ASM348588v1,0,2.233157487,0.697719554,unlinked
MAGsDB_NYXD01,MarDB_GCF_003788585.1_ASM378858v1,0,2.795395414,0.696086957,unlinked
MAGsDB_TARA_MED_MAG_00035,MAGsDB_DBZA01,0,2.387184429,0.650449498,unlinked
MAGsDB_TARA_RED_MAG_00028,MarDB_Pelagibacteraceae_bacterium_AG-349-L17,0,3.182111424,0.643716578,unlinked
MAGsDB_TARA_PSE_MAG_00001,MarDB_Candidatus_Thioglobus_sp_MED-G25,0,2.028535307,0.667408727,unlinked
MAGsDB_TARA_RED_MAG_00006,MAGsDB_TARA_RED_MAG_00043,0,2.330003314,0.695732839,unlinked
MAGsDB_DDII01,MAGsDB_DCWS01,0,2.033898987,0.630742808,unlinked
MAGsDB_NZEV01,MarDB_Marinomonas_sp_Cmf_18.22,0,1.555412227,0.705787131,unlinked
MarDB_Prochlorococcus_sp_AG-418-M08,MAGsDB_DLRY01,0,2.80626388,0.621383031,unlinked
MarDB_Prochlorococcus_sp_scB243_498I20,MarDB_Pseudoalteromonas_sp_13_15,0,3.009166942,0.675398633,unlinked
MAGsDB_TARA_ANW_MAG_00009,MAGsDB_TARA_RED_MAG_00037,0,1.469672049,0.575769854,unlinked
MarDB_Bacteroidetes_bacterium_SCGC_AAA795-G10,MarRef_Synechococcus_sp_WH_8020,0,2.810388227,0.658373206,unlinked
MarDB_Erythrobacter_sp_REDSEA-S34_B3,MAGsDB_TARA_PSE_MAG_00018,0,2.836065418,0.587939698,unlinked
MAGsDB_NYYJ01,MarDB_Prochlorococcus_sp_AG-347-J20,0,2.698592227,0.661764706,unlinked
MAGsDB_PAFH01,MAGsDB_NZIO01,0,0.484405967,0.380833333,unlinked
MAGsDB_TARA_MED_MAG_00018,MarDB_Candidatus_Pelagibacter_HTCC1002,0,2.889263168,0.650966184,unlinked
MarDB_Alteromonas_sp_V450,MAGsDB_PBTR01,0,2.457782223,0.656732496,unlinked
MAGsDB_PACX01,MAGsDB_DBGO01,0,0.649698727,0.464737794,unlinked
MAGsDB_DJZY01,MAGsDB_NYTP01,0,0.468482227,0.44109254,unlinked
MAGsDB_TARA_PSW_MAG_00075,MAGsDB_TARA_ANE_MAG_00017,0,2.884833535,0.795104895,unlinked
MarDB_Prochlorococcus_marinus_XMU1408,MAGsDB_TARA_IOS_MAG_00020,0,3.06266576,0.601084011,unlinked
MarDB_alpha_proteobacterium_HIMB114,MAGsDB_DJZU01,0,2.526642127,0.623723042,unlinked
MarDB_Prochlorococcus_marinus_SB,MarDB_Prochlorococcus_sp_AG-363-O06,0,0.632150657,0.34017796,unlinked
MAGsDB_TARA_MED_MAG_00018,MAGsDB_TARA_ANE_MAG_00023,0,0.991917131,0.392941176,unlinked
MAGsDB_PBYE01,MAGsDB_NZZG01,0,1.875262227,0.663611,unlinked
MarRef_Alteromonas_mediterranea_strain_AR43,MarDB_Prochlorococcus_sp_AG-347-K10,0,3.027996784,0.708348933,unlinked
MAGsDB_NZAM01,MAGsDB_NZIH01,0,2.328289949,0.610780985,unlinked
MAGsDB_TARA_IOS_MAG_00001,MarDB_Candidatus_Pelagibacter_ubique_SCGC_AAA795-F16,0,2.059982237,0.67537092,unlinked
MarDB_Prochlorococcus_sp_AG-686-J21,MAGsDB_PBCV01,0,2.997432477,0.713759214,unlinked
MAGsDB_DAPJ01,MAGsDB_PBSY01,0,2.514211001,0.797268908,unlinked
MAGsDB_TARA_MED_MAG_00136,MAGsDB_DAVY01,0,2.795568974,0.820675105,unlinked
MAGsDB_PAPT01,MAGsDB_PALD01,0,2.763224527,0.620662146,unlinked
MarDB_GCA_003452485.1_ASM345248v1,MAGsDB_PAGB01,0,1.392381957,0.474291206,unlinked
MarDB_Prochlorococcus_sp_AG-402-G10,MAGsDB_PAGB01,0,2.984208227,0.678269518,unlinked
MAGsDB_TARA_MED_MAG_00087,MarDB_Salinisphaera_shabanensis,0,1.470532547,0.630581297,unlinked
MAGsDB_PBNL01,MAGsDB_DDZW01,0,1.996135324,0.689275894,unlinked
MarDB_Prochlorococcus_sp_scB241_528O2,MAGsDB_DCBH01,0,3.361225087,0.648573027,unlinked
MAGsDB_PAQX01,MarRef_Prochlorococcus_marinus_str_MIT_9515,0,2.723608303,0.68401487,unlinked
MAGsDB_PBEC01,MarDB_GCF_003788585.1_ASM378858v1,0,2.631935414,0.622888514,unlinked
MarDB_Prochlorococcus_marinus_MIT_9314,MarDB_Pelagibacteraceae_bacterium_AG-414-E02,0,3.176333509,0.654285714,unlinked
MAGsDB_PAAF01,MAGsDB_DDGB01,0,2.336073314,0.683609141,unlinked
MarDB_GCA_003602415.1_ASM360241v1,MarRef_Alteromonas_macleodii_str_Black_Sea_11,0,2.504797995,0.819164802,unlinked
MarRef_Synechococcus_sp_WH_7803,MAGsDB_DFMJ01,0,2.88374075,0.616859768,unlinked
MAGsDB_PAGZ01,MAGsDB_PABV01,0,2.728410727,0.771283355,unlinked
MarDB_Pelagibacteraceae_bacterium_AG-325-E08,MAGsDB_TARA_PSW_MAG_00037,0,2.357659334,0.556803995,unlinked
MarDB_Pelagibacteraceae_bacterium_AG-422-B15,MarRef_Halomonas_sp_SF2003_MMP08773154,0,1.946306208,0.685353336,unlinked
MAGsDB_DGPN01,MAGsDB_PBCF01,0,2.713529505,0.636420526,unlinked
MAGsDB_TARA_RED_MAG_00016,MAGsDB_DACZ01,0,2.690215451,0.764672686,unlinked
MarDB_Alteromonas_marina_AD001,MAGsDB_NZGF01,0,2.794499413,0.654629274,unlinked
MarDB_Pelagibacteraceae_bacterium_AG-390-L03,MAGsDB_TARA_MED_MAG_00085,0,1.735561394,0.541016608,unlinked
MAGsDB_PBWA01,MAGsDB_DJMC01,0,2.411947144,0.647569444,unlinked
MAGsDB_TARA_PSE_MAG_00011,MAGsDB_NZIH01,0,1.596340282,0.542955326,unlinked
MarDB_marine_actinobacterium_MedAcidiG2B,MAGsDB_NZTV01,0,1.708271657,0.648958333,unlinked
MAGsDB_DGLR01,MarDB_Prochlorococcus_sp_AG-409-G20,0,2.34325669,0.714126808,unlinked
MAGsDB_TARA_MED_MAG_00027,MAGsDB_NZZG01,0,2.016886159,0.692546584,unlinked
MAGsDB_PAPN01,MarDB_Prochlorococcus_sp_AG-347-K15,0,3.335488227,0.724625268,unlinked
MarDB_alpha_proteobacterium_SCGC_AAA536-G10,MAGsDB_DALZ01,0,2.627988227,0.823708207,unlinked
MAGsDB_DCQA01,MAGsDB_PBSY01,0,1.978822201,0.629179331,unlinked
MarDB_Prochlorococcus_sp_AG-347-G22,MarDB_GCA_003331605.1_ASM333160v1,0,3.290537814,0.700260078,unlinked
MAGsDB_DAHL01,MAGsDB_NHDG01,0,2.298437227,0.807291667,unlinked
MAGsDB_PBAZ01,MAGsDB_TARA_PSW_MAG_00042,0,2.383447704,0.676243094,unlinked
MarDB_Sulfitobacter_sp_HI0054,MarDB_GCF_900473925.1_N5,0,2.934577391,0.621611446,unlinked
MAGsDB_TARA_MED_MAG_00027,MarDB_SAR116_cluster_bacterium_AG-325-I21,0,2.263986159,0.697000508,unlinked
MarDB_Candidatus_Marinamargulisbacteria_bacterium_SCGC_AG-343-D04,MAGsDB_PCAM01,0,1.496872227,0.69007545,unlinked
MAGsDB_DAXL01,MAGsDB_DDJT01,0,3.007286762,0.75851198,unlinked
MAGsDB_PAMH01,MarDB_Bacteroidetes_bacterium_SCGC_AAA795-G10,0,2.440592227,0.647819063,unlinked
MAGsDB_DFPC01,MAGsDB_TARA_PSW_MAG_00048,0,1.877775899,0.520340587,unlinked
MAGsDB_TARA_ION_MAG_00012,MarDB_Arcobacter_haliotis_strain_LMG_28652,0,3.03320999,0.673836699,unlinked
MAGsDB_PBOW01,MAGsDB_DBTA01,0,1.861367127,0.543463381,unlinked
MAGsDB_PBWJ01,MarDB_Oceanicaulis_sp_HTCC2633,0,3.305181747,0.700673725,unlinked
MAGsDB_TARA_PSE_MAG_00027,MarDB_GCA_003602415.1_ASM360241v1,0,2.494269,0.80227656,unlinked
MAGsDB_NZRP01,MarDB_Roseivivax_pacificus_strain_DSM_29329,0,3.111482227,0.68797856,unlinked
MAGsDB_TARA_ANE_MAG_00006,MAGsDB_PBJS01,0,0.071576021,0.191897655,unlinked
MarDB_GCA_003504155.1_ASM350415v1,MAGsDB_TARA_ANE_MAG_00078,0,0.860122108,0.602888087,unlinked
MAGsDB_DKPR01,MAGsDB_PBJG01,0,2.71496965,0.679389313,unlinked
MAGsDB_NYXF01,MarDB_Hyphomonas_sp_CY54-11-8,0,2.438522237,0.595320624,unlinked
MAGsDB_DGPK01,MarDB_GCA_003451575.1_ASM345157v1,0,2.876658527,0.654235727,unlinked
MarDB_Prochlorococcus_sp_AG-355-M18,MarRef_Prochlorococcus_sp_MIT_0801,0,0.657612227,0.264602393,unlinked
MAGsDB_TARA_PSE_MAG_00032,MarDB_Prochlorococcus_sp_AG-363-N16,0,2.525546764,0.681818182,unlinked
MarDB_Algoriphagus_ornithinivorans_strain_DSM_15282,MarDB_GCA_003540955.1_ASM354095v1,0,2.103789188,0.613812832,unlinked
MAGsDB_PBVL01,MAGsDB_TARA_ASE_MAG_00006,0,0.781712424,0.544012089,unlinked
MAGsDB_PANN01,MAGsDB_PBWJ01,0,2.908406747,0.682142857,unlinked
MAGsDB_NHCZ01,MarDB_Prochlorococcus_marinus_GP2,0,3.006932314,0.678167116,unlinked
MAGsDB_NZUJ01,MAGsDB_TARA_ANE_MAG_00029,0,2.768195308,0.672232824,unlinked
MAGsDB_NHBY01,MAGsDB_NYWV01,0,2.333029427,0.654164637,unlinked
MAGsDB_PBOV01,MAGsDB_PAAX01,0,1.904697227,0.681836327,unlinked
MAGsDB_PARR01,MAGsDB_NHBW01,0,1.696212227,0.530578512,unlinked
MarDB_GCA_003332015.1_ASM333201v1,MarDB_Vibrio_splendidus_strain_5S_245,0,1.905518047,0.687542316,unlinked
MarDB_GCA_003450155.1_ASM345015v1,MAGsDB_PBGL02,0,3.051876471,0.768261965,unlinked
MAGsDB_TARA_PSE_MAG_00017,MarDB_GCA_003539805.1_ASM353980v1,0,0.92680665,0.577826087,unlinked
MarRef_Pseudodesulfovibrio_profundus_strain_500-1,MAGsDB_DJZU01,0,1.889477887,0.673657718,unlinked
MAGsDB_DJZY01,MAGsDB_DCLA01,0,1.476502227,0.562325905,unlinked
MAGsDB_PBWJ01,MAGsDB_PANK01,0,3.244291447,0.713819812,unlinked
MAGsDB_PAPG01,MAGsDB_DFRF01,0,1.134875914,0.486252946,unlinked
MAGsDB_PBDC01,MAGsDB_TARA_PSE_MAG_00017,0,1.142560914,0.566735113,unlinked
MAGsDB_DKQU01,MAGsDB_TARA_MED_MAG_00005,0,0.768911414,0.503531073,unlinked
MAGsDB_NZGT01,MAGsDB_PBRS01,0,2.491461903,0.652021967,unlinked
MAGsDB_DLRN01,MAGsDB_TARA_PSE_MAG_00077,0,0.992861274,0.532967033,unlinked
MAGsDB_TARA_RED_MAG_00008,MAGsDB_NZFU01,0,2.091016614,0.792924037,unlinked
MAGsDB_PBWV01,MAGsDB_DAVD01,0,2.564826227,0.778322707,unlinked
MAGsDB_DHZO01,MAGsDB_TARA_IOS_MAG_00017,0,1.17047841,0.534585824,unlinked
MAGsDB_TARA_IOS_MAG_00024,MarDB_Prochlorococcus_sp_AG-424-P23,0,2.941247214,0.628918746,unlinked
MAGsDB_PAUF01,MarDB_Maribacter_sp_SDRB-Phe2,0,0.778592227,0.585292646,unlinked
MAGsDB_PBEC01,MAGsDB_TARA_ASW_MAG_00002,0,2.487574774,0.621262458,unlinked
MarDB_Prochlorococcus_sp_AG-347-K16,MarDB_Sphingomonadaceae_bacterium_MED-G03,0,3.112770827,0.655111891,unlinked
MAGsDB_PBCV01,MarRef_Maribacter_sp_MAR_2009_60,0,2.183459667,0.694514343,unlinked
MAGsDB_NZEV01,MAGsDB_NZUX01,0,2.288272227,0.65,unlinked
MarDB_Marinobacterium_litorale,MarDB_Candidatus_Pelagibacter_ubique_HIMB083,0,2.408174937,0.640554723,unlinked
MarRef_Sulfitobacter_sp_SK025,MarDB_Rhodobacteraceae_bacterium_MED-G08,0,0.541782405,0.394427514,unlinked
MarDB_SAR406_cluster_bacterium_SCGC_AAA298-D23,MAGsDB_PABP01,0,2.311442828,0.764063812,unlinked
MAGsDB_TARA_ION_MAG_00001,MAGsDB_PBNV01,0,0.907527305,0.540213178,unlinked
MAGsDB_TARA_MED_MAG_00046,MarDB_Prochlorococcus_sp_AG-363-O06,0,2.645673654,0.705004812,unlinked
MarDB_Prochlorococcus_sp_AG-402-O21,MAGsDB_NZXG01,0,2.575444281,0.650570342,unlinked
MarDB_Prochlorococcus_sp_scB243_498B22,MarDB_Pseudoalteromonas_sp_BSi20311,0,3.025132872,0.683657588,unlinked
MarRef_Zunongwangia_profunda_SM-A87,MAGsDB_PBYF01,0,2.172348703,0.607835531,unlinked
MarDB_Marine_Group_III_euryarchaeote_CG-Epi1,MAGsDB_DGPN01,0,2.814672308,0.84119898,unlinked
MAGsDB_PBTH01,MarRef_Vibrionaceae_bacterium_NSCS20N07D,0,2.226033127,0.819255223,unlinked
MarDB_Pseudoalteromonas_arabiensis_JCM_17292,MAGsDB_DAUW01,0,2.503147227,0.836263736,unlinked
MAGsDB_PAYS01,MarDB_GCA_003702465.1_ASM370246v1,0,2.196656306,0.81031614,unlinked
MAGsDB_DKPQ01,MAGsDB_PBOB01,0,2.239298527,0.64093702,unlinked
MAGsDB_TARA_ION_MAG_00012,MarDB_GCA_003526745.1_ASM352674v1,0,2.66318941,0.679399727,unlinked
MAGsDB_TARA_MED_MAG_00027,MarDB_Erythrobacter_sp_EhN03,0,2.814015633,0.657832466,unlinked
MAGsDB_DEWY01,MAGsDB_PBWL01,0,2.427930303,0.643391521,unlinked
MarRef_Pseudoalteromonas_agarivorans,MAGsDB_NYTS01,0,1.724121037,0.645804677,unlinked
MAGsDB_DDDN01,MAGsDB_PAXU01,0,2.36283561,0.631016043,unlinked
MAGsDB_TARA_PSE_MAG_00056,MarDB_Alphaproteobacteria_bacterium_casp-alpha6,0,1.99401247,0.573549884,unlinked
MAGsDB_DAZU01,MAGsDB_TARA_PSE_MAG_00037,0,2.676741114,0.78992919,unlinked
MarRef_Alteromonas_sp_SN2,MAGsDB_TARA_RED_MAG_00055,0,2.514643428,0.827387387,unlinked
MAGsDB_DEBI01,MAGsDB_DBUX01,0,2.445391732,0.631578947,unlinked
MAGsDB_TARA_ION_MAG_00012,MAGsDB_DBZA01,0,2.764723929,0.649060437,unlinked
MarDB_Psychrobacter_pacificensis_strain_DSM_23406,MAGsDB_NYSW01,0,2.337214409,0.655564582,unlinked
MarDB_Donghicola_eburneus_strain_DSM_29127,MarDB_Prochlorococcus_sp_AG-363-A16,0,2.838678227,0.662867647,unlinked
MAGsDB_NZWX01,MAGsDB_PBKU01,0,2.339662227,0.68161435,unlinked
MAGsDB_TARA_PSE_MAG_00031,MAGsDB_TARA_PSE_MAG_00013,0,1.008194114,0.502680167,unlinked
MarDB_GCF_003386165.1_ASM338616v1,MAGsDB_NZQZ01,0,2.633649164,0.618637993,unlinked
MarRef_Synechococcus_sp_WH_8102,MAGsDB_TARA_RED_MAG_00004,0,2.487300394,0.595423341,unlinked
MAGsDB_PAPG01,MAGsDB_NZHI01,0,2.765381934,0.675944334,unlinked
MarDB_GCA_003447535.1_ASM344753v1,MarDB_GCA_003331305.1_ASM333130v1,0,1.317293801,0.456366237,unlinked
MAGsDB_PBQA01,MAGsDB_DAXL01,0,2.582734274,0.821122369,unlinked
MAGsDB_PBPV01,MarDB_Prochlorococcus_sp_AG-402-B05,0,3.030382197,0.802041974,unlinked
MAGsDB_DCMZ01,MAGsDB_TARA_IOS_MAG_00060,0,1.507749114,0.653069807,unlinked
MAGsDB_PAHJ01,MarDB_Pseudoalteromonas_lipolytica_strain_CSB02KR,0,2.043388223,0.631688673,unlinked
MAGsDB_PBEW01,MarDB_Pseudoalteromonas_arabiensis_JCM_17292,0,2.424111314,0.7147806,unlinked
MarDB_GCA_003445735.1_ASM344573v1,MAGsDB_PARG01,0,1.499297114,0.596845737,unlinked
MAGsDB_TARA_PSW_MAG_00057,MAGsDB_DLRR01,0,1.997600658,0.793122271,unlinked
MAGsDB_TARA_RED_MAG_00091,MarRef_Synechococcus_sp_WH_8020,0,2.508599714,0.676949443,unlinked
MAGsDB_TARA_ANW_MAG_00035,MarDB_Prochlorococcus_sp_AG-442-D10,0,2.658031264,0.642784033,unlinked
MAGsDB_PBAL01,MarDB_Prochlorococcus_sp_AG-436-O11,0,2.318378227,0.690650779,unlinked
MarDB_Prochlorococcus_sp_AG-402-C22,MAGsDB_NZNM01,0,2.705988227,0.657855362,unlinked
MAGsDB_PAHJ01,MAGsDB_DANX01,0,2.726227227,0.79587156,unlinked
MAGsDB_TARA_PSE_MAG_00046,MAGsDB_DCYW01,0,2.399287224,0.81122449,unlinked
MAGsDB_NZNH01,MAGsDB_TARA_RED_MAG_00011,0,1.940583158,0.649538867,unlinked
MAGsDB_DLRK01,MAGsDB_TARA_PSE_MAG_00093,0,2.848086914,0.650613358,unlinked
MarDB_GCA_003444155.1_ASM344415v1,MAGsDB_PBWI01,0,2.224636904,0.68013308,unlinked
MAGsDB_PBOM01,MarDB_Alphaproteobacteria_bacterium_MarineAlpha3_Bin6,0,2.314654017,0.622830089,unlinked
MAGsDB_DBHP01,MAGsDB_DAFJ01,0,2.772498748,0.780368098,unlinked
MAGsDB_PANE01,MAGsDB_PBJN01,0,2.276652227,0.559222423,unlinked
MarDB_Phaeobacter_gallaeciensis_strain_JL2872,MarDB_Vibrio_sagamiensis_NBRC_104589,0,2.267102227,0.574395536,unlinked
MAGsDB_TARA_RED_MAG_00020,MAGsDB_TARA_RED_MAG_00007,0,2.222858514,0.632542655,unlinked
MarRef_Halioglobus_japonicus_NBRC_107739,MAGsDB_TARA_RED_MAG_00086,0,2.104545722,0.600608431,unlinked
MAGsDB_DAFX01,MAGsDB_TARA_MED_MAG_00094,0,2.603590714,0.820125786,unlinked
MarDB_Marine_Group_III_euryarchaeote_CG-Epi1,MarDB_Lutimaribacter_saemankumensis_strain_DSM_28010,0,2.624331708,0.841575859,unlinked
MAGsDB_PBUF01,MAGsDB_TARA_PSW_MAG_00069,0,2.297948214,0.606419753,unlinked
MAGsDB_PACV01,MAGsDB_NZIH01,0,2.736551315,0.636033857,unlinked
MAGsDB_TARA_ANE_MAG_00074,MarDB_Prochlorococcus_sp_scB243_498I20,0,2.670042764,0.662331166,unlinked
MAGsDB_PBGD01,MarDB_Roseovarius_mucosus,0,3.094551327,0.737883683,unlinked
MAGsDB_DKAL01,MAGsDB_TARA_PSW_MAG_00113,0,2.525768956,0.723157895,unlinked
MarDB_Pelagibacteraceae_bacterium_AG-390-O04,MAGsDB_TARA_PSE_MAG_00050,0,3.038001724,0.678875082,unlinked
MAGsDB_DLQI01,MarDB_Prochlorococcus_marinus_MIT_9401,0,3.400578227,0.62869379,unlinked
MarDB_SAR116_cluster_bacterium_AG-447-C21,MarDB_Prochlorococcus_marinus_SCGC_AAA795-I06,0,3.187666907,0.677018634,unlinked
MarDB_GCF_003576285.1_ASM357628v1,MAGsDB_PALD01,0,3.008299664,0.561336878,unlinked
MAGsDB_PAMH01,MAGsDB_PBRP01,0,0.760972227,0.624302276,unlinked
MAGsDB_DJZU01,MarDB_Pseudomonas_sp_MT5,0,2.069529215,0.689033189,unlinked
MarDB_GCF_003634925.1_ASM363492v1,MAGsDB_DLTN01,0,2.619242905,0.625814332,unlinked
MarDB_Alphaproteobacteria_bacterium_MarineAlpha3_Bin7,MAGsDB_DAMG01,0,2.783419937,0.796551724,unlinked
MarDB_GCA_003331425.1_ASM333142v1,MAGsDB_DLRY01,0,2.200901669,0.820181731,unlinked
MAGsDB_DKGG01,MarDB_Prochlorococcus_sp_AG-363-N20,0,1.642348227,0.697876448,unlinked
MAGsDB_PASP01,MAGsDB_TARA_ANE_MAG_00010,0,2.651046334,0.616290481,unlinked
MAGsDB_DGCG01,MarDB_Prochlorococcus_sp_AG-449-G23,0,2.834251984,0.719068413,unlinked
MAGsDB_PAYP01,MAGsDB_PBSY01,0,1.677210983,0.568025653,unlinked
MarDB_Pelagibacteraceae_bacterium_AG-390-A23,MAGsDB_PBDS01,0,2.262742237,0.648027958,unlinked
MAGsDB_PATA01,MAGsDB_TARA_MED_MAG_00010,0,1.370433234,0.409638554,unlinked
MAGsDB_TARA_ASW_MAG_00011,MAGsDB_PBCV01,0,2.63840335,0.782274948,unlinked
MAGsDB_PAND01,MAGsDB_TARA_ASE_MAG_00006,0,2.594968624,0.706599412,unlinked
MAGsDB_NZZH01,MAGsDB_DCBH01,0,1.302399987,0.512729844,unlinked
MAGsDB_TARA_ASW_MAG_00018,ProGenomes_309800_PRJNA12524,0,2.782864624,0.809836066,unlinked
MAGsDB_NZIV01,MAGsDB_PAVX01,0,2.084186327,0.554493308,unlinked
MAGsDB_DDCR01,MAGsDB_PBEX01,0,2.354522927,0.699955016,unlinked
MAGsDB_TARA_PSW_MAG_00023,MAGsDB_DKOG01,0,1.884806114,0.594985535,unlinked
MAGsDB_TARA_PSW_MAG_00048,MarRef_Euzebyella_marina,0,2.7527386,0.634740966,unlinked
MAGsDB_DJYW01,MAGsDB_DLTP01,0,2.358800794,0.71443246,unlinked
MAGsDB_PBVT01,MarDB_Rhodobacteraceae_bacterium_ASP1004a,0,2.255501227,0.634888438,unlinked
MAGsDB_DEBI01,MarDB_Vibrio_splendidus_strain_UCD-FRSSP16_15,0,2.13433879,0.710206761,unlinked
MAGsDB_NYYE01,MarDB_GCA_003602455.1_ASM360245v1,0,3.168947974,0.752196837,unlinked
MAGsDB_DJIF01,MAGsDB_DDIM01,0,1.828792227,0.617050691,unlinked
MarDB_Pelagibacteraceae_bacterium_AG-325-E13,MAGsDB_NHCT01,0,2.623046667,0.657193606,unlinked
MarDB_GCA_003331605.1_ASM333160v1,MAGsDB_PBJS01,0,1.533451114,0.567385445,unlinked
MAGsDB_TARA_ANW_MAG_00057,MAGsDB_DDEI01,0,2.764602464,0.661094225,unlinked
MarDB_marine_actinobacterium_MedAcidiG2B,MAGsDB_PBNO01,0,2.734951657,0.684859155,unlinked
MarDB_GCA_003447535.1_ASM344753v1,MAGsDB_DIAJ01,0,1.004533827,0.444106926,unlinked
MarDB_Prochlorococcus_sp_AG-402-I21,MAGsDB_NZQZ01,0,2.737582157,0.679347826,unlinked
MarDB_Alcanivorax_jadensis_T9,MarDB_alpha_proteobacterium_SCGC_AAA076-C03,0,2.289035044,0.597502015,unlinked
MAGsDB_TARA_ASW_MAG_00008,MAGsDB_PBGL02,0,3.038410088,0.804328622,unlinked
MAGsDB_TARA_PSE_MAG_00017,MAGsDB_PBVT01,0,2.305919914,0.6555666,unlinked
MarDB_Alphaproteobacteria_bacterium_MarineAlpha5_Bin9,MAGsDB_TARA_ANW_MAG_00013,0,2.245669659,0.62716936,unlinked
MarDB_Marinobacter_sp_ES1,MarDB_Rhodobacteraceae_bacterium_MED-G08,0,2.472496469,0.591982016,unlinked
MAGsDB_NHDG01,MAGsDB_PBWJ01,0,2.773436247,0.682774304,unlinked
MarRef_Prochlorococcus_sp_MIT_0604,MAGsDB_PBCF01,0,3.024084905,0.610508281,unlinked
MAGsDB_NYZE01,MarDB_Acinetobacter_venetianus_CIP_110063,0,1.928951344,0.653694969,unlinked
MAGsDB_DHXI01,MarDB_Pelagibacteraceae_bacterium_AG-426-P20,0,3.125472237,0.707646177,unlinked
MAGsDB_TARA_ANW_MAG_00009,MAGsDB_TARA_MED_MAG_00076,0,2.395000684,0.646674827,unlinked
MarDB_Pelagibacteraceae_bacterium_AG-426-G09,MarRef_Prochlorococcus_marinus_subsp_pastoris_str_CCMP1986,0,3.457271829,0.644058296,unlinked
MAGsDB_TARA_PSW_MAG_00042,MAGsDB_TARA_MED_MAG_00055,0,2.696882911,0.655636568,unlinked
MAGsDB_PCBC01,MarDB_Prochlorococcus_sp_AG-355-B18,0,2.90792657,0.711691622,unlinked
MAGsDB_PBSW01,MarDB_Vitellibacter_sp_D-24,0,2.515280274,0.819074334,unlinked
MAGsDB_DDIN01,MAGsDB_DDJS01,0,2.306822227,0.524230931,unlinked
MAGsDB_PAYY01,MAGsDB_DEWY01,0,2.366082227,0.638993711,unlinked
MAGsDB_DCCB01,MAGsDB_DLPT01,0,0.957159882,0.493176649,unlinked
MAGsDB_PADB01,MAGsDB_PBGL02,0,2.532696471,0.798828125,unlinked
MAGsDB_PBEF01,MarDB_Prochlorococcus_sp_AG-347-K16,0,2.862908217,0.659964518,unlinked
MAGsDB_PBTT01,MAGsDB_DAXQ01,0,2.069798657,0.845303867,unlinked
MarDB_Pelagibaca_bermudensis,MarDB_Prochlorococcus_sp_AG-412-J13,0,3.468355127,0.66087586,unlinked
MAGsDB_NZAO01,MAGsDB_TARA_MED_MAG_00015,0,2.034332927,0.511885019,unlinked
MAGsDB_NHDB01,MAGsDB_TARA_MED_MAG_00063,0,2.521748114,0.606900801,unlinked
MarDB_marine_gamma_proteobacterium_HTCC2143,MAGsDB_PBAL01,0,1.653032227,0.601906158,unlinked
MAGsDB_DKAI01,MAGsDB_TARA_PSE_MAG_00025,0,2.295400289,0.601503759,unlinked
MAGsDB_TARA_PSE_MAG_00059,MAGsDB_NZGG01,0,1.762549114,0.608941709,unlinked
MarDB_Pseudoalteromonas_sp_BSi20311,MAGsDB_TARA_RED_MAG_00086,0,2.149992299,0.622971286,unlinked
MarRef_Synechococcus_sp_KORDI-100,MAGsDB_TARA_PSE_MAG_00041,0,2.619348014,0.671971253,unlinked
MarDB_Prochlorococcus_sp_AG-347-K15,MAGsDB_DEAA01,0,2.428282127,0.696411709,unlinked
MAGsDB_TARA_PSW_MAG_00113,MAGsDB_DARI01,0,2.95356857,0.796934866,unlinked
MarRef_Prochlorococcus_marinus_str_MIT_9312,MarDB_Prochlorococcus_sp_AG-347-K15,0,0.018042227,0.251297257,unlinked
MAGsDB_DAFX01,MarDB_Prochlorococcus_sp_AG-679-M23,0,3.364269977,0.800334635,unlinked
MAGsDB_TARA_RED_MAG_00091,MAGsDB_PABM01,0,2.788693724,0.735440932,unlinked
MarDB_Pelagibacteraceae_bacterium_AG-325-E13,MarDB_Marinomonas_sp_Cmf_18.22,0,2.241479567,0.691937425,unlinked
MAGsDB_TARA_RED_MAG_00003,MAGsDB_TARA_MED_MAG_00082,0,1.133784601,0.500259471,unlinked
MAGsDB_DCBC01,MAGsDB_DCBW01,0,2.516155075,0.697075513,unlinked
MarDB_Prochlorococcus_sp_AG-347-K18,MAGsDB_TARA_ANE_MAG_00078,0,3.063889114,0.6578568,unlinked
MAGsDB_PAPV01,MAGsDB_TARA_PSE_MAG_00018,0,2.254075388,0.612184874,unlinked
MarDB_SAR116_cluster_bacterium_AG-447-C21,MarDB_Cutibacterium_acnes_strain_UBA3960,0,2.268095396,0.689316239,unlinked
MarDB_GCF_003326775.1_ASM332677v1,MarDB_Pelagibacteraceae_bacterium_AG-461-B04,0,1.441181966,0.661043546,unlinked
MarDB_Prochlorococcus_sp_AG-436-A04,MAGsDB_TARA_RED_MAG_00035,0,3.152744914,0.650891211,unlinked
MAGsDB_TARA_MED_MAG_00023,MAGsDB_NZIR01,0,2.7234627,0.615015015,unlinked
MarDB_Roseivirga_spongicola_UST030701-084,MAGsDB_DKOA01,0,2.054762827,0.599908967,unlinked
MAGsDB_NZHK01,MarDB_Prochlorococcus_sp_AG-402-K10,0,3.102769027,0.677852349,unlinked
MarDB_Prochlorococcus_sp_AG-436-A04,MarDB_Pseudomonas_balearica_LS401,0,2.843762835,0.715860597,unlinked
MAGsDB_DGLO01,MarDB_Vibrio_chagasii_strain_LC2-408,0,2.112827637,0.717577354,unlinked
MAGsDB_NZKO01,MarDB_Prochlorococcus_sp_AG-402-L23,0,2.899071427,0.625512295,unlinked
MarDB_Prochlorococcus_sp_AG-409-G20,MAGsDB_NYUE01,0,2.387506114,0.660225443,unlinked
MAGsDB_PBEF01,MAGsDB_DDZW01,0,1.439552217,0.665576833,unlinked
MAGsDB_PBYB01,MAGsDB_NZKE01,0,1.88728387,0.67047619,unlinked
MAGsDB_DAXQ01,MAGsDB_PBHR01,0,1.486298727,0.583258326,unlinked
MarDB_Pelagibacteraceae_bacterium_AG-404-P07,MAGsDB_PBFB01,0,2.995656824,0.694380734,unlinked
MarRef_Halioglobus_japonicus_NBRC_107739,MAGsDB_TARA_PON_MAG_00013,0,1.413357927,0.568098568,unlinked
MAGsDB_TARA_SOC_MAG_00012,MAGsDB_NHDS01,0,2.75333506,0.687131631,unlinked
ProGenomes_575788_PRJEA32815,MAGsDB_PAUJ01,0,2.596115535,0.667576792,unlinked
MAGsDB_NZIJ01,MarRef_Pseudodesulfovibrio_profundus_strain_500-1,0,2.033937987,0.67019544,unlinked
MarDB_Marinomonas_sp_SBI8L,MAGsDB_PBFB01,0,2.472000514,0.685331501,unlinked
MarDB_Prochlorococcus_sp_AG-402-K21,MAGsDB_TARA_MED_MAG_00044,0,2.833740444,0.641684902,unlinked
MarDB_Pseudomonas_stutzeri_strain_4C29,MAGsDB_PAZH01,0,1.747560618,0.569206349,unlinked
MAGsDB_TARA_ANW_MAG_00005,MarDB_Pelagibacteraceae_bacterium_AG-390-O04,0,2.385302237,0.641654642,unlinked
MAGsDB_PBAE01,MAGsDB_TARA_PSW_MAG_00059,0,2.103892639,0.612258065,unlinked
MAGsDB_PAQX01,MAGsDB_TARA_RED_MAG_00019,0,1.974583791,0.667951807,unlinked
ProGenomes_309800_PRJNA12524,MAGsDB_TARA_RED_MAG_00044,0,2.717425744,0.790039615,unlinked
MAGsDB_TARA_ION_MAG_00041,MAGsDB_TARA_MED_MAG_00043,0,2.65934786,0.654425045,unlinked
MarDB_Alphaproteobacteria_bacterium_MarineAlpha5_Bin7,MAGsDB_DKOT01,0,2.663168527,0.641551247,unlinked
MAGsDB_PAPG01,MarDB_Halomonas_taeanensis_strain_BH539,0,2.2051097,0.488711358,unlinked
MAGsDB_PAGZ01,MAGsDB_DCPZ01,0,2.923402227,0.687956204,unlinked
MarDB_Pelagibacteraceae_bacterium_AG-422-D23,MAGsDB_PBZE01,0,3.13895966,0.797263682,unlinked
MAGsDB_PAAY01,MAGsDB_NZXT01,0,2.304042994,0.64068564,unlinked
MAGsDB_PAPJ01,MAGsDB_DFRK01,0,1.761052227,0.593275933,unlinked
MAGsDB_NZLD01,MarDB_GCA_003331425.1_ASM333142v1,0,2.165192692,0.798718633,unlinked
MAGsDB_TARA_ANE_MAG_00004,MAGsDB_TARA_RED_MAG_00035,0,2.364648914,0.616238318,unlinked
MarDB_Alteromonas_sp_W12,ProGenomes_309800_PRJNA12524,0,2.307590834,0.79966443,unlinked
MarDB_Vibrio_sp_10N_286_48_B8,MAGsDB_PBYI01,0,2.065458928,0.644620811,unlinked
MAGsDB_PBOJ01,MAGsDB_TARA_PSW_MAG_00020,0,2.15116432,0.635957922,unlinked
ProGenomes_575788_PRJEA32815,MarDB_Pelagibacterales_bacterium_MED-G40,0,2.166315725,0.739691646,unlinked
MarDB_Prochlorococcus_sp_AG-418-O03,MAGsDB_DGPO01,0,3.070478227,0.693088449,unlinked
MarDB_GCA_003520025.1_ASM352002v1,MAGsDB_PASS01,0,1.940722227,0.652413793,unlinked
MAGsDB_PAQX01,MAGsDB_TARA_PSW_MAG_00057,0,2.458948734,0.80738523,unlinked
MAGsDB_PBQK01,MarRef_Prochlorococcus_marinus_str_MIT_9301,0,2.647946573,0.664216634,unlinked
MarDB_Cryomorphaceae_bacterium_ASP1005a,MAGsDB_TARA_RED_MAG_00019,0,2.406343716,0.666838843,unlinked
MAGsDB_PAKE01,MarDB_Pelagibacteraceae_bacterium_AG-461-B04,0,2.681082127,0.683477107,unlinked
MAGsDB_PBOO01,MAGsDB_PBLL01,0,2.363531615,0.677439797,unlinked
MAGsDB_NZMY01,MAGsDB_DLTN01,0,2.584570828,0.627326565,unlinked
MarDB_OCS116_cluster_bacterium_AG-435-F03,MarDB_Synechococcus_sp_AG-670-A05,0,2.943945137,0.647091109,unlinked
MAGsDB_PAME01,MAGsDB_TARA_RED_MAG_00029,0,2.559468414,0.630480167,unlinked
MarDB_Marinomonas_sp_Cmf_18.22,MarDB_Prochlorococcus_sp_AG-347-K16,0,2.997628227,0.67714497,unlinked
MAGsDB_TARA_PSW_MAG_00024,MAGsDB_NZIH01,0,1.787424002,0.656413233,unlinked
MAGsDB_NYTV01,MAGsDB_TARA_PSW_MAG_00026,0,2.658007227,0.650680272,unlinked
MAGsDB_PBZM01,MarDB_Prochlorococcus_sp_AG-418-K17,0,3.007968227,0.710739342,unlinked
MAGsDB_TARA_ANE_MAG_00054,MAGsDB_DLPT01,0,2.474156768,0.685007572,unlinked
MAGsDB_PABP01,MAGsDB_NHBH01,0,2.001872178,0.643375994,unlinked
MAGsDB_PBQK01,MAGsDB_TARA_ANW_MAG_00014,0,1.314793211,0.57850912,unlinked
MarDB_Vibrio_splendidus_strain_10N_261_55_E11,MAGsDB_DBZA01,0,1.604966335,0.644817565,unlinked
MAGsDB_PASN01,MAGsDB_DEAA01,0,1.537926127,0.601301871,unlinked
MAGsDB_TARA_ION_MAG_00001,MAGsDB_DDIN01,0,1.288857305,0.479962721,unlinked
MAGsDB_TARA_MED_MAG_00040,MAGsDB_TARA_PSW_MAG_00032,0,2.744335331,0.717839098,unlinked
MAGsDB_TARA_ION_MAG_00043,MarDB_Prochlorococcus_sp_AG-347-I15,0,3.075195934,0.685098952,unlinked
MAGsDB_PBMI01,MAGsDB_PATC01,0,2.627553427,0.827927433,unlinked
MarDB_Alcanivorax_sp_P2S70,MarDB_Prochlorococcus_sp_AG-442-D10,0,2.998107607,0.654723127,unlinked
MAGsDB_PBYB01,MAGsDB_PAPJ01,0,2.370770584,0.661951076,unlinked
MAGsDB_PBNE01,MarDB_SAR116_cluster_bacterium_AG-325-I21,0,0.883242227,0.50023116,unlinked
MAGsDB_DANB01,MAGsDB_TARA_ION_MAG_00009,0,2.550765847,0.818137013,unlinked
MAGsDB_DAKR01,MarRef_Francisella_sp_FDC440,0,2.689655924,0.795431472,unlinked
MAGsDB_PBYQ01,MarDB_GCA_003671475.1_ASM367147v1,0,2.215277444,0.560505086,unlinked
MAGsDB_DJLN01,MAGsDB_PBRR01,0,2.304033227,0.632132964,unlinked
MAGsDB_DCWM01,MAGsDB_PBNE01,0,1.949154567,0.711798839,unlinked
MarRef_Arcobacter_sp_PSE_93,MAGsDB_PAQF01,0,2.009888084,0.623801917,unlinked
MAGsDB_DANB01,MAGsDB_PBAR01,0,2.695105923,0.780673181,unlinked
MarDB_Salipiger_nanhaiensis_strain_DSM_27508,MAGsDB_DKQR01,0,2.669602303,0.70264397,unlinked
MarDB_Hyphomonas_sp_22II1-22F38,MAGsDB_TARA_MED_MAG_00019,0,2.818248704,0.63386194,unlinked
MAGsDB_DDCY01,MarDB_GCF_900473935.1_UW105,0,2.460367744,0.647931655,unlinked
MAGsDB_PBNR01,MarDB_GCA_003486205.1_ASM348620v1,0,2.112914214,0.638495754,unlinked
MAGsDB_TARA_ION_MAG_00041,MAGsDB_DAZE01,0,2.837738314,0.821550741,unlinked
MAGsDB_PBWG01,MAGsDB_NZNV01,0,0.902941697,0.4875,unlinked
MAGsDB_TARA_ANE_MAG_00020,MAGsDB_TARA_MED_MAG_00082,0,2.266189215,0.574905354,unlinked
MAGsDB_PBYA01,MAGsDB_DJMC01,0,0.842064444,0.590515464,unlinked
MarDB_GCF_003326805.1_ASM332680v1,MarDB_Sulfitobacter_sp_HI0054,0,1.314262573,0.379221733,unlinked
MAGsDB_TARA_ANE_MAG_00017,MAGsDB_DFRK01,0,2.242540714,0.696793003,unlinked
MarDB_Salipiger_nanhaiensis_strain_DSM_27508,MarDB_Pseudoalteromonas_sp_520P1_No._423,0,2.299102227,0.560688406,unlinked
MarDB_Pelagibacteraceae_bacterium_AG-430-E20,MAGsDB_TARA_PSW_MAG_00090,0,3.238181224,0.686828717,unlinked
MAGsDB_DKPX01,MAGsDB_DJZU01,0,0.772282127,0.43233945,unlinked
MAGsDB_PBUO01,MAGsDB_NZOB01,0,2.682538327,0.690416141,unlinked
MarRef_Prochlorococcus_sp_MIT_0604,MAGsDB_PBBS01,0,2.454778227,0.66374269,unlinked
MAGsDB_DDEF01,MAGsDB_TARA_RED_MAG_00041,0,1.770884154,0.683960019,unlinked
MAGsDB_PBJB01,MAGsDB_NZVB01,0,2.449237424,0.675199329,unlinked
MAGsDB_PBEP01,MAGsDB_DAKS01,0,2.683362227,0.77563249,unlinked
MAGsDB_PBWG01,MAGsDB_TARA_MED_MAG_00076,0,3.314550154,0.694117647,unlinked
MAGsDB_TARA_PSE_MAG_00013,MAGsDB_NZUQ01,0,2.181865067,0.648719062,unlinked
MAGsDB_NZHU01,MAGsDB_DJIF01,0,1.724275027,0.651289009,unlinked
MarDB_Prochlorococcus_sp_AG-363-C02,MarDB_GCF_003335485.1_ASM333548v1,0,2.523444827,0.698502631,unlinked
MarDB_SAR116_cluster_bacterium_AG-447-C21,MAGsDB_PBJZ01,0,2.859770907,0.679800499,unlinked
MAGsDB_DCWH01,MAGsDB_PAJP01,0,1.649598699,0.655066922,unlinked
MarDB_Pseudoalteromonas_ruthenica_S3137,MarDB_Leeuwenhoekiella_blandensis_MED217,0,2.656851797,0.585673146,unlinked
MarDB_Pelagibacteraceae_bacterium_AG-461-B04,MAGsDB_PBJN01,0,2.353342127,0.604011461,unlinked
MAGsDB_TARA_RED_MAG_00007,MAGsDB_TARA_PON_MAG_00038,0,1.940857134,0.543016194,unlinked
MAGsDB_TARA_ASW_MAG_00002,MAGsDB_DAGF01,0,2.471130098,0.803802589,unlinked
MarDB_Pelagibacteraceae_bacterium_AG-404-P08,MAGsDB_PAUC01,0,2.369192227,0.704560476,unlinked
MarDB_GCA_003444075.1_ASM344407v1,MAGsDB_DBHK01,0,2.264055247,0.638721805,unlinked
MAGsDB_PBUF01,MAGsDB_PACX01,0,2.983463827,0.626332623,unlinked
MAGsDB_NZHU01,MAGsDB_PAAX01,0,1.710615027,0.655172414,unlinked
MAGsDB_NZAK01,MAGsDB_PANE01,0,0.728652227,0.49752883,unlinked
MarDB_Citromicrobium_sp_JLT1363,MarDB_SAR116_cluster_bacterium_MED-G06,0,1.603642297,0.575729069,unlinked
MarDB_Roseivirga_spongicola_UST030701-084,MAGsDB_PAAX01,0,1.255622827,0.508071025,unlinked
MAGsDB_DBHP01,MAGsDB_PAVX01,0,2.745318429,0.683225806,unlinked
MAGsDB_DEAY01,MAGsDB_NZVQ01,0,1.781660227,0.675337669,unlinked
MAGsDB_DLCF01,MarDB_Prochlorococcus_sp_AG-347-L20,0,2.719948227,0.630579297,unlinked
MAGsDB_PBTN01,MAGsDB_PBZV01,0,2.139636985,0.843082312,unlinked
MarDB_GCF_003797905.1_ASM379790v1,MAGsDB_PAIV01,0,2.31724807,0.710657945,unlinked
MarDB_Alphaproteobacteria_bacterium_MarineAlpha5_Bin5,MarDB_Pseudoalteromonas_sp_BSi20311,0,2.091441205,0.676527832,unlinked
MarDB_GCA_003519765.1_ASM351976v1,MarDB_Prochlorococcus_sp_AG-402-M23,0,2.906218614,0.688534279,unlinked
MAGsDB_PBFB01,MAGsDB_DCBC01,0,2.537976814,0.643180674,unlinked
MarDB_Vibrio_splendidus_strain_10N_261_55_E11,MAGsDB_TARA_PSW_MAG_00017,0,2.337259306,0.659065934,unlinked
MAGsDB_TARA_MED_MAG_00055,MarDB_Candidatus_Pelagibacter_sp_HTCC7211,0,2.719163525,0.657159488,unlinked
MAGsDB_TARA_PSE_MAG_00068,MAGsDB_NZIH01,0,2.403510902,0.67581564,unlinked
MAGsDB_DCKY01,MarDB_Oceanicaulis_alexandrii,0,2.598046227,0.601962457,unlinked
MAGsDB_TARA_MED_MAG_00060,MAGsDB_PBGL02,0,1.223428318,0.385199241,unlinked
MarRef_Arcobacter_sp_PSE_93,MAGsDB_DAUW01,0,2.648383284,0.808911346,unlinked
MAGsDB_DBNK01,MarDB_Prochlorococcus_sp_AG-355-O17,0,3.007448657,0.671605927,unlinked
MAGsDB_PAYY01,MarDB_GCA_003452485.1_ASM345248v1,0,2.617131957,0.655126498,unlinked
MAGsDB_DEAL01,MarDB_Prochlorococcus_sp_AG-363-A16,0,2.135705802,0.653515427,unlinked
MAGsDB_NZKE01,MAGsDB_TARA_PON_MAG_00038,0,1.88816042,0.626007523,unlinked
MAGsDB_PAQH01,MarRef_Candidatus_Thioglobus_singularis_PS1,0,2.36332926,0.687661777,unlinked
MAGsDB_PBTT01,MAGsDB_DAFJ01,0,2.509712376,0.810378274,unlinked
MAGsDB_DFWB01,MarDB_Prochlorococcus_sp_AG-347-K15,0,2.822318227,0.672737011,unlinked
MarDB_GCA_003444815.1_ASM344481v1,MAGsDB_NZMY01,0,2.626781515,0.63091354,unlinked
MarRef_Halomonas_sp_SF2003_MMP08773154,MarDB_Prochlorococcus_sp_AG-347-J20,0,2.840160608,0.69941349,unlinked
MAGsDB_NZXX01,MAGsDB_NZGF01,0,2.507930878,0.694810225,unlinked
MAGsDB_DCKY01,MarDB_Candidatus_Pelagibacter_sp_HTCC7211,0,2.718242207,0.637022716,unlinked
MarDB_Thioclava_sp_DLFJ5-1,MAGsDB_PBWV01,0,1.251944967,0.512403101,unlinked
MAGsDB_PBSY01,MAGsDB_PCBE01,0,2.040362181,0.647241993,unlinked
MAGsDB_TARA_SOC_MAG_00012,MarDB_Acidimicrobiales_bacterium_MED-G01,0,2.308999314,0.698689956,unlinked
MAGsDB_PABG01,MAGsDB_TARA_RED_MAG_00042,0,1.993623698,0.716308817,unlinked
MAGsDB_PAHD01,MAGsDB_PBRG01,0,2.420242757,0.726120034,unlinked
MAGsDB_NZXX01,MarDB_Oceanicaulis_sp_HTCC2633,0,2.533237678,0.662770712,unlinked
MAGsDB_TARA_MED_MAG_00062,MarDB_Nitrosopumilus_sp_Nsub,0,2.783011212,0.835,unlinked
MAGsDB_DGLR01,MAGsDB_PAWJ01,0,2.42979919,0.75509434,unlinked
MAGsDB_DIIC01,MAGsDB_DGPN01,0,2.545216827,0.637885924,unlinked
MAGsDB_PAKE01,MAGsDB_PBTR01,0,2.532642227,0.695378151,unlinked
MAGsDB_PBWH01,MAGsDB_DDEE01,0,2.323141927,0.662775616,unlinked
MAGsDB_NHBO01,MarDB_GCF_900473925.1_N5,0,2.426907391,0.641214751,unlinked
MAGsDB_PBRG01,MAGsDB_PANK01,0,2.250677457,0.577762619,unlinked
MAGsDB_NZHK01,MarDB_SAR116_cluster_bacterium_AG-325-I21,0,2.493003027,0.692268305,unlinked
MarRef_Synechococcus_sp_CC9902,MarDB_Flavobacterium_sp_SCGC_AAA160-P02,0,2.733966107,0.648356808,unlinked
MAGsDB_PAPD01,MarDB_Salegentibacter_mishustinae_strain_DSM_23404_1,0,2.856555447,0.626176219,unlinked
MAGsDB_DAIJ01,MAGsDB_TARA_PSW_MAG_00057,0,0.559783658,0.269076305,unlinked
MAGsDB_NZAM01,MAGsDB_PAFB01,0,1.209056061,0.590449211,unlinked
MAGsDB_TARA_PSE_MAG_00031,MarDB_GCA_003513555.1_ASM351355v1,0,2.671776354,0.681328966,unlinked
MAGsDB_PAFF01,MarDB_Halieaceae_bacterium_MED-G27,0,2.266362227,0.68412066,unlinked
MarDB_Pelagibacteraceae_bacterium_AG-333-C14,MAGsDB_TARA_ANW_MAG_00020,0,1.505461914,0.610837438,unlinked
MAGsDB_NZRR01,MarDB_Prochlorococcus_sp_AG-355-P18,0,3.293653227,0.799177921,unlinked
MAGsDB_PBSH01,MAGsDB_DIHU01,0,2.16536395,0.623723488,unlinked
MAGsDB_PAMZ01,MAGsDB_NZLM01,0,2.196987227,0.781174187,unlinked
MAGsDB_TARA_PSW_MAG_00012,MAGsDB_TARA_PSW_MAG_00030,0,2.16055498,0.569962687,unlinked
MarDB_Prochlorococcus_sp_AG-402-N08,MAGsDB_TARA_ANE_MAG_00020,0,3.347086727,0.635451505,unlinked
MAGsDB_TARA_MED_MAG_00047,MarDB_GCF_900474295.1_UW140,0,2.16213603,0.61105948,unlinked
MarRef_Gramella_flava_JLT2011,MarDB_GCF_003814515.1_ASM381451v1,0,2.165686314,0.607480477,unlinked
MAGsDB_TARA_PSW_MAG_00076,MarDB_alpha_proteobacterium_SCGC_AAA536-K22,0,1.770939024,0.593445527,unlinked
MAGsDB_DANB01,MAGsDB_PAFA01,0,3.020725847,0.798366834,unlinked
MarDB_Candidatus_Thioglobus_sp_MED-G25,MAGsDB_TARA_ION_MAG_00004,0,1.032672614,0.583225249,unlinked
MarDB_Prochlorococcus_sp_AG-402-A04,MAGsDB_TARA_RED_MAG_00043,0,2.930462934,0.705669481,unlinked
MarDB_Pelagibacteraceae_bacterium_AG-390-D18,MAGsDB_TARA_MED_MAG_00013,0,1.61577382,0.562619199,unlinked
MarDB_Pseudoalteromonas_sp_3D05,MAGsDB_DALZ01,0,2.580088227,0.839067278,unlinked
MAGsDB_DJLZ01,MAGsDB_NZSA01,0,1.064252727,0.607341016,unlinked
MAGsDB_DBZA01,MAGsDB_PADF01,0,2.280587713,0.815854259,unlinked
MAGsDB_NYYE01,MarDB_marine_gamma_proteobacterium_HTCC2080,0,2.713876527,0.645652174,unlinked
MarDB_Prochlorococcus_sp_AG-363-P19,MAGsDB_PABS01,0,2.879318227,0.666219239,unlinked
MAGsDB_DLTS01,MAGsDB_DBBQ01,0,2.466807827,0.621164021,unlinked
MAGsDB_DDEF01,MAGsDB_TARA_MED_MAG_00060,0,2.828164074,0.807972776,unlinked
MarDB_Oceanicola_sp_22II-s11g,MAGsDB_TARA_PON_MAG_00005,0,1.231692227,0.544496487,unlinked
MAGsDB_PAJD01,MAGsDB_DDNM01,0,2.111569727,0.610114192,unlinked
MarDB_Alcanivorax_jadensis_T9,MAGsDB_NHBL01,0,2.351092237,0.681114551,unlinked
MAGsDB_NZAO01,MAGsDB_TARA_PSW_MAG_00093,0,1.646357034,0.671407553,unlinked
MAGsDB_NYSL01,MarDB_Bacteroidetes_bacterium_MED-G17,0,0.961182027,0.365384615,unlinked
MAGsDB_PBEF01,MAGsDB_DJIF01,0,1.753262217,0.624370594,unlinked
MarDB_Rhodobacteraceae_bacterium_REDSEA-S02_B3,MAGsDB_PBDW01,0,1.835033644,0.567066521,unlinked
MarDB_Pelagibacteraceae_bacterium_AG-390-D18,MarDB_Pseudomonas_sp_MT5,0,2.288529295,0.689549962,unlinked
MAGsDB_TARA_MED_MAG_00066,MAGsDB_PAHI01,0,2.523899878,0.637141112,unlinked
MarDB_Prochlorococcus_sp_AG-409-G20,MAGsDB_NZIP01,0,2.827978227,0.661654135,unlinked
MAGsDB_PBAL01,MAGsDB_PBCY01,0,1.859352227,0.659144335,unlinked
MAGsDB_DBTA01,MAGsDB_NZXX01,0,1.561347078,0.633250825,unlinked
MAGsDB_PAXU01,MAGsDB_PBYI01,0,1.809272227,0.659143076,unlinked
MarDB_Rhodococcus_sp_PML026,ProGenomes_1235558_PRJNA175917,0,2.148842365,0.596661608,unlinked
MAGsDB_PBWJ01,MAGsDB_PAYP01,0,2.577595029,0.661474559,unlinked
MAGsDB_NHFB01,MarDB_Limnobacter_sp_MED105,0,0.543128027,0.524766355,unlinked
MAGsDB_TARA_RED_MAG_00029,MarDB_marine_gamma_proteobacterium_HTCC2080,0,2.344818414,0.658994032,unlinked
MAGsDB_DJKX01,MarDB_SAR324_cluster_bacterium_lautmerah10,0,1.929226039,0.665929204,unlinked
MAGsDB_TARA_PSW_MAG_00113,MarDB_Prochlorococcus_sp_AG-347-L20,0,3.14103957,0.695737384,unlinked
MAGsDB_NZUX01,MAGsDB_TARA_ANE_MAG_00011,0,2.011161114,0.642649622,unlinked
MarRef_Synechococcus_sp_CC9605,MAGsDB_TARA_PSW_MAG_00089,0,2.569764789,0.663436123,unlinked
MAGsDB_PBMG01,MAGsDB_TARA_RED_MAG_00020,0,2.006587014,0.641475484,unlinked
MarDB_Pelagibacteraceae_bacterium_AG-365-D07,MAGsDB_TARA_MED_MAG_00131,0,2.660399524,0.661971831,unlinked
MAGsDB_PBMY01,MAGsDB_NHBH01,0,2.520171137,0.666666667,unlinked
MAGsDB_NZXX01,MarDB_Glaciecola_mesophila_KMM_241,0,2.096415848,0.655304143,unlinked
MAGsDB_NYXD01,MarDB_GCA_003523185.1_ASM352318v1,0,2.825672195,0.669017632,unlinked
MAGsDB_DBGM01,MarDB_Citreicella_marina_strain_DSM_26424,0,2.972455588,0.678197065,unlinked
MarDB_Prochlorococcus_sp_AG-402-I21,MAGsDB_NHDV01,0,3.169608227,0.679332182,unlinked
MAGsDB_DAEN01,MAGsDB_TARA_RED_MAG_00019,0,1.776056872,0.743888889,unlinked
MAGsDB_TARA_RED_MAG_00008,MAGsDB_PAPJ01,0,1.879221614,0.564882033,unlinked
MAGsDB_TARA_MED_MAG_00069,MAGsDB_TARA_ANW_MAG_00022,0,1.82974198,0.666344761,unlinked
MarDB_Prochlorococcus_sp_scB241_528N17,MAGsDB_PCCI01,0,3.074369447,0.850898204,unlinked
MarDB_Alphaproteobacteria_bacterium_MarineAlpha5_Bin7,MAGsDB_PBRC01,0,1.944362227,0.650808754,unlinked
MAGsDB_NYWU01,MarDB_Pseudomonas_balearica_LS401,0,0.781026835,0.46898263,unlinked
MAGsDB_NZAO01,MarDB_GCA_003444815.1_ASM344481v1,0,2.218749193,0.644399799,unlinked
MarDB_GCF_003318175.1_ASM331817v1,MAGsDB_NHDO01,0,1.248510834,0.625251847,unlinked
MAGsDB_PBDQ01,MAGsDB_DACD01,0,2.637658515,0.770471464,unlinked
MAGsDB_PBAP01,MAGsDB_TARA_PSE_MAG_00073,0,3.246023424,0.667394469,unlinked
MAGsDB_PBNR01,MAGsDB_NZRR01,0,2.479787227,0.817251462,unlinked
MAGsDB_TARA_PSW_MAG_00007,MAGsDB_DKGG01,0,1.577992126,0.653769841,unlinked
MAGsDB_TARA_MED_MAG_00117,MAGsDB_NZUZ01,0,2.253009012,0.660194175,unlinked
MAGsDB_TARA_RED_MAG_00042,MAGsDB_PBME01,0,1.934155634,0.75566343,unlinked
MarDB_GCF_003326695.1_ASM332669v1,MAGsDB_PBRG01,0,1.930838012,0.548464164,unlinked
MAGsDB_PAIS01,MarDB_Prochlorococcus_sp_AG-402-M23,0,2.916068227,0.705675319,unlinked
MAGsDB_PAZL01,MarDB_Synechococcus_sp_WH7805,0,2.700948227,0.654724586,unlinked
MarDB_marine_actinobacterium_MedAcidiG1,MarDB_GCA_003513555.1_ASM351355v1,0,2.247644468,0.687121867,unlinked
MAGsDB_PBKN01,MAGsDB_PAXI01,0,1.334672027,0.410217881,unlinked
MAGsDB_DDDN01,MAGsDB_DGLO01,0,2.45008171,0.610459433,unlinked
MarDB_Zunongwangia_mangrovi_strain_DSM_24499,MAGsDB_NZUJ01,0,3.026862227,0.578200972,unlinked
MAGsDB_PBJZ01,MAGsDB_TARA_RED_MAG_00055,0,3.016479324,0.780246914,unlinked
MAGsDB_DJLZ01,MAGsDB_PBME01,0,1.101092227,0.739888977,unlinked
MarDB_Prochlorococcus_sp_AG-402-N08,MarDB_Proteobacteria_bacterium_UBA5953,0,3.11559232,0.662527716,unlinked
MarDB_Rhodobacteraceae_bacterium_O3.65,MAGsDB_NZXX01,0,2.667092178,0.62173913,unlinked
MarRef_Alteromonas_mediterranea_strain_AR43,MarDB_Rhodobacteraceae_bacterium_O3.65,0,2.456710784,0.544094238,unlinked
MarDB_Prochlorococcus_marinus_MIT_9302,MAGsDB_PBBX01,0,2.545445127,0.655487805,unlinked
MAGsDB_PBRL01,MarDB_SAR406_cluster_bacterium_SCGC_AAA160-I06,0,2.541200127,0.702312139,unlinked
MAGsDB_PBYF01,MarDB_Vibrio_sagamiensis_NBRC_104589,0,1.627109803,0.639127561,unlinked
MAGsDB_DKPV01,MAGsDB_NYXD01,0,0.987642227,0.443589744,unlinked
MAGsDB_TARA_RED_MAG_00033,MAGsDB_PAFY01,0,2.177846977,0.661988304,unlinked
MAGsDB_NZFP01,MarDB_Prochlorococcus_sp_AG-347-K15,0,3.295034227,0.669077758,unlinked
MAGsDB_DEBO01,MAGsDB_TARA_PSW_MAG_00075,0,2.581935049,0.773718648,unlinked
MAGsDB_DDEJ01,MAGsDB_PBSH01,0,2.313289927,0.605701592,unlinked
MAGsDB_TARA_MED_MAG_00036,MAGsDB_PAXN01,0,2.334561394,0.611711712,unlinked
MAGsDB_PBYE01,MarDB_Bacteroidetes_bacterium_SCGC_AAA795-G10,0,2.528722227,0.61975435,unlinked
MAGsDB_DCXX01,MAGsDB_TARA_ANW_MAG_00004,0,2.132720817,0.655205349,unlinked
MAGsDB_DBUW01,MAGsDB_NZOS01,0,1.61197636,0.709531014,unlinked
MAGsDB_PBXC01,MarDB_Prochlorococcus_sp_AG-418-D13,0,3.529668727,0.664425428,unlinked
MAGsDB_NZLD01,MAGsDB_DENU01,0,2.62220145,0.679627601,unlinked
MarDB_Prochlorococcus_marinus_MIT_9302,MarDB_Joostella_marina,0,3.172895127,0.646848458,unlinked
MAGsDB_NHEC01,MAGsDB_DKQT01,0,2.28181162,0.657548659,unlinked
MarDB_Pelagibacteraceae_bacterium_AG-333-C14,MarDB_Prochlorococcus_sp_AG-436-A04,0,3.182818127,0.682066869,unlinked
MAGsDB_PAPB01,MAGsDB_PBFB01,0,0.595446814,0.380165289,unlinked
MAGsDB_TARA_ANW_MAG_00065,MarDB_Nitrosopumilus_sp_BACL13_MAG-121220-bin23,0,1.909404852,0.831643002,unlinked
MAGsDB_PAMZ01,MAGsDB_DKAC01,0,2.046578065,0.62145749,unlinked
MAGsDB_DKNZ01,MAGsDB_PBKG01,0,1.973552227,0.602570205,unlinked
MAGsDB_PBDW01,MAGsDB_NZWE01,0,2.362924692,0.683016554,unlinked
MAGsDB_DIIC01,MAGsDB_PBYF01,0,1.570103803,0.57594381,unlinked
MAGsDB_TARA_PSE_MAG_00006,MAGsDB_TARA_ASW_MAG_00008,0,2.89495433,0.601494396,unlinked
MAGsDB_PBBX01,MAGsDB_PBZE01,0,2.76952965,0.834051724,unlinked
MAGsDB_PBMY01,MAGsDB_PAJM01,0,3.066956137,0.764593909,unlinked
MAGsDB_TARA_PON_MAG_00023,MarDB_Prochlorococcus_sp_AG-347-J21,0,3.026562022,0.703003337,unlinked
MarDB_Pelagibacteraceae_bacterium_AG-325-E08,MAGsDB_TARA_IOS_MAG_00003,0,1.877416107,0.627548709,unlinked
MarDB_marine_actinobacterium_MedAcidiG1,MAGsDB_PBGL02,0,2.843196471,0.776283619,unlinked
MAGsDB_DLCF01,MarDB_Albimonas_donghaensis_strain_DSM_17890,0,2.304819527,0.641137856,unlinked
MAGsDB_NZJB01,MarDB_Limnobacter_sp_MED105,0,1.220147987,0.558119658,unlinked
MarRef_Alteromonas_mediterranea_strain_AR43,MAGsDB_DIIE01,0,2.284036054,0.680143113,unlinked
MAGsDB_PBAE01,MarDB_Sphingobium_xenophagum_strain_UBA2525,0,2.165889907,0.637596023,unlinked
MarRef_Pseudoalteromonas_agarivorans,MAGsDB_DAPJ01,0,2.663839837,0.847753435,unlinked
MAGsDB_DBVB01,MAGsDB_TARA_PSW_MAG_00048,0,2.294546223,0.656214367,unlinked
MAGsDB_NZHU01,MAGsDB_DGPN01,0,2.520135627,0.646135967,unlinked
MAGsDB_PBMF01,MAGsDB_PBMR01,0,2.766980877,0.782126168,unlinked
MAGsDB_NHEI01,MAGsDB_TARA_ION_MAG_00017,0,2.857503474,0.637488107,unlinked
MarDB_Salinicola_salarius_1A01339,MarDB_GCA_003545375.1_ASM354537v1,0,2.272713814,0.637520392,unlinked
MarDB_Alphaproteobacteria_bacterium_MarineAlpha9_Bin4,MAGsDB_TARA_ION_MAG_00002,0,1.7398089,0.524590164,unlinked
MarDB_Prochlorococcus_marinus_SCGC_AAA795-I06,MAGsDB_TARA_ION_MAG_00016,0,3.183358227,0.667180277,unlinked
MAGsDB_DBGJ01,MAGsDB_DGJX01,0,2.707291724,0.693452381,unlinked
MAGsDB_TARA_MED_MAG_00021,MAGsDB_DBSX01,0,2.305345976,0.61451692,unlinked
MarDB_Zunongwangia_mangrovi_strain_DSM_24499,MAGsDB_NZGG01,0,2.854152227,0.614964271,unlinked
MAGsDB_NZFP01,MAGsDB_PBRP01,0,2.269708227,0.622898682,unlinked
MAGsDB_TARA_PSW_MAG_00006,MAGsDB_PALD01,0,2.306404632,0.626215841,unlinked
MarDB_Marinobacterium_litorale,MarDB_Pseudoalteromonas_sp_13_15,0,0.980814342,0.443003413,unlinked
MAGsDB_PAHQ01,MAGsDB_DEYM01,0,2.231762427,0.627059411,unlinked
MAGsDB_PAVC01,MarDB_Rhodobacteraceae_bacterium_ASP1004a,0,2.808812227,0.714758751,unlinked
MAGsDB_PAPB01,MAGsDB_DALI01,0,2.822217227,0.784313725,unlinked
MarDB_GCA_003324635.1_ASM332463v1,MAGsDB_PAMH01,0,2.193849345,0.802931596,unlinked
MarDB_Prochlorococcus_sp_AG-442-B03,MAGsDB_TARA_RED_MAG_00011,0,2.752830294,0.665860735,unlinked
MAGsDB_PARI01,MAGsDB_DBUW01,0,1.778227715,0.655614973,unlinked
MAGsDB_TARA_ASW_MAG_00018,MAGsDB_DCCB01,0,2.590424794,0.66743207,unlinked
MarDB_GCA_003331425.1_ASM333142v1,MarDB_Synechococcus_sp_AG-673-F03,0,2.369802016,0.817468619,unlinked
MAGsDB_TARA_ANE_MAG_00040,MAGsDB_TARA_SOC_MAG_00012,0,0.96098997,0.483542789,unlinked
MAGsDB_TARA_IOS_MAG_00067,MarDB_Pelagibacteraceae_bacterium_AG-390-C22,0,2.228977046,0.693476318,unlinked
MarDB_Prochlorococcus_sp_scB243_495D8,MarDB_Zunongwangia_mangrovi_strain_DSM_24499,0,3.305168227,0.678937558,unlinked
MAGsDB_PAHY01,MarDB_Pelagibacteraceae_bacterium_AG-390-O04,0,2.749702237,0.691076625,unlinked
MarDB_Prochlorococcus_sp_AG-388-A04,MarDB_Lutimaribacter_saemankumensis_strain_DSM_28010,0,3.374608227,0.658305921,unlinked
MarDB_Alphaproteobacteria_bacterium_MarineAlpha5_Bin12,MAGsDB_DLRS01,0,2.549070874,0.657191586,unlinked
MAGsDB_DDEF01,MarDB_GCF_003326805.1_ASM332680v1,0,2.180222573,0.590326127,unlinked
MAGsDB_TARA_ANE_MAG_00043,MarDB_Salinisphaera_shabanensis,0,2.694356174,0.708860759,unlinked
MAGsDB_DCXX01,MAGsDB_TARA_PSW_MAG_00036,0,2.714460104,0.66501548,unlinked
MAGsDB_PADQ01,MAGsDB_PBVL01,0,2.583521027,0.81954262,unlinked
MAGsDB_PATZ01,MAGsDB_PBMF01,0,2.855587227,0.776223776,unlinked
MAGsDB_PBVH01,MarDB_GCF_003814515.1_ASM381451v1,0,2.127973228,0.672272946,unlinked
MarDB_Pelagibacteraceae_bacterium_AG-390-L03,MAGsDB_DCWO01,0,2.698732207,0.6875,unlinked
MarDB_Prochlorococcus_sp_AG-321-D23,MAGsDB_NYVA01,0,3.353306683,0.704574333,unlinked
MarDB_Pseudoalteromonas_sp_H105,MarDB_Candidatus_Thioglobus_sp_REDSEA-S12_B1,0,1.159512227,0.6328125,unlinked
MAGsDB_NZOF01,MAGsDB_PAGB01,0,1.472284757,0.59405111,unlinked
MAGsDB_TARA_RED_MAG_00092,MAGsDB_DLCH01,0,2.214714454,0.668259658,unlinked
MAGsDB_NZIY01,MAGsDB_DAMG01,0,2.620163747,0.805031447,unlinked
MarDB_GCA_003526745.1_ASM352674v1,MAGsDB_PBTW01,0,2.187602564,0.594709898,unlinked
MarDB_Nitrosopumilus_sp_BACL13_MAG-121220-bin23,MarDB_Arcobacter_haliotis_strain_LMG_28652,0,2.125776142,0.805317324,unlinked
MAGsDB_TARA_PSE_MAG_00038,MarDB_Candidatus_Thioglobus_sp_MED-G25,0,1.965367294,0.519230769,unlinked
MAGsDB_DCWH01,MarDB_Porticoccaceae_bacterium_UBA3436,0,1.916241199,0.654082529,unlinked
MAGsDB_PAZH01,MarDB_SAR116_cluster_bacterium_AG-390-L20,0,1.233682227,0.482627119,unlinked
MAGsDB_PBMY01,MAGsDB_DBVB01,0,1.641752467,0.555084746,unlinked
MarDB_Pelagibacteraceae_bacterium_AG-325-E13,MAGsDB_NZXU01,0,1.952189567,0.693002257,unlinked
MAGsDB_NHEC01,MarDB_GCF_003731635.1_ASM373163v1,0,2.420189334,0.672765658,unlinked
MAGsDB_PAJD01,MAGsDB_DAPJ01,0,2.909021527,0.743537415,unlinked
MAGsDB_TARA_ANE_MAG_00015,MAGsDB_PBLC01,0,1.453505981,0.5456,unlinked
MAGsDB_TARA_ASW_MAG_00011,MAGsDB_PAQL01,0,2.719224838,0.781326781,unlinked
MAGsDB_PAHJ01,MAGsDB_DAHL01,0,2.322867227,0.841053145,unlinked
MarDB_Rhodobacteraceae_bacterium_SB2,MAGsDB_TARA_PON_MAG_00033,0,3.031669514,0.814361485,unlinked
MAGsDB_NZHP01,MAGsDB_NHBW01,0,2.130482806,0.580874317,unlinked
MAGsDB_NZRR01,MAGsDB_DALI01,0,1.016302227,0.424657534,unlinked
MAGsDB_PBPT01,MAGsDB_DFMJ01,0,2.92911501,0.645737855,unlinked
MAGsDB_NZKZ01,MAGsDB_TARA_PSW_MAG_00006,0,2.257606575,0.691959799,unlinked
MAGsDB_DDEL01,MAGsDB_NZHJ01,0,2.518657107,0.666666667,unlinked
MAGsDB_DKAC01,MAGsDB_PCAM01,0,1.983698065,0.658817087,unlinked
MAGsDB_NZIJ01,MAGsDB_PCCK01,0,1.034732227,0.474986552,unlinked
MAGsDB_TARA_ASW_MAG_00023,MAGsDB_DBNK01,0,2.685529214,0.659492036,unlinked
MarDB_SAR116_cluster_bacterium_AG-426-I14,MAGsDB_NZGY01,0,1.386072127,0.528253425,unlinked
MAGsDB_TARA_PSW_MAG_00039,MarDB_Prochlorococcus_sp_AG-347-K18,0,2.002638227,0.802888087,unlinked
MAGsDB_TARA_PSE_MAG_00009,MAGsDB_DGPK01,0,0.940502227,0.389218009,unlinked
MarDB_OCS116_cluster_bacterium_AG-435-F03,MAGsDB_NZWX01,0,3.042514337,0.621516526,unlinked
MAGsDB_DEBF01,MAGsDB_NZXW01,0,2.652072624,0.72601626,unlinked
MAGsDB_TARA_MED_MAG_00016,MarDB_gamma_proteobacterium_SCGC_AB-629-P17,0,2.120039914,0.600795003,unlinked
MAGsDB_NZFP01,MAGsDB_TARA_MED_MAG_00029,0,2.547766874,0.659609121,unlinked
MarDB_Rhodobacteraceae_bacterium_SB2,MarDB_Prochlorococcus_sp_scB243_495D8,0,3.488078227,0.678297872,unlinked
MarDB_Pelagibacteraceae_bacterium_AG-426-G09,MarDB_GCF_900473955.1_GEYO,0,2.874610536,0.659860558,unlinked
MarDB_Pelagibacteraceae_bacterium_AG-325-E13,MAGsDB_PBSR01,0,2.434262567,0.710595447,unlinked
MarDB_GCA_003324635.1_ASM332463v1,MarRef_Alteromonas_sp_MB-3u-76,0,2.560889345,0.832436587,unlinked
MarDB_Pelagibacteraceae_bacterium_AG-325-C03,MAGsDB_DARJ01,0,2.755951544,0.813639433,unlinked
MAGsDB_PBLK01,MAGsDB_PBMB01,0,2.399082627,0.661705781,unlinked
MAGsDB_PAQG01,MAGsDB_PAAV01,0,1.690812627,0.627808136,unlinked
MarDB_Prochlorococcus_sp_AG-321-D23,MAGsDB_PASE01,0,3.268242192,0.729435084,unlinked
MAGsDB_DKQT01,MAGsDB_DEBM01,0,1.652432227,0.59168242,unlinked
MAGsDB_PAHD01,MAGsDB_TARA_ION_MAG_00007,0,2.021871814,0.621911923,unlinked
MAGsDB_PARR01,MAGsDB_TARA_RED_MAG_00053,0,2.566702534,0.698402556,unlinked
MAGsDB_DEBL01,MAGsDB_TARA_PSW_MAG_00077,0,2.000309644,0.655737705,unlinked
MarDB_Oceanicola_sp_22II-s11g,MAGsDB_TARA_PSE_MAG_00023,0,2.704409904,0.629498941,unlinked
MarDB_gamma_proteobacterium_SCGC_AB-629-P17,MarDB_Prochlorococcus_sp_AG-355-I04,0,3.010198227,0.669033315,unlinked
MAGsDB_PBQK01,MAGsDB_TARA_MED_MAG_00077,0,2.127837359,0.669946699,unlinked
MAGsDB_TARA_ANW_MAG_00057,MarDB_Pelagibacteraceae_bacterium_AG-325-E13,0,1.794499804,0.560843373,unlinked
MAGsDB_NZIQ01,MAGsDB_DLPT01,0,2.881608082,0.62482695,unlinked
MAGsDB_DAFS01,MAGsDB_PBQK01,0,2.490652773,0.823974512,unlinked
MAGsDB_PAQM01,MAGsDB_NZKY01,0,2.274288827,0.612686952,unlinked
MarDB_Alphaproteobacteria_bacterium_MarineAlpha3_Bin6,MAGsDB_DATY01,0,2.646154227,0.801678909,unlinked
MarDB_Pelagibacteraceae_bacterium_AG-426-G09,MAGsDB_PBRQ01,0,2.391012337,0.649209486,unlinked
MarDB_Prochlorococcus_sp_AG-363-C20,MAGsDB_TARA_ANE_MAG_00024,0,2.873994914,0.787709497,unlinked
MAGsDB_PBMB01,MAGsDB_TARA_PSW_MAG_00053,0,1.325198014,0.677083333,unlinked
MarDB_GCF_003386165.1_ASM338616v1,MAGsDB_TARA_PSE_MAG_00041,0,3.05290502,0.667336683,unlinked
MAGsDB_PAAY01,MarDB_Pelagibacteraceae_bacterium_AG-359-O02,0,2.682002237,0.693936477,unlinked
MarDB_Alphaproteobacteria_bacterium_MarineAlpha12_Bin1,MAGsDB_PAQX01,0,1.966732303,0.608095676,unlinked
MarDB_Bacteroidetes_bacterium_strain_Spr30G08_bin33,MAGsDB_NZNM01,0,2.424742227,0.578870497,unlinked
MAGsDB_TARA_ION_MAG_00041,MAGsDB_DGPO01,0,2.425913314,0.636896047,unlinked
MarDB_SAR116_cluster_bacterium_AG-390-L20,MarDB_Spongiibacter_tropicus,0,1.899438141,0.570355731,unlinked
MAGsDB_PBKW01,MAGsDB_TARA_PSE_MAG_00022,0,2.508122227,0.710312366,unlinked
MAGsDB_TARA_ION_MAG_00011,MAGsDB_TARA_RED_MAG_00007,0,2.138262814,0.60461285,unlinked
MAGsDB_PCAM01,MAGsDB_TARA_PSW_MAG_00071,0,1.846141687,0.669537625,unlinked
MarDB_Colwellia_aestuarii_CGMCC1_6965,MAGsDB_PATA01,0,2.697917927,0.67082495,unlinked
MAGsDB_PAYK01,MarDB_SAR406_cluster_bacterium_SCGC_AAA160-B08,0,2.097292507,0.588509317,unlinked
MarDB_Zunongwangia_mangrovi_strain_DSM_24499,ProGenomes_1235558_PRJNA175917,0,2.537958727,0.612726098,unlinked
MarDB_Prochlorococcus_marinus_MIT_9107,MAGsDB_TARA_RED_MAG_00086,0,3.229149322,0.617795187,unlinked
MAGsDB_DCYW01,MarDB_Oceanicaulis_sp_HTCC2633,0,3.260677727,0.815300546,unlinked
MAGsDB_PAHQ01,MAGsDB_NZVQ01,0,2.234850427,0.650118203,unlinked
MarDB_Prochlorococcus_sp_AG-388-D03,MAGsDB_NZLM01,0,3.225243227,0.800796813,unlinked
MAGsDB_TARA_RED_MAG_00003,MAGsDB_NZRR01,0,2.750051114,0.795710456,unlinked
MAGsDB_DJKX01,MAGsDB_PARG01,0,1.620337324,0.61999057,unlinked
MAGsDB_DIIE01,MAGsDB_TARA_IOS_MAG_00060,0,2.320514384,0.631890661,unlinked
MarDB_Pelagibacteraceae_bacterium_AG-390-D18,MAGsDB_NZIO01,0,0.540202207,0.358955224,unlinked
MAGsDB_DBVA01,MarDB_GCA_003331225.1_ASM333122v1,0,2.189434564,0.649344342,unlinked
MarDB_GCF_900474185.1_UW69,MAGsDB_PATE01,0,2.223282944,0.641970364,unlinked
MAGsDB_DAOU01,MAGsDB_PADB01,0,2.408666354,0.792097836,unlinked
MAGsDB_PAGT01,MAGsDB_PAYI01,0,0.627996666,0.405295316,unlinked
MAGsDB_PBLJ01,MarDB_GCF_003315015.1_ASM331501v1,0,1.912359714,0.655797101,unlinked
MarDB_Prochlorococcus_sp_AG-402-B19,MAGsDB_TARA_MED_MAG_00050,0,2.982655914,0.651730006,unlinked
MAGsDB_TARA_RED_MAG_00006,MAGsDB_NZYO01,0,1.630689108,0.610761028,unlinked
MAGsDB_TARA_PSE_MAG_00032,MAGsDB_NZKY01,0,2.049827364,0.5898931,unlinked
MarDB_Prochlorococcus_sp_AG-670-O07,MAGsDB_DDJT01,0,3.283344744,0.677077195,unlinked
MAGsDB_TARA_MED_MAG_00003,MAGsDB_NHBO01,0,2.498323188,0.639854487,unlinked
MAGsDB_TARA_ANW_MAG_00012,MarRef_Prochlorococcus_marinus_str_MIT_9312,0,3.051921574,0.624332978,unlinked
MAGsDB_PBJN01,MAGsDB_PAHC01,0,2.680737227,0.541689373,unlinked
MAGsDB_NZLU01,MAGsDB_DAMU01,0,2.875087227,0.803095443,unlinked
MAGsDB_PBKA01,MAGsDB_PBRP01,0,2.228972127,0.649977649,unlinked
MarDB_Alphaproteobacteria_bacterium_MarineAlpha3_Bin6,MAGsDB_DEAP01,0,2.664859227,0.65890183,unlinked
MarDB_Prochlorococcus_sp_AG-363-P06,MarDB_Synechococcus_sp_CC9616,0,0.917815627,0.290417402,unlinked
MAGsDB_DAPJ01,MarDB_Salinisphaera_shabanensis,0,2.638961027,0.830467813,unlinked
MAGsDB_DBAG01,MarDB_Alphaproteobacteria_bacterium_MarineAlpha2_Bin1,0,1.861909284,0.622095572,unlinked
MAGsDB_PBTB01,MAGsDB_PABA01,0,1.462226927,0.637481371,unlinked
MarDB_Alphaproteobacteria_bacterium_MarineAlpha5_Bin7,MAGsDB_TARA_RED_MAG_00029,0,2.502678414,0.655920281,unlinked
MAGsDB_TARA_MED_MAG_00066,MAGsDB_PATB01,0,0.714196984,0.350678733,unlinked
MAGsDB_PBLJ01,MAGsDB_PBJS01,0,1.728281427,0.610178117,unlinked
MAGsDB_TARA_PSW_MAG_00014,MarDB_GCF_900474295.1_UW140,0,2.4193126,0.600682594,unlinked
MarDB_GCF_003326775.1_ASM332677v1,MarDB_Prochlorococcus_sp_AG-442-B03,0,3.018508066,0.694982079,unlinked
MAGsDB_PAYY01,MAGsDB_DDEJ01,0,2.616579927,0.632962138,unlinked
MAGsDB_TARA_MED_MAG_00085,MarDB_Citreicella_marina_strain_DSM_26424,0,1.170014615,0.485840382,unlinked
MAGsDB_DKNM01,MarDB_Pelagibacteraceae_bacterium_AG-337-G06,0,2.415964691,0.620512821,unlinked
MAGsDB_DAEN01,MarDB_Proteobacteria_bacterium_UBA5953,0,1.804539476,0.789986708,unlinked
MarDB_Prochlorococcus_sp_AG-418-M08,MarDB_Synechococcus_sp_AG-670-B23,0,0.883692202,0.350272232,unlinked
MarDB_Pacificimonas_flava_JLT2012,MarDB_SAR116_cluster_bacterium_AG-390-L20,0,1.442232227,0.522574877,unlinked
MAGsDB_PAVS01,MAGsDB_PBFG01,0,2.18137364,0.623001547,unlinked
MarDB_Algoriphagus_ornithinivorans_strain_DSM_15282,MAGsDB_DAVD01,0,2.856144188,0.779808132,unlinked
MAGsDB_NYVQ01,MAGsDB_DALI01,0,2.196137227,0.817931793,unlinked
MAGsDB_NYTG01,MAGsDB_DCCB01,0,0.899136227,0.525931929,unlinked
MAGsDB_NZFX01,MarDB_Prochlorococcus_sp_AG-363-O06,0,2.483932111,0.688926941,unlinked
MAGsDB_TARA_RED_MAG_00045,MAGsDB_PBUF01,0,2.386455634,0.575860397,unlinked
MAGsDB_TARA_ASE_MAG_00010,MAGsDB_PBDW01,0,1.284231734,0.60440661,unlinked
MAGsDB_TARA_ION_MAG_00041,MAGsDB_TARA_PSW_MAG_00053,0,1.6806242,0.648585999,unlinked
MarDB_Pseudoalteromonas_distincta,MarDB_Porticoccaceae_bacterium_UBA3436,0,1.061321748,0.498637602,unlinked
MAGsDB_TARA_RED_MAG_00006,MarDB_GCF_003335485.1_ASM333548v1,0,2.258235208,0.643030935,unlinked
MarRef_Synechococcus_sp_CC9902,MAGsDB_NHDV01,0,2.850817007,0.674215131,unlinked
MAGsDB_TARA_ANW_MAG_00032,MAGsDB_PBLD01,0,3.263527974,0.683235427,unlinked
MarDB_Pelagibacteraceae_bacterium_AG-365-D07,MarDB_Rhodobacteraceae_bacterium_ASP1004a,0,2.156342337,0.607569721,unlinked
MarDB_SAR406_cluster_bacterium_SCGC_AAA160-B08,MAGsDB_DALI01,0,2.852997227,0.786963434,unlinked
MarRef_Celeribacter_manganoxidans_strain_DY25,MAGsDB_TARA_ANW_MAG_00022,0,2.343735514,0.642120242,unlinked
MAGsDB_TARA_MED_MAG_00034,MAGsDB_PAPN01,0,1.394998866,0.513419913,unlinked
MAGsDB_TARA_PSE_MAG_00006,MAGsDB_TARA_MED_MAG_00076,0,3.07056917,0.675516224,unlinked
MAGsDB_PBWW01,MAGsDB_DFRK01,0,1.731840854,0.827755466,unlinked
MAGsDB_PAPY01,MarDB_Vibrio_chagasii_strain_LC2-408,0,0.622121537,0.619096863,unlinked
MAGsDB_DKQI01,MAGsDB_NYSW01,0,2.483680786,0.649859944,unlinked
MAGsDB_DEYK01,MAGsDB_PAZC01,0,1.809195154,0.538197845,unlinked
MAGsDB_NHDV01,MAGsDB_DKFX01,0,0.711482237,0.514450867,unlinked
MAGsDB_TARA_PSW_MAG_00018,MarDB_Proteobacteria_bacterium_UBA5953,0,2.461794539,0.64339909,unlinked
MarDB_Pseudoalteromonas_sp_SCSIO_11900,MAGsDB_TARA_ANW_MAG_00026,0,2.062149824,0.634234962,unlinked
MAGsDB_NYYE01,MarDB_Pelagibacteraceae_bacterium_AG-410-D23,0,3.080886597,0.734693878,unlinked
MarDB_GCF_003634925.1_ASM363492v1,MAGsDB_TARA_ANE_MAG_00074,0,2.689111864,0.649525316,unlinked
MarDB_Pelagibacterales_bacterium_MED-G40,MAGsDB_PBYP01,0,2.238738097,0.690101758,unlinked
MAGsDB_TARA_RED_MAG_00081,MAGsDB_PBME01,0,1.299876014,0.8189609,unlinked
MAGsDB_TARA_MED_MAG_00040,MAGsDB_TARA_RED_MAG_00028,0,2.753109,0.684140677,unlinked
MarDB_Pseudoalteromonas_sp_SCSIO_11900,MAGsDB_DGLO01,0,2.198269538,0.700641752,unlinked
MarDB_Prochlorococcus_sp_AG-402-B19,MAGsDB_DAZE01,0,3.260389927,0.789473684,unlinked
MarRef_Prochlorococcus_sp_MIT_0801,MAGsDB_DAKS01,0,3.121783227,0.784376672,unlinked
MarDB_Rhodobacteraceae_bacterium_HTCC2083,MAGsDB_TARA_PSW_MAG_00019,0,2.253557114,0.568703776,unlinked
MarRef_Synechococcus_sp_RCC307,MarDB_Prochlorococcus_sp_AG-347-L21,0,0.940597427,0.354179194,unlinked
MAGsDB_PBDC01,MarRef_Pseudoalteromonas_agarivorans,0,1.789041037,0.659266734,unlinked
MAGsDB_PCAM01,MarDB_Prochlorococcus_marinus_XMU1408,0,2.233508227,0.646815122,unlinked
MAGsDB_TARA_IOS_MAG_00011,MAGsDB_PBAS01,0,2.073536738,0.660487805,unlinked
MAGsDB_PBGD01,MAGsDB_PBTT01,0,2.568504357,0.722308892,unlinked
MAGsDB_PATH01,MarDB_Mesonia_mobilis,0,2.641042127,0.711979167,unlinked
MarDB_Pseudoalteromonas_sp_13_15,MarDB_Idiomarina_baltica,0,0.571613679,0.324178111,unlinked
MarDB_Pelagibacteraceae_bacterium_AG-426-G02,MAGsDB_TARA_RED_MAG_00031,0,2.869961414,0.6816609,unlinked
MAGsDB_PBCY01,MAGsDB_PANA01,0,1.546322227,0.583280955,unlinked
MarDB_Pelagibacteraceae_bacterium_AG-447-N18,MAGsDB_TARA_PSW_MAG_00017,0,2.912028324,0.713947056,unlinked
MAGsDB_PBLJ01,MarDB_Prochlorococcus_sp_AG-347-J14,0,2.566138127,0.659521436,unlinked
MarDB_Thalassolituus_sp_UBA2535,MAGsDB_DIHU01,0,2.215016591,0.634527439,unlinked
MAGsDB_DAFS01,MAGsDB_DADW01,0,1.165540727,0.37202925,unlinked
MAGsDB_TARA_RED_MAG_00055,MAGsDB_PASR01,0,2.629032324,0.774861181,unlinked
MAGsDB_DBAN01,MAGsDB_PARR01,0,2.083129249,0.621552605,unlinked
MarDB_Pelagibacteraceae_bacterium_AG-439-F23,MAGsDB_TARA_PSW_MAG_00093,0,2.045606344,0.719689119,unlinked
MAGsDB_DEBI01,MAGsDB_PBGD01,0,2.178727315,0.626053143,unlinked
MAGsDB_TARA_PSW_MAG_00048,MAGsDB_PBJZ01,0,2.741774894,0.618992472,unlinked
MarDB_GCA_003451575.1_ASM345157v1,MAGsDB_PABV01,0,2.666537027,0.792688364,unlinked
MAGsDB_TARA_PSW_MAG_00069,MAGsDB_DDEE01,0,2.848313114,0.663179916,unlinked
MAGsDB_TARA_MED_MAG_00087,MAGsDB_PBMH01,0,2.118932547,0.638461538,unlinked
MAGsDB_TARA_RED_MAG_00004,MAGsDB_PAHC01,0,1.267939794,0.438646789,unlinked
MAGsDB_PAGT01,MarDB_GCF_003326775.1_ASM332677v1,0,2.755066505,0.713808463,unlinked
MAGsDB_DKGH01,MAGsDB_NZVB01,0,2.114606433,0.638439581,unlinked
MarDB_GCF_003386165.1_ASM338616v1,MAGsDB_PBMO01,0,2.783991732,0.795734597,unlinked
MAGsDB_TARA_PSE_MAG_00002,MAGsDB_PBRN01,0,1.797612227,0.571982926,unlinked
MAGsDB_PABW01,MAGsDB_NZZG01,0,1.185509547,0.600360036,unlinked
MAGsDB_TARA_PSW_MAG_00059,MAGsDB_TARA_PON_MAG_00006,0,1.947118382,0.687348912,unlinked
MAGsDB_DBHP01,MAGsDB_DANB01,0,2.823093949,0.770977918,unlinked
MAGsDB_TARA_ANE_MAG_00044,MarDB_Prochlorococcus_sp_AG-418-M08,0,3.284547314,0.6401649,unlinked
MAGsDB_PBAY01,MAGsDB_PALX01,0,2.581684854,0.644181256,unlinked
MarDB_Pseudoalteromonas_sp_3D05,MAGsDB_TARA_PSW_MAG_00094,0,2.454594954,0.826235741,unlinked
MarDB_Pelagibacteraceae_bacterium_AG-390-A23,MarDB_Candidatus_Thioglobus_sp_REDSEA-S12_B1,0,2.461662237,0.560899438,unlinked
MarDB_Pseudoalteromonas_sp_SCSIO_11900,MAGsDB_TARA_ANE_MAG_00001,0,2.040025924,0.6346229,unlinked
MAGsDB_NHCZ01,MarDB_Citreicella_marina_strain_DSM_26424,0,2.886529515,0.711809317,unlinked
MarDB_Vibrio_chagasii_strain_LC2-408,MAGsDB_TARA_ANW_MAG_00023,0,2.594129384,0.721609114,unlinked
MAGsDB_PAAF01,MAGsDB_DKQI01,0,2.00937329,0.599030471,unlinked
MAGsDB_PBLJ01,MAGsDB_NHDO01,0,2.055062127,0.653846154,unlinked
MAGsDB_PBGD01,MAGsDB_NZVD01,0,2.560907727,0.693540052,unlinked
MAGsDB_TARA_RED_MAG_00025,MAGsDB_TARA_IOS_MAG_00035,0,2.4682579,0.637625658,unlinked
MarDB_Candidatus_Pelagibacter_sp_HTCC7211,MarDB_Prochlorococcus_sp_AG-347-K15,0,3.498318207,0.67551963,unlinked
MarDB_Marine_Group_III_euryarchaeote_CG-Epi1,MarDB_Prochlorococcus_sp_AG-355-I04,0,3.125357708,0.83824379,unlinked
MAGsDB_PBWA01,MAGsDB_TARA_ANE_MAG_00016,0,2.669168814,0.618346546,unlinked
MAGsDB_DBIA01,MAGsDB_TARA_MED_MAG_00085,0,2.193319047,0.57496497,unlinked
MAGsDB_DKPR01,MAGsDB_TARA_PSW_MAG_00006,0,1.833546368,0.602120536,unlinked
MarRef_Sulfitobacter_sp_SK025,MarDB_Alphaproteobacteria_bacterium_MarineAlpha3_Bin6,0,1.39361365,0.527128548,unlinked
MarRef_Sulfitobacter_sp_SK025,MAGsDB_TARA_ANE_MAG_00011,0,1.573525536,0.538592027,unlinked
MarDB_GCF_003326775.1_ASM332677v1,MAGsDB_DCCB01,0,1.838766066,0.523248408,unlinked
MAGsDB_TARA_ANW_MAG_00065,MarDB_Acidimicrobiales_bacterium_MED-G01,0,1.952490014,0.699503311,unlinked
MAGsDB_DCWH01,MAGsDB_PBTB01,0,1.491415899,0.641456583,unlinked
MAGsDB_PBPT01,MAGsDB_DBUW01,0,2.105197534,0.660681115,unlinked
MAGsDB_PBTB01,MAGsDB_PBQI01,0,1.549256927,0.608096085,unlinked
MarDB_Prochlorococcus_sp_AG-402-M23,MAGsDB_DALQ01,0,3.205673277,0.792792793,unlinked
MAGsDB_PBRL01,MAGsDB_DEAT01,0,2.284188925,0.650689035,unlinked
MAGsDB_TARA_ANE_MAG_00015,MAGsDB_TARA_PSW_MAG_00089,0,2.30125164,0.708994709,unlinked
MarDB_Erythrobacter_citreus_LAMA_915,MAGsDB_TARA_PSE_MAG_00095,0,3.027020159,0.647540984,unlinked
MarDB_GCF_003788635.1_ASM378863v1,MAGsDB_TARA_RED_MAG_00023,0,2.549160696,0.700918964,unlinked
MarDB_Caulobacter_crescentus_OR37,MAGsDB_DATY01,0,2.762107227,0.820925553,unlinked
MAGsDB_TARA_PSE_MAG_00031,MarRef_Citromicrobium_sp_JL477,0,3.254812425,0.665510406,unlinked
MAGsDB_DDEL01,MAGsDB_DKPS01,0,2.018761817,0.631009095,unlinked
MarDB_Nocardioides_sp_REDSEA-S43_B3,MarDB_SAR116_cluster_bacterium_REDSEA-S10_B10N8,0,2.140634706,0.662959795,unlinked
MAGsDB_PBVH01,MAGsDB_TARA_IOS_MAG_00003,0,2.778608321,0.669811321,unlinked
MAGsDB_TARA_PSE_MAG_00056,MAGsDB_TARA_PON_MAG_00033,0,2.856544646,0.799536501,unlinked
MAGsDB_TARA_MED_MAG_00027,MAGsDB_DJZG01,0,2.035776605,0.609324759,unlinked
MAGsDB_PAIS01,MAGsDB_DGJX01,0,2.850932227,0.697459584,unlinked
MAGsDB_TARA_RED_MAG_00043,MAGsDB_DIIE01,0,2.180612204,0.681348559,unlinked
MarDB_Prochlorococcus_sp_AG-402-B05,MAGsDB_DKAI01,0,2.312846903,0.670707071,unlinked
MAGsDB_DEBC01,MarRef_Chromohalobacter_salexigens_DSM_3043,0,1.858437327,0.570710456,unlinked
MarDB_Prochlorococcus_sp_AG-347-K18,MarDB_SAR116_cluster_bacterium_AG-426-I14,0,3.079358127,0.681522283,unlinked
MAGsDB_DKPR01,MAGsDB_DAUW01,0,2.514038964,0.789361702,unlinked
MAGsDB_PAIY01,MAGsDB_PASN01,0,2.173189183,0.624521073,unlinked
MarDB_Methylophilales_bacterium_HTCC2181,MarDB_Pelagibacteraceae_bacterium_AG-404-P08,0,2.377031767,0.59204893,unlinked
MarDB_Halieaceae_bacterium_MED-G27,MAGsDB_NZGY01,0,2.005952227,0.621567847,unlinked
MAGsDB_TARA_RED_MAG_00015,MAGsDB_TARA_PON_MAG_00033,0,2.77135012,0.788507109,unlinked
MarDB_Pelagibacteraceae_bacterium_AG-447-N18,MAGsDB_NYZX01,0,1.977462237,0.660062565,unlinked
MAGsDB_DAZU01,MAGsDB_DGPX01,0,2.915609027,0.774573278,unlinked
MarRef_Formosa_sp_Hel3_A1_48,MAGsDB_DDEH01,0,1.045042228,0.370643432,unlinked
MAGsDB_PARI01,MAGsDB_DFWB01,0,1.747742669,0.575712881,unlinked
MAGsDB_DLCH01,MarDB_SAR116_cluster_bacterium_AG-447-A06,0,2.049524227,0.633067729,unlinked
MarDB_Prochlorococcus_sp_AG-402-B05,MAGsDB_NZIJ01,0,2.915047227,0.661936138,unlinked
MAGsDB_TARA_MED_MAG_00021,MarDB_Prochlorococcus_sp_AG-418-I20,0,3.04500199,0.638100437,unlinked
MAGsDB_DALQ01,MAGsDB_DDJT01,0,3.082077277,0.748582231,unlinked
MarDB_GCF_003788635.1_ASM378863v1,MAGsDB_DATW01,0,2.597889929,0.830327869,unlinked
MarDB_GCA_003331225.1_ASM333122v1,MarRef_Erythrobacter_sp_YH_07,0,2.808524814,0.657657658,unlinked
MarDB_Pelagibaca_bermudensis,MarDB_Erythrobacter_citreus_LAMA_915,0,1.515999973,0.513863882,unlinked
MAGsDB_PAST01,MarDB_SAR116_cluster_bacterium_AG-325-I21,0,2.706752227,0.699083503,unlinked
MarDB_Prochlorococcus_sp_AG-388-D03,MAGsDB_DCPZ01,0,3.286798227,0.672121896,unlinked
MarDB_Marinobacterium_litorale,MarDB_Pseudoalteromonas_arabiensis_JCM_17292,0,0.939585627,0.447657029,unlinked
MAGsDB_PAYZ01,MarDB_Prochlorococcus_sp_AG-355-G23,0,3.550175927,0.805341246,unlinked
MAGsDB_PBAL01,MarDB_SAR116_cluster_bacterium_AG-447-C21,0,1.983240907,0.649820931,unlinked
MarDB_Prochlorococcus_sp_AG-347-C10,MAGsDB_PACV01,0,3.226241914,0.696529968,unlinked
MAGsDB_PAPI01,MAGsDB_TARA_RED_MAG_00055,0,3.031789324,0.787822878,unlinked
MAGsDB_NHBR01,MAGsDB_PALX01,0,2.739229817,0.656484962,unlinked
MAGsDB_NYUA01,MAGsDB_NZIY01,0,1.595962227,0.602305476,unlinked
MAGsDB_PBVQ01,MAGsDB_DEAN01,0,2.283859152,0.637847642,unlinked
MarDB_Pelagibacteraceae_bacterium_AG-447-N18,MarDB_Nitrosopelagicus_sp_REDSEA-S31_B2,0,2.644081483,0.805795314,unlinked
MAGsDB_PBID01,MarRef_Muricauda_lutaonensis_strain_CC-HSB-11,0,2.369819927,0.695128339,unlinked
MAGsDB_TARA_ASW_MAG_00002,MAGsDB_DCWQ01,0,2.425747974,0.638323353,unlinked
MarDB_Prochlorococcus_sp_AG-388-A04,MAGsDB_DCKY01,0,2.801838227,0.653398058,unlinked
MarDB_SAR116_cluster_bacterium_AG-325-I21,MAGsDB_PBJG01,0,3.003847914,0.71275395,unlinked
MarDB_Vibrio_splendidus_strain_10N_261_55_E11,MAGsDB_PBME01,0,1.59079322,0.861538462,unlinked
MarDB_Prochlorococcus_sp_AG-355-J09,MAGsDB_PARX01,0,3.450882827,0.65645933,unlinked
MarDB_Vibrio_chagasii_strain_LC2-408,MarDB_Citreicella_marina_strain_DSM_26424,0,2.288884738,0.564043653,unlinked
MarDB_GCF_900474185.1_UW69,MAGsDB_DKPX01,0,1.920934214,0.645304851,unlinked
MAGsDB_TARA_PSW_MAG_00059,MAGsDB_TARA_MED_MAG_00019,0,2.415235052,0.632081477,unlinked
MarDB_Pelagibacteraceae_bacterium_AG-470-G21,MAGsDB_TARA_RED_MAG_00034,0,1.730112854,0.601973684,unlinked
MAGsDB_PBRL01,MAGsDB_NZIY01,0,2.583982227,0.687912088,unlinked
MarDB_Prochlorococcus_sp_AG-363-P19,MarDB_Prochlorococcus_sp_AG-402-K10,0,0.736152227,0.265264586,unlinked
MAGsDB_DDDN01,MAGsDB_TARA_PSW_MAG_00058,0,2.282392896,0.683189655,unlinked
MarDB_Pseudoalteromonas_ruthenica_S3137,MAGsDB_DCQV01,0,1.8336234,0.664549869,unlinked
MAGsDB_PBLK01,MAGsDB_PBWJ01,0,3.149831747,0.640490798,unlinked
MAGsDB_TARA_MED_MAG_00066,MAGsDB_TARA_ION_MAG_00016,0,1.711220184,0.573085847,unlinked
MAGsDB_DLCF01,MAGsDB_NZFP01,0,2.454768227,0.618209256,unlinked
MAGsDB_DAKR01,MarDB_GCA_003331225.1_ASM333122v1,0,2.696391224,0.796980739,unlinked
MAGsDB_NZWJ01,MAGsDB_PAZL01,0,2.490902227,0.648491879,unlinked
MarDB_Prochlorococcus_sp_scB241_528N17,MAGsDB_PATB01,0,3.255121247,0.636621315,unlinked
MAGsDB_DBAN01,MAGsDB_PBFM01,0,1.923289249,0.663631765,unlinked
MAGsDB_NHDG01,MarRef_Alteromonas_macleodii_str_Black_Sea_11,0,2.324150189,0.650692624,unlinked
MAGsDB_DHZF01,MarDB_Prochlorococcus_sp_AG-347-J20,0,3.470775327,0.68562472,unlinked
MarDB_Vibrio_chagasii_strain_LC2-408,MAGsDB_PBHD01,0,2.597036537,0.688896648,unlinked
MarDB_Silicibacter_sp_TrichCH4B,MAGsDB_NHDO01,0,2.519929798,0.557848195,unlinked
MarDB_GCA_003332015.1_ASM333201v1,MAGsDB_NZXG01,0,1.737261614,0.652980655,unlinked
MarDB_gamma_proteobacterium_HIMB55,MAGsDB_PAME01,0,2.675152227,0.607799193,unlinked
MarRef_Formosa_sp_Hel3_A1_48,MarDB_Prochlorococcus_sp_AG-418-K17,0,3.158448228,0.665322581,unlinked
MarDB_Vibrio_splendidus_strain_10N_261_55_E11,MAGsDB_DKNY01,0,1.14638482,0.579258287,unlinked
MarDB_Roseobacter_sp_MED193,MarDB_Pseudoalteromonas_sp_H71,0,2.466274897,0.555808656,unlinked
MAGsDB_DEPK01,MAGsDB_NZGX01,0,2.592052387,0.710344828,unlinked
MAGsDB_TARA_PSE_MAG_00050,MAGsDB_DGNA01,0,0.87961483,0.47483871,unlinked
MAGsDB_TARA_ANE_MAG_00027,MAGsDB_NYVA01,0,3.171003206,0.767879548,unlinked
MAGsDB_PAHQ01,MAGsDB_NZFK01,0,1.781402427,0.668786127,unlinked
MAGsDB_DHXI01,MAGsDB_DGPX01,0,0.956712227,0.46684492,unlinked
MAGsDB_DAFS01,MAGsDB_DDIH01,0,2.832141254,0.783590308,unlinked
MAGsDB_NHEH01,MAGsDB_TARA_MED_MAG_00006,0,2.210112207,0.672487022,unlinked
MAGsDB_TARA_ANE_MAG_00040,MAGsDB_PCCK01,0,2.939292784,0.644021739,unlinked
MarDB_Microbacteriaceae_bacterium_strain_strain_Alg239_V181,MAGsDB_TARA_ANE_MAG_00029,0,2.607695251,0.679664363,unlinked
MAGsDB_DDIN01,MAGsDB_NZPQ01,0,2.829006687,0.689849624,unlinked
MAGsDB_NZGS01,MAGsDB_DKAC01,0,2.564955985,0.645013724,unlinked
MarDB_Candidatus_Thioglobus_sp_MED-G25,MAGsDB_PAPB01,0,2.412052207,0.649385355,unlinked
MAGsDB_TARA_MED_MAG_00054,MAGsDB_DAOU01,0,2.73893296,0.787771899,unlinked
MAGsDB_TARA_ANE_MAG_00006,MAGsDB_DEYL01,0,2.415837641,0.588370754,unlinked
MAGsDB_NZOF01,MarDB_Prochlorococcus_sp_AG-347-L21,0,3.538530757,0.690395956,unlinked
MarDB_Marinobacter_sp_ES1,MarRef_Candidatus_Thioglobus_singularis_PS1,0,1.178017747,0.570859873,unlinked
MAGsDB_TARA_PSW_MAG_00054,MAGsDB_TARA_RED_MAG_00053,0,2.72676466,0.713692946,unlinked
MAGsDB_NZNM01,MAGsDB_TARA_MED_MAG_00025,0,2.141774134,0.662289916,unlinked
MarDB_Rhodobacteraceae_bacterium_SB2,MAGsDB_TARA_ASW_MAG_00001,0,2.38370002,0.593117409,unlinked
MAGsDB_PABM01,MAGsDB_PAAR01,0,2.834572237,0.679233227,unlinked
MarDB_Prochlorococcus_sp_scB245a_520K10,MarDB_Prochlorococcus_sp_AG-402-A08,0,0.656428554,0.239598278,unlinked
MAGsDB_TARA_PSE_MAG_00038,MAGsDB_DCWU01,0,1.6078136,0.507263923,unlinked
MAGsDB_TARA_ANE_MAG_00006,MAGsDB_DBHM01,0,1.649516721,0.563940092,unlinked
MarDB_Synechococcus_sp_RS9916,MAGsDB_PBZV01,0,2.208720116,0.812559923,unlinked
MAGsDB_TARA_MED_MAG_00002,MAGsDB_PAUB01,0,2.035254771,0.59202454,unlinked
MAGsDB_DCQB01,MAGsDB_TARA_PSE_MAG_00089,0,2.627570269,0.664168618,unlinked
MAGsDB_PAFY01,MarDB_Prochlorococcus_sp_AG-459-N19,0,3.088064274,0.684151786,unlinked
MarDB_Citromicrobium_sp_JLT1363,MAGsDB_NZGF01,0,3.268150997,0.632929104,unlinked
MAGsDB_DIIC01,MarDB_Prochlorococcus_sp_scB243_498I20,0,2.858672227,0.644476604,unlinked
MarRef_Synechococcus_sp_CC9902,MAGsDB_TARA_IOS_MAG_00012,0,2.791075894,0.631660631,unlinked
MarDB_SAR116_cluster_bacterium_AG-447-A06,MAGsDB_DJHS01,0,2.116675125,0.673400673,unlinked
MAGsDB_DAZE01,MAGsDB_PBRP01,0,2.673477227,0.827437446,unlinked
MarDB_Prochlorococcus_sp_AG-679-M23,MarRef_alpha_proteobacterium_HIMB59,0,3.437184977,0.620897155,unlinked
MarDB_GCF_003386165.1_ASM338616v1,MAGsDB_TARA_ANE_MAG_00001,0,2.80685772,0.644962604,unlinked
MAGsDB_TARA_RED_MAG_00015,MarDB_SAR324_cluster_bacterium_lautmerah10,0,1.991226436,0.617580426,unlinked
MAGsDB_DHZO01,MAGsDB_PAFB01,0,1.134703764,0.571858864,unlinked
MAGsDB_PBCY01,MAGsDB_PBQA01,0,2.054929739,0.664543524,unlinked
MarRef_Tistrella_mobilis_KA081020-065,MAGsDB_PAHN01,0,2.64162203,0.7208981,unlinked
MAGsDB_PAMH01,MarRef_Prochlorococcus_marinus_AS9601,0,2.667188227,0.667497507,unlinked
MarDB_Vibrio_sp_10N_286_48_B8,MAGsDB_NZWJ01,0,1.918798928,0.742271622,unlinked
MarDB_GCA_003702465.1_ASM370246v1,MAGsDB_TARA_PSW_MAG_00089,0,2.243059892,0.840703518,unlinked
MarDB_alpha_proteobacterium_HIMB114,MarDB_GCA_003451575.1_ASM345157v1,0,2.385848527,0.598244759,unlinked
MAGsDB_NZID01,MAGsDB_NHEU01,0,3.024278814,0.650474595,unlinked
MAGsDB_DAGO01,MAGsDB_PBKH01,0,2.435677227,0.792089792,unlinked
MAGsDB_DACC01,MAGsDB_TARA_ANW_MAG_00012,0,2.385000574,0.875411997,unlinked
MarDB_Idiomarina_zobellii,MAGsDB_DKOA01,0,1.981496055,0.621680453,unlinked
MAGsDB_DJYV01,MAGsDB_TARA_PON_MAG_00038,0,2.776947134,0.649807587,unlinked
MarDB_Prochlorococcus_sp_AG-355-P16,MarDB_Pelagibacteraceae_bacterium_AG-390-C22,0,3.356989367,0.655609168,unlinked
MarDB_Pelagibacteraceae_bacterium_AG-404-P08,MAGsDB_DKFX01,0,3.040052237,0.686559679,unlinked
MAGsDB_DGPR01,MAGsDB_TARA_ION_MAG_00007,0,2.122281314,0.646939808,unlinked
MAGsDB_NZRR01,MAGsDB_PABM01,0,2.980407237,0.787249284,unlinked
MAGsDB_DKPW01,MAGsDB_DKQI01,0,1.639002204,0.640298507,unlinked
MAGsDB_NZGW01,MarDB_Prochlorococcus_sp_scB243_495L20,0,3.050402282,0.688090737,unlinked
MAGsDB_TARA_RED_MAG_00007,MarRef_Prochlorococcus_marinus_bv_HNLC2,0,2.995590487,0.640767386,unlinked
MarDB_Psychrobacter_pacificensis_strain_DSM_23406,MAGsDB_TARA_ANW_MAG_00009,0,0.699875826,0.511954459,unlinked
MarDB_OCS116_cluster_bacterium_AG-435-F03,MarDB_Halomonas_taeanensis_strain_BH539,0,2.359118104,0.651587302,unlinked
MAGsDB_NHFB01,MarDB_Pseudoalteromonas_sp_13_15,0,1.494670942,0.61736993,unlinked
MAGsDB_PAPG01,MarRef_Muricauda_lutaonensis_strain_CC-HSB-11,0,2.963373634,0.609737249,unlinked
MarDB_GCA_003452485.1_ASM345248v1,MarDB_Prochlorococcus_sp_AG-418-D13,0,3.459007957,0.662239929,unlinked
MAGsDB_NZVC01,MAGsDB_NHCB01,0,2.140122227,0.604128939,unlinked
MarRef_Synechococcus_sp_WH_7803,MAGsDB_TARA_ASW_MAG_00023,0,2.700225214,0.657171414,unlinked
MAGsDB_TARA_ANE_MAG_00033,MAGsDB_PBVL01,0,2.619131914,0.727647868,unlinked
MarDB_OCS155_cluster_bacterium_AG-333-G23,MAGsDB_NZNV01,0,2.790953111,0.707341772,unlinked
MAGsDB_PAOL01,MarDB_Prochlorococcus_sp_AG-347-K15,0,2.990187927,0.719885277,unlinked
MarRef_Alteromonas_mediterranea_strain_AR43,MAGsDB_TARA_ANW_MAG_00031,0,2.09950625,0.629508197,unlinked
MAGsDB_DAHL01,MAGsDB_TARA_MED_MAG_00012,0,2.384669974,0.828437133,unlinked
MAGsDB_PBJN01,MAGsDB_PAIF01,0,2.701039614,0.649540292,unlinked
MAGsDB_TARA_PSW_MAG_00060,MAGsDB_PBPL01,0,1.870902227,0.616680708,unlinked
MarDB_Pseudoalteromonas_distincta,MAGsDB_TARA_RED_MAG_00031,0,2.366100924,0.766897081,unlinked
MAGsDB_PCBC01,MAGsDB_DCBW01,0,2.402858662,0.651105651,unlinked
MAGsDB_TARA_MED_MAG_00025,MarDB_Nitrosopumilus_sp_Nsub,0,2.335246092,0.81202046,unlinked
MarDB_Pelagibaca_bermudensis,MarDB_Prochlorococcus_marinus_GP2,0,3.428165127,0.65981241,unlinked
MarDB_GCA_003331425.1_ASM333142v1,MarDB_Pelagibacteraceae_bacterium_AG-426-M19,0,2.520867276,0.803374055,unlinked
MarDB_Thaumarchaeota_archaeon_SCGC_AAA007-O23,MAGsDB_PBQI01,0,1.917354364,0.821831304,unlinked
MAGsDB_TARA_MED_MAG_00117,MarDB_GCF_900474185.1_UW69,0,2.142263872,0.632443532,unlinked
MAGsDB_DBHM01,MAGsDB_PADF01,0,2.506344597,0.79214123,unlinked
MAGsDB_DCXL01,MarDB_GCA_003485885.1_ASM348588v1,0,2.353767227,0.698845266,unlinked
MarDB_Candidatus_Thioglobus_sp_MED-G25,MAGsDB_PBDJ01,0,2.20833873,0.650134771,unlinked
MAGsDB_TARA_PSW_MAG_00059,MAGsDB_TARA_PSW_MAG_00076,0,1.839879292,0.666978923,unlinked
MAGsDB_TARA_MED_MAG_00087,MAGsDB_PAQG01,0,2.475342947,0.707076566,unlinked
MarDB_Prochlorococcus_sp_AG-436-A04,MAGsDB_PBDW01,0,2.995448227,0.690068493,unlinked
MAGsDB_NHEC01,MAGsDB_PBKU01,0,2.22829162,0.668153434,unlinked
MAGsDB_PBAS01,MAGsDB_NZRN01,0,2.264411035,0.683045356,unlinked
MAGsDB_PBOO01,MAGsDB_TARA_ANW_MAG_00026,0,2.562428002,0.627737226,unlinked
MarDB_Vibrio_caribbenthicus_ATCC_BAA2122,MarDB_Pelagibacteraceae_bacterium_AG-325-E08,0,2.391122027,0.703661759,unlinked
MAGsDB_PBGO01,MAGsDB_DADW01,0,2.694056921,0.737876802,unlinked
MAGsDB_NZRP01,MAGsDB_TARA_ION_MAG_00047,0,0.885199914,0.384452297,unlinked
MAGsDB_TARA_ANW_MAG_00001,MarDB_Pelagibacterales_bacterium_MED-G42,0,1.758087537,0.646102343,unlinked
MarDB_marine_actinobacterium_MedAcidiG2B,MAGsDB_DCQE01,0,1.406023504,0.522406384,unlinked
MarDB_Dokdonia_donghaensis_MED134,MarRef_Synechococcus_sp_RCC307,0,2.470317214,0.619320688,unlinked
MAGsDB_DCQX01,MAGsDB_TARA_PSE_MAG_00005,0,2.538205422,0.576107011,unlinked
MarDB_Alphaproteobacteria_bacterium_UBA3437,MAGsDB_PBZM01,0,1.966377366,0.51928934,unlinked
MAGsDB_DBTA01,MAGsDB_DAHJ01,0,2.583932127,0.796023092,unlinked
MAGsDB_TARA_PON_MAG_00016,MAGsDB_NYXK01,0,2.352513224,0.726445152,unlinked
MarDB_Synechococcus_sp_AG-670-B23,MAGsDB_NZVQ01,0,2.379716202,0.691437803,unlinked
MarDB_Pelagibacteraceae_bacterium_AG-325-C10,MAGsDB_DJZY01,0,2.049433424,0.67734657,unlinked
MAGsDB_DJZM01,MAGsDB_TARA_PON_MAG_00029,0,2.233013894,0.689768977,unlinked
MAGsDB_TARA_RED_MAG_00015,MAGsDB_TARA_ANW_MAG_00013,0,2.472810265,0.606674613,unlinked
MAGsDB_NZVC01,MarDB_Marine_group_II_euryarchaeote_REDSEA-S11_B3N4,0,2.998566297,0.845630372,unlinked
MarDB_Prochlorococcus_sp_AG-355-M18,MAGsDB_TARA_PSE_MAG_00059,0,3.062915114,0.675745785,unlinked
MAGsDB_TARA_PSW_MAG_00046,MarDB_alpha_proteobacterium_SCGC_AAA536-G10,0,0.992913478,0.506578947,unlinked
MarDB_GCF_003326805.1_ASM332680v1,MAGsDB_PAQU01,0,2.229410552,0.672149123,unlinked
MAGsDB_TARA_MED_MAG_00006,MAGsDB_PACC02,0,1.337300907,0.454285714,unlinked
MAGsDB_PAHI01,MarDB_Candidatus_Pelagibacter_ubique_SCGC_AAA795-F16,0,2.698371931,0.691076923,unlinked
MAGsDB_PBMG01,MarDB_Marine_group_II_euryarchaeote_REDSEA-S11_B3N4,0,2.811574797,0.79245283,unlinked
MAGsDB_PAWM01,MAGsDB_TARA_PSW_MAG_00017,0,2.680448714,0.742490989,unlinked
MarDB_Vibrio_chagasii_strain_LC2-408,MAGsDB_PAXN01,0,1.910311537,0.601288245,unlinked
MarDB_Prochlorococcus_sp_AG-459-N19,MarDB_Nitrosopumilus_sp_Nsub,0,2.944150186,0.793911007,unlinked
MAGsDB_TARA_MED_MAG_00019,MarDB_Pseudoalteromonas_lipolytica_UCD-48B,0,2.314537894,0.673801031,unlinked
MAGsDB_TARA_PSW_MAG_00032,MAGsDB_TARA_PSE_MAG_00002,0,0.991947745,0.440122044,unlinked
MAGsDB_DGPX01,MAGsDB_DLRJ01,0,2.626922227,0.707291667,unlinked
MAGsDB_DAME01,MAGsDB_PAPF01,0,2.790027227,0.819338422,unlinked
MAGsDB_TARA_ANE_MAG_00030,MarDB_Alphaproteobacteria_bacterium_MarineAlpha5_Bin12,0,2.544991144,0.796992481,unlinked
MAGsDB_DBSR01,MarDB_Prochlorococcus_sp_AG-418-F08,0,2.742095109,0.676344086,unlinked
MAGsDB_PBLC01,MAGsDB_DACZ01,0,3.257554551,0.790055249,unlinked
MAGsDB_NZAK01,MarDB_Prochlorococcus_sp_AG-402-L23,0,2.843501427,0.660416667,unlinked
MAGsDB_DLRM01,MAGsDB_TARA_PSW_MAG_00028,0,1.682023088,0.668739635,unlinked
MAGsDB_PBLK01,MAGsDB_DBHQ01,0,2.110962974,0.618905047,unlinked
MAGsDB_PAPG01,MAGsDB_TARA_PSW_MAG_00014,0,2.28101772,0.596080102,unlinked
MAGsDB_TARA_PSE_MAG_00046,MarDB_Prochlorococcus_sp_AG-670-O17,0,2.644463224,0.692307692,unlinked
MarDB_Cryomorphaceae_bacterium_ASP1005a,MarDB_Pelagibacteraceae_bacterium_AG-430-I06,0,2.810602227,0.70040253,unlinked
MarDB_GCA_003450155.1_ASM345015v1,MarDB_GCA_003331195.1_ASM333119v1,0,2.294580073,0.617560401,unlinked
MAGsDB_PBDJ01,MAGsDB_DAHO01,0,2.42451466,0.776415645,unlinked
MAGsDB_TARA_ION_MAG_00011,MAGsDB_DCQV01,0,2.094336592,0.650793651,unlinked
MAGsDB_TARA_ION_MAG_00022,MAGsDB_PAPV01,0,1.366900014,0.460387812,unlinked
MAGsDB_PBQK01,MAGsDB_NZUJ01,0,2.382269273,0.605102407,unlinked
MAGsDB_DKAL01,MAGsDB_TARA_PSE_MAG_00022,0,2.174237614,0.718045113,unlinked
MAGsDB_TARA_PSW_MAG_00002,MarRef_Prochlorococcus_marinus_str_MIT_9312,0,2.888687227,0.586913087,unlinked
MAGsDB_NZAO01,MarDB_Prochlorococcus_sp_AG-363-N16,0,2.638288927,0.645272206,unlinked
MAGsDB_PBSH01,MarDB_Vibrio_sagamiensis_NBRC_104589,0,0.871222227,0.499136442,unlinked
MAGsDB_PBMF01,MarDB_GCA_003444815.1_ASM344481v1,0,1.891808493,0.615069195,unlinked
MarDB_Colwellia_polaris_MCCC1C00015,MAGsDB_DAKS01,0,2.424787227,0.816472358,unlinked
MAGsDB_TARA_RED_MAG_00045,MAGsDB_TARA_ANE_MAG_00014,0,2.27175582,0.620011242,unlinked
MarDB_Lutimaribacter_saemankumensis_strain_DSM_28010,MAGsDB_PBGL02,0,2.976556471,0.80952381,unlinked
MAGsDB_TARA_MED_MAG_00019,MAGsDB_PAME01,0,0.655194784,0.387688278,unlinked
MAGsDB_PBMG01,MAGsDB_PARR01,0,2.295400727,0.671974522,unlinked
MAGsDB_TARA_PSE_MAG_00005,MAGsDB_TARA_PSW_MAG_00100,0,1.063599032,0.539512775,unlinked
MAGsDB_PBSU01,MarDB_Flavobacteriaceae_bacterium_UBA5955,0,2.57731902,0.686337055,unlinked
MarRef_Pseudomonas_stutzeri_CCUG_29243,MAGsDB_DAOU01,0,2.349146354,0.831935592,unlinked
MAGsDB_NHCC01,MAGsDB_TARA_PON_MAG_00015,0,1.420390314,0.62531224,unlinked
ProGenomes_309800_PRJNA12524,MAGsDB_TARA_MED_MAG_00103,0,2.302710854,0.781699954,unlinked
MAGsDB_TARA_PON_MAG_00006,MAGsDB_NZOB01,0,2.445198114,0.718710225,unlinked
MAGsDB_TARA_RED_MAG_00004,MAGsDB_PBDS01,0,1.814034794,0.539908257,unlinked
MAGsDB_TARA_RED_MAG_00015,MAGsDB_PACV01,0,2.816898034,0.620428752,unlinked
MarRef_Halioglobus_japonicus_NBRC_107739,MAGsDB_TARA_PSW_MAG_00113,0,2.52412597,0.653876582,unlinked
MAGsDB_TARA_MED_MAG_00040,MAGsDB_PAAR01,0,2.605849814,0.641666667,unlinked
MarRef_Euzebyella_marina,MAGsDB_PACQ01,0,2.524575934,0.61916637,unlinked
MarDB_Pelagibacteraceae_bacterium_AG-325-E08,MarDB_Pelagibacteraceae_bacterium_AG-337-G04,0,0.461531717,0.247389558,unlinked
MarDB_Prochlorococcus_sp_AG-673-L20,MAGsDB_DLRN01,0,2.832868227,0.661242604,unlinked
MarDB_Prochlorococcus_sp_AG-363-C02,MAGsDB_DLRG01,0,2.580368227,0.694808899,unlinked
MAGsDB_TARA_PSE_MAG_00011,MarDB_Prochlorococcus_sp_AG-347-K15,0,2.921602394,0.689423615,unlinked
MAGsDB_PBBS01,MAGsDB_DJHS01,0,1.733635125,0.668393782,unlinked
MAGsDB_DAPJ01,MAGsDB_NHBH01,0,2.437051027,0.808647654,unlinked
MAGsDB_DCWN01,MarDB_Prochlorococcus_sp_AG-363-A16,0,1.866068227,0.660526316,unlinked
MAGsDB_PBRR01,MAGsDB_DEAA01,0,1.427197274,0.577163247,unlinked
MAGsDB_PBVT01,MAGsDB_NZUX01,0,1.800551227,0.650577125,unlinked
MAGsDB_DDJS01,MAGsDB_PBSR01,0,2.090835227,0.64451952,unlinked
MarDB_Prochlorococcus_sp_AG-347-J22,MAGsDB_DEAW01,0,2.850328227,0.665861902,unlinked
MAGsDB_DJIP01,MAGsDB_TARA_ANE_MAG_00010,0,2.77702256,0.701760959,unlinked
MAGsDB_NZIJ01,MarDB_GCA_003331785.1_ASM333178v1,0,2.542418897,0.650694777,unlinked
MAGsDB_DDEF01,MAGsDB_PAGZ01,0,2.371372227,0.680685358,unlinked
MAGsDB_DCQB01,MAGsDB_DHXB01,0,2.34635403,0.634802784,unlinked
MAGsDB_NZDS01,MarDB_Leeuwenhoekiella_palythoae_strain_DSM_19859,0,2.505813697,0.634436594,unlinked
MAGsDB_TARA_IOS_MAG_00005,MAGsDB_NZNV01,0,2.177238718,0.598026021,unlinked
MAGsDB_TARA_ANW_MAG_00012,MAGsDB_DAYH01,0,2.974247574,0.781796263,unlinked
MAGsDB_TARA_PSW_MAG_00039,MAGsDB_PABS01,0,2.006072227,0.831903945,unlinked
MAGsDB_TARA_PSW_MAG_00023,MarDB_Alteromonas_sp_V450,0,2.37675611,0.637431193,unlinked
MarDB_Prochlorococcus_marinus_MIT_1342,MarDB_Prochlorococcus_sp_AG-418-C09,0,0.644652508,0.326140567,unlinked
MAGsDB_NZZE01,MarDB_Pseudomonas_balearica_LS401,0,2.254522801,0.706951872,unlinked
MarDB_Prochlorococcus_sp_AG-686-J21,MarDB_Candidatus_Thioglobus_sp_REDSEA-S12_B1,0,3.094086107,0.641148325,unlinked
MarDB_Pelagibacteraceae_bacterium_AG-390-L03,MAGsDB_PAFS01,0,2.468042207,0.567810026,unlinked
MAGsDB_DJYW01,MAGsDB_PBTT01,0,1.345733957,0.583406497,unlinked
MAGsDB_DJZH01,MAGsDB_TARA_IOS_MAG_00016,0,1.702855114,0.662513543,unlinked
MarDB_Prochlorococcus_sp_AG-347-K17,MAGsDB_TARA_ANW_MAG_00040,0,3.480286424,0.666968326,unlinked
MAGsDB_NZJW01,MAGsDB_DCCC01,0,2.177022227,0.708891013,unlinked
MAGsDB_DHXH01,MAGsDB_TARA_MED_MAG_00034,0,1.502912166,0.530695771,unlinked
MarDB_GCA_003529565.1_ASM352956v1,MarDB_GCA_003671475.1_ASM367147v1,0,1.879896201,0.649791956,unlinked
MAGsDB_NZZV01,MAGsDB_DJZA01,0,2.302656524,0.68533969,unlinked
MarDB_Marinomonas_sp_Cmf_18.22,MAGsDB_DAXQ01,0,2.086826927,0.878494223,unlinked
MarRef_Idiomarina_sp_OT37-5b_MMP08606195,MarDB_Alteromonas_sp_V450,0,0.588742223,0.325572059,unlinked
MAGsDB_NHFB01,MAGsDB_TARA_ANE_MAG_00010,0,2.925749334,0.629585087,unlinked
MarDB_Prochlorococcus_sp_AG-347-C10,MarDB_GCA_003444815.1_ASM344481v1,0,2.669592979,0.708268331,unlinked
MAGsDB_PARX01,MarDB_Pelagibacteraceae_bacterium_AG-319-F18,0,2.202406807,0.586376022,unlinked
MAGsDB_DKPR01,MAGsDB_PAIE01,0,2.42050675,0.586734694,unlinked
MAGsDB_TARA_PSW_MAG_00059,MAGsDB_DADW01,0,2.644457496,0.784825133,unlinked
MAGsDB_DLRK01,MAGsDB_PBQK01,0,1.579349273,0.563482931,unlinked
MAGsDB_PBVT01,MAGsDB_TARA_RED_MAG_00008,0,1.359880614,0.589034889,unlinked
MAGsDB_NZZE01,MAGsDB_PBRR01,0,1.95920934,0.659033079,unlinked
MAGsDB_DBGO01,MAGsDB_PAUB01,0,1.862652727,0.591292135,unlinked
MAGsDB_PAYK01,MAGsDB_TARA_ANE_MAG_00011,0,2.276591394,0.640181612,unlinked
MAGsDB_TARA_MED_MAG_00057,MAGsDB_PBVJ01,0,3.076479058,0.607057416,unlinked
MAGsDB_NZGW01,MAGsDB_DKNM01,0,2.276304791,0.722732281,unlinked
MAGsDB_TARA_PSW_MAG_00053,MAGsDB_DLRJ01,0,1.620433114,0.660411081,unlinked
MAGsDB_TARA_MED_MAG_00018,MarDB_Prochlorococcus_sp_AG-347-I15,0,3.004209644,0.658400496,unlinked
MAGsDB_TARA_PSW_MAG_00046,MAGsDB_TARA_RED_MAG_00014,0,2.146951595,0.674590164,unlinked
MAGsDB_PBEW01,MAGsDB_PAUJ01,0,2.263471314,0.588622754,unlinked
MAGsDB_TARA_PSE_MAG_00031,MAGsDB_TARA_ANE_MAG_00078,0,2.832285,0.684463428,unlinked
MAGsDB_DKFX01,MarDB_Rhodobacteraceae_bacterium_MED-G08,0,3.176787992,0.65618268,unlinked
MAGsDB_PBYA01,MAGsDB_DKGG01,0,1.379532227,0.597014925,unlinked
MarDB_Prochlorococcus_marinus_SB,MarDB_Roseivivax_pacificus_strain_DSM_29329,0,3.426066657,0.650166236,unlinked
MAGsDB_TARA_ANW_MAG_00005,MAGsDB_TARA_ANE_MAG_00009,0,2.260709614,0.606462585,unlinked
MAGsDB_NZRR01,MAGsDB_NZZV01,0,2.341817227,0.811581292,unlinked
MAGsDB_DCYW01,MarDB_GCA_003671475.1_ASM367147v1,0,2.670601814,0.85504886,unlinked
MAGsDB_DAOU01,MAGsDB_PAND01,0,3.081596354,0.766589057,unlinked
MarDB_Pseudoalteromonas_sp_13_15,MarDB_Alphaproteobacteria_bacterium_MarineAlpha5_Bin12,0,2.089883942,0.672776911,unlinked
MarDB_GCA_003331195.1_ASM333119v1,MAGsDB_TARA_ANE_MAG_00004,0,1.926190073,0.566312255,unlinked
MAGsDB_PBNM01,MarDB_Vibrio_splendidus_strain_UCD-FRSSP16_15,0,2.162096342,0.755364807,unlinked
MAGsDB_TARA_ANE_MAG_00057,MAGsDB_PAHC01,0,2.746352482,0.582484725,unlinked
MarDB_Prochlorococcus_marinus_GP2,MarDB_Prochlorococcus_marinus_MIT_9107,0,0.019672227,0.082662765,unlinked
MAGsDB_NYZX01,MarDB_Prochlorococcus_sp_AG-418-K17,0,2.163248227,0.701966717,unlinked
MAGsDB_DLRV01,MAGsDB_NZNV01,0,1.932722227,0.684708355,unlinked
MAGsDB_TARA_ASW_MAG_00008,MarDB_Thioclava_sp_DLFJ5-1,0,1.234059584,0.465038846,unlinked
MarDB_Pelagibacteraceae_bacterium_AG-337-G04,MarDB_Pelagibacteraceae_bacterium_AG-349-L17,0,0.448332227,0.239316239,unlinked
MAGsDB_TARA_RED_MAG_00003,MAGsDB_PAQG01,0,2.590236514,0.629710541,unlinked
MarDB_Prochlorococcus_sp_AG-355-P16,MAGsDB_PBWI01,0,2.888038227,0.678509027,unlinked
MarDB_Psychrobacter_pacificensis_strain_DSM_23406,MAGsDB_TARA_MED_MAG_00012,0,1.037448573,0.539839698,unlinked
MAGsDB_TARA_PSE_MAG_00073,MarDB_Pelagibacteraceae_bacterium_AG-426-L23,0,0.804323014,0.327137546,unlinked
MAGsDB_TARA_PSW_MAG_00002,MarRef_Prochlorococcus_sp_MIT_0604,0,2.898277227,0.583665339,unlinked
MAGsDB_TARA_PSW_MAG_00059,MarDB_Nitrosopumilus_sp_Nsub,0,2.170584454,0.81416957,unlinked
MarDB_Prochlorococcus_sp_AG-402-K21,MarDB_Prochlorococcus_marinus_str__XMU1401,0,0.059428089,0.058779762,unlinked
MAGsDB_TARA_RED_MAG_00028,MAGsDB_DALI01,0,3.109076414,0.768274854,unlinked
MarDB_Prochlorococcus_sp_AG-442-B03,MAGsDB_TARA_IOS_MAG_00004,0,3.117428474,0.642756017,unlinked
MAGsDB_PBKW01,MarDB_Rhodobacteraceae_bacterium_REDSEA-S34_B6,0,3.306303962,0.668128655,unlinked
MAGsDB_DGLR01,MarDB_Prochlorococcus_sp_AG-355-K03,0,2.88755264,0.717366629,unlinked
MAGsDB_DCXL01,MAGsDB_NHBR01,0,2.769529817,0.628199162,unlinked
MarDB_Prochlorococcus_sp_AG-402-P16,MarDB_Pelagibacteraceae_bacterium_AG-426-E17,0,3.105978237,0.634086744,unlinked
MAGsDB_NZAO01,MAGsDB_NZIR01,0,1.619339114,0.513784461,unlinked
MAGsDB_DBVA01,MarDB_Alphaproteobacteria_bacterium_UBA3439,0,2.307723405,0.65625,unlinked
MarDB_GCA_003504155.1_ASM350415v1,MAGsDB_PAVC01,0,2.131981222,0.730533683,unlinked
MarDB_Psychrobacter_pacificensis_strain_DSM_23406,MAGsDB_PBKX01,0,2.721462226,0.687104623,unlinked
MAGsDB_PAOO01,MAGsDB_NYVM01,0,2.380502777,0.679824561,unlinked
MAGsDB_NZGC01,MAGsDB_DEAP01,0,2.717332227,0.677057964,unlinked
MAGsDB_NYXD01,MAGsDB_DDZW01,0,1.879072227,0.69828365,unlinked
MAGsDB_TARA_IOS_MAG_00011,MAGsDB_NZRR01,0,2.630394277,0.779481132,unlinked
MarDB_GCA_003602525.1_ASM360252v1,MarDB_Prochlorococcus_sp_scB245a_520K10,0,3.427244341,0.786407767,unlinked
MAGsDB_PBRM01,MAGsDB_PATZ01,0,2.422157227,0.794177732,unlinked
MAGsDB_TARA_ANW_MAG_00013,MarDB_Limnobacter_sp_MED105,0,2.056385459,0.660995321,unlinked
MAGsDB_DJYV01,MarDB_Prochlorococcus_sp_AG-355-B18,0,3.354702984,0.668303328,unlinked
MAGsDB_TARA_PSW_MAG_00047,MAGsDB_DFRF01,0,2.618031074,0.672885033,unlinked
MAGsDB_PAYS01,MarRef_Formosa_sp_Hel3_A1_48,0,2.688515228,0.617256637,unlinked
MAGsDB_TARA_ANW_MAG_00057,MAGsDB_TARA_ANE_MAG_00030,0,2.56374838,0.80977131,unlinked
MarDB_Pelagibacteraceae_bacterium_AG-325-C03,MAGsDB_PABW01,0,2.544729487,0.693830035,unlinked
MarDB_Prochlorococcus_sp_AG-402-A04,MAGsDB_PAPT01,0,3.216190527,0.651358025,unlinked
MAGsDB_TARA_ANW_MAG_00012,MarDB_GCA_003540955.1_ASM354095v1,0,2.032395574,0.62404943,unlinked
MAGsDB_PBTT01,MarRef_Planktomarina_temperata_RCA23,0,2.393125307,0.551584078,unlinked
MAGsDB_NZWG01,MAGsDB_TARA_IOS_MAG_00004,0,2.541718074,0.649350649,unlinked
MAGsDB_TARA_ION_MAG_00038,MarDB_Pelagibacteraceae_bacterium_AG-410-D23,0,1.461846084,0.599846978,unlinked
MAGsDB_PBAL01,MAGsDB_TARA_PSW_MAG_00068,0,1.983178914,0.691448008,unlinked
MAGsDB_TARA_MED_MAG_00004,MAGsDB_PAZJ01,0,2.661790484,0.621290323,unlinked
MAGsDB_NHCC01,MAGsDB_TARA_PSW_MAG_00089,0,1.921858814,0.587271876,unlinked
MAGsDB_NZNM01,MarDB_Prochlorococcus_sp_AG-418-K17,0,2.668698227,0.662228797,unlinked
MarDB_Rhodobacteraceae_bacterium_SB2,MAGsDB_PBFD01,0,2.687955829,0.640425532,unlinked
MAGsDB_PATC01,MAGsDB_DEAP01,0,2.946696027,0.787318362,unlinked
MAGsDB_PBXC01,MAGsDB_PBBS01,0,2.544672727,0.654401154,unlinked
MAGsDB_TARA_MED_MAG_00035,MAGsDB_PAJP01,0,2.414408814,0.665204037,unlinked
MarDB_Candidatus_Marinamargulisbacteria_bacterium_SCGC_AG-343-D04,MarDB_Prochlorococcus_sp_AG-676-L21,0,2.287368227,0.671804753,unlinked
MarDB_Bacteroidetes_bacterium_strain_Spr30G08_bin33,MarDB_Marinobacter_sp_ES1,0,2.659760714,0.63507109,unlinked
MAGsDB_TARA_ANE_MAG_00040,MAGsDB_DEAN01,0,2.146611008,0.596715328,unlinked
MarRef_Synechococcus_sp_KORDI-49,MarDB_Thalassobium_sp_strain_NORP79,0,2.423395651,0.624393883,unlinked
MAGsDB_NZLS01,MarDB_alpha_proteobacterium_HIMB114,0,2.089073924,0.642765135,unlinked
MAGsDB_NZEV01,MAGsDB_TARA_IOS_MAG_00020,0,2.24587976,0.597131682,unlinked
MAGsDB_PATH01,MarDB_Prochlorococcus_sp_AG-347-L20,0,2.817268127,0.698886936,unlinked
MAGsDB_NYWU01,MAGsDB_DACZ01,0,2.440333624,0.808618504,unlinked
MAGsDB_PBGY01,MAGsDB_TARA_PSE_MAG_00011,0,2.36247878,0.541125541,unlinked
MAGsDB_TARA_ION_MAG_00011,MarDB_Pelagibacteraceae_bacterium_AG-426-G02,0,2.664332824,0.604136947,unlinked
MarDB_Synechococcus_sp_MIT_S9509,MAGsDB_PARR01,0,2.501987807,0.647651007,unlinked
MAGsDB_PATC01,MAGsDB_PAAF01,0,2.782437114,0.767834793,unlinked
MAGsDB_DHZO01,MAGsDB_TARA_ANE_MAG_00054,0,2.57180465,0.697807436,unlinked
MAGsDB_TARA_IOS_MAG_00024,MAGsDB_PBZM01,0,2.197371214,0.675,unlinked
MAGsDB_DCCD01,MAGsDB_PATC01,0,2.658059531,0.803045685,unlinked
MarDB_SAR116_cluster_bacterium_AG-390-L20,MAGsDB_NYVZ01,0,1.592902227,0.551113649,unlinked
MarDB_Prochlorococcus_sp_AG-442-M23,MAGsDB_DAFS01,0,3.386861727,0.804088586,unlinked
MarDB_OCS116_cluster_bacterium_AG-435-F03,MarDB_GCA_003486205.1_ASM348620v1,0,2.580076324,0.685388128,unlinked
MAGsDB_DJZG01,MAGsDB_PAGB01,0,2.349352674,0.653214453,unlinked
MAGsDB_PBSB01,MAGsDB_TARA_MED_MAG_00090,0,2.079184864,0.64053076,unlinked
MarDB_Prochlorococcus_sp_AG-347-I04,MAGsDB_DLCH01,0,3.161370227,0.711356467,unlinked
MAGsDB_PBFL01,MAGsDB_PAIV01,0,2.4076055,0.550977654,unlinked
MAGsDB_DKQG01,MAGsDB_NZTO01,0,2.272903077,0.670777989,unlinked
MAGsDB_TARA_IOS_MAG_00015,MAGsDB_NZOB01,0,2.904939654,0.640113798,unlinked
MAGsDB_PBCW01,MAGsDB_DALZ01,0,2.753577017,0.805319149,unlinked
MarDB_Pseudoalteromonas_arabiensis_JCM_17292,MarDB_Prochlorococcus_sp_AG-347-L20,0,2.969848227,0.685090909,unlinked
MAGsDB_DAOU01,MarDB_Prochlorococcus_sp_AG-347-J19,0,3.345912354,0.7875,unlinked
MAGsDB_PABP01,MAGsDB_TARA_RED_MAG_00044,0,1.699951865,0.722865723,unlinked
MarDB_Pelagibacteraceae_bacterium_AG-390-L03,MAGsDB_TARA_ANE_MAG_00040,0,3.221552764,0.663701068,unlinked
MarRef_Alteromonas_macleodii_str_Black_Sea_11,MAGsDB_DLPT01,0,1.126653843,0.529801325,unlinked
MarDB_Pelagibacteraceae_bacterium_AG-345-F21,MAGsDB_NHFA01,0,2.795917167,0.802238806,unlinked
MarDB_Prochlorococcus_sp_AG-347-K18,MAGsDB_PAHA01,0,3.237693032,0.620786517,unlinked
MarDB_Rhodobacteraceae_bacterium_O3.65,MAGsDB_PAME01,0,3.098092227,0.646822498,unlinked
MarDB_Prochlorococcus_sp_AG-418-I20,MarRef_Celeribacter_manganoxidans_strain_DY25,0,3.336748627,0.661891117,unlinked
MAGsDB_PBAE01,MAGsDB_PCAK01,0,1.78573237,0.638777555,unlinked
MAGsDB_DJZM01,MarDB_GCF_003335485.1_ASM333548v1,0,2.298875647,0.708525829,unlinked
MAGsDB_PAQG01,MarDB_Prochlorococcus_sp_AG-347-I21,0,2.691638627,0.684679666,unlinked
MarRef_Prochlorococcus_sp_MIT_0801,MarRef_Candidatus_Nitrosopelagicus_brevis_CN25,0,2.760492324,0.786982249,unlinked
MarDB_Prochlorococcus_sp_AG-409-G20,MAGsDB_PAWJ01,0,2.457706727,0.712094395,unlinked
MAGsDB_PAAU01,MAGsDB_DBUW01,0,1.671087274,0.694748359,unlinked
MarDB_Synechococcus_sp_AG-670-A05,MAGsDB_DKOR01,0,2.101983027,0.646056475,unlinked
MAGsDB_PATZ01,MAGsDB_PBNK01,0,3.026957227,0.776429809,unlinked
MAGsDB_TARA_MED_MAG_00027,MarDB_Flavobacterium_sp_SCGC_AAA160-P02,0,2.109135259,0.575043128,unlinked
MAGsDB_NZMY01,MarDB_SAR116_cluster_bacterium_AG-447-A06,0,1.59393525,0.599319439,unlinked
MAGsDB_DBAG01,MarRef_Alteromonas_australica_H_17,0,1.283267574,0.542415528,unlinked
MAGsDB_NZWF01,MAGsDB_NZEC01,0,2.010938977,0.798192771,unlinked
MAGsDB_PABM01,MAGsDB_DANX01,0,3.104557237,0.773507207,unlinked
MAGsDB_DAON01,MAGsDB_DIHQ01,0,3.271586362,0.778851964,unlinked
MAGsDB_PAOL01,MAGsDB_PBHD01,0,2.680456927,0.674929841,unlinked
MAGsDB_TARA_IOS_MAG_00024,MAGsDB_TARA_PSW_MAG_00029,0,2.621103583,0.665894347,unlinked
MAGsDB_PBVQ01,MAGsDB_TARA_ANW_MAG_00036,0,2.648327414,0.69982238,unlinked
MAGsDB_PBFL01,MAGsDB_PASN01,0,2.603779214,0.632155301,unlinked
MAGsDB_DKQT01,MAGsDB_NHCD01,0,2.497272567,0.615962984,unlinked
MAGsDB_DKOK01,MAGsDB_DBNK01,0,2.686567524,0.676020408,unlinked
MAGsDB_DEBD01,MAGsDB_TARA_ANE_MAG_00029,0,2.625088308,0.654035433,unlinked
MAGsDB_TARA_PSW_MAG_00020,MAGsDB_PBJG01,0,2.9865668,0.76249544,unlinked
MarDB_Pelagibacteraceae_bacterium_AG-430-P08,MarDB_Prochlorococcus_sp_AG-347-K18,0,3.487748237,0.667058824,unlinked
MAGsDB_NYYP01,MAGsDB_DLRR01,0,1.449234227,0.595162986,unlinked
MAGsDB_TARA_PSW_MAG_00011,MAGsDB_PAKE01,0,2.504802634,0.639492754,unlinked
MarDB_Pelagibacteraceae_bacterium_AG-359-O02,MAGsDB_PALG01,0,2.998082237,0.681538462,unlinked
MAGsDB_DJLZ01,MarDB_marine_gamma_proteobacterium_HTCC2080,0,1.317782227,0.652501107,unlinked
MarDB_Prochlorococcus_sp_AG-402-B19,MAGsDB_NZLE01,0,2.659207238,0.64446775,unlinked
MAGsDB_DKOR01,MAGsDB_PBCX01,0,2.322454327,0.666270077,unlinked
MAGsDB_PAAY01,MarDB_Aurantimonas_manganoxydans_1,0,2.487322227,0.63198594,unlinked
MAGsDB_PAPB01,MAGsDB_NZHJ01,0,2.259690817,0.581950896,unlinked
MAGsDB_PBKK01,MAGsDB_PBSU01,0,2.087765014,0.612763656,unlinked
MAGsDB_DJKX01,MAGsDB_PBKH01,0,1.985712437,0.65037594,unlinked
MAGsDB_NZNH01,MAGsDB_NZYO01,0,1.923431591,0.675963489,unlinked
MAGsDB_DAYH01,MarRef_Synechococcus_sp_CC9311,0,2.934610227,0.827250608,unlinked
MarDB_GCA_003324635.1_ASM332463v1,MAGsDB_PBJG01,0,3.414255031,0.78008596,unlinked
MarDB_Pelagibacteraceae_bacterium_AG-325-C03,MAGsDB_NHFA01,0,2.849207167,0.795,unlinked
MarDB_Rhodobacteraceae_bacterium_REDSEA-S34_B6,MAGsDB_PAZP01,0,3.232359562,0.724137931,unlinked
MAGsDB_PBPL01,MAGsDB_PATB01,0,1.976839027,0.636195753,unlinked
MarDB_Prochlorococcus_sp_AG-686-J21,MarDB_marine_actinobacterium_MedAcidiG2B,0,2.806615537,0.673295455,unlinked
MAGsDB_DDEH01,MAGsDB_PABV01,0,3.046470727,0.740139211,unlinked
MAGsDB_PBSU01,MarDB_Prochlorococcus_sp_AG-409-L18,0,2.389728227,0.684782609,unlinked
MAGsDB_PACG01,MAGsDB_PANA01,0,1.559337827,0.700321248,unlinked
MarDB_Prochlorococcus_sp_AG-402-G06,MAGsDB_NHEU01,0,3.024781414,0.652769846,unlinked
MAGsDB_PBEP01,MarDB_Pelagibacteraceae_bacterium_AG-345-O09,0,2.876897237,0.700793079,unlinked
MAGsDB_DDII01,MarDB_Alcanivorax_sp_UBA1911,0,1.065170322,0.514830508,unlinked
MAGsDB_DCWH01,MAGsDB_TARA_MED_MAG_00015,0,1.996681199,0.636697248,unlinked
MAGsDB_DALQ01,MarDB_Pseudoalteromonas_sp_BSi20311,0,2.588436255,0.825161536,unlinked
MAGsDB_TARA_PSE_MAG_00017,MarDB_GCF_003576595.1_ASM357659v1,0,2.37115778,0.601959038,unlinked
MarRef_Synechococcus_sp_KORDI-49,MAGsDB_TARA_ANE_MAG_00043,0,2.729639483,0.68917577,unlinked
MAGsDB_NHEZ01,MAGsDB_TARA_ANE_MAG_00014,0,2.537167514,0.677793904,unlinked
MAGsDB_PBKN01,MAGsDB_DDNM01,0,2.127459027,0.656153051,unlinked
MAGsDB_NZHK01,MAGsDB_DAPP01,0,2.865428027,0.759188847,unlinked
MarDB_Pseudoalteromonas_lipolytica_strain_CSB02KR,MAGsDB_TARA_ANW_MAG_00002,0,1.203618223,0.525095189,unlinked
MAGsDB_DIHR01,MAGsDB_PALD01,0,2.322660567,0.574066475,unlinked
MAGsDB_TARA_RED_MAG_00033,MAGsDB_PATE01,0,1.869209661,0.643639828,unlinked
MarDB_GCA_003331605.1_ASM333160v1,MAGsDB_DDJT01,0,2.919091814,0.623648161,unlinked
MarDB_Prochlorococcus_sp_AG-321-D23,MarDB_Prochlorococcus_sp_AG-347-K18,0,0.206170682,0.304380104,unlinked
MAGsDB_TARA_ANE_MAG_00015,MarDB_Oceanobacter_sp_strain_NORP38,0,2.179965054,0.733742331,unlinked
MAGsDB_NYYJ01,MarDB_alpha_proteobacterium_SCGC_AAA076-C03,0,2.566383054,0.663915635,unlinked
MAGsDB_TARA_ION_MAG_00016,MAGsDB_DCCG01,0,2.123252227,0.607101947,unlinked
MAGsDB_DEZT01,MAGsDB_DLRQ01,0,0.045249924,0.206206897,unlinked
MAGsDB_TARA_PSE_MAG_00050,MAGsDB_PASR01,0,2.691734714,0.648604269,unlinked
MAGsDB_NHBK01,MAGsDB_DANX01,0,2.887937227,0.794696322,unlinked
MAGsDB_DEYN01,MarDB_Bacteroidetes_bacterium_MED-G17,0,1.926039974,0.622124863,unlinked
MarRef_Idiomarina_loihiensis_L2TR,MarDB_Prochlorococcus_sp_AG-388-A01,0,3.021438602,0.6925,unlinked
MarDB_GCA_003523885.1_ASM352388v1,MarDB_GCA_003520025.1_ASM352002v1,0,2.277977744,0.677404295,unlinked
MarDB_SAR406_cluster_bacterium_SCGC_AAA160-I06,MAGsDB_DKQR01,0,0.964000203,0.584985836,unlinked
MAGsDB_TARA_PSE_MAG_00011,MAGsDB_DGAM01,0,1.513146194,0.514659686,unlinked
MAGsDB_PAAR01,MAGsDB_DGPN01,0,2.820252827,0.643483343,unlinked
MAGsDB_DDZS01,MarDB_GCA_003486205.1_ASM348620v1,0,1.501214214,0.658720201,unlinked
MAGsDB_DBHM01,MAGsDB_NZPQ01,0,2.399576687,0.687654321,unlinked
MAGsDB_DKFX01,MarDB_OCS155_cluster_bacterium_AG-333-G23,0,2.966203121,0.726277372,unlinked
MAGsDB_DGPO01,MAGsDB_DAIJ01,0,2.477267227,0.804961089,unlinked
MAGsDB_TARA_PON_MAG_00033,MAGsDB_TARA_ASE_MAG_00010,0,2.56869902,0.810393258,unlinked
MAGsDB_NHDL01,MAGsDB_NZIV01,0,2.16999777,0.609036145,unlinked
MAGsDB_PAZE01,MAGsDB_PBSR01,0,2.097891227,0.666941128,unlinked
MarRef_Synechococcus_sp_WH_8102,MAGsDB_PBTR01,0,2.294727827,0.629893238,unlinked
MarRef_Synechococcus_sp_WH_7803,MarDB_Pelagibacteraceae_bacterium_AG-470-G21,0,2.846159137,0.68015992,unlinked
MarDB_Citromicrobium_sp_JLT1363,MAGsDB_DJZG01,0,2.648312744,0.619276058,unlinked
MAGsDB_PACV01,MarDB_Prochlorococcus_sp_AG-409-A10,0,2.978553427,0.6635183,unlinked
MAGsDB_PAPF01,MAGsDB_PBFH01,0,1.216762227,0.560521415,unlinked
MAGsDB_DEBO01,MAGsDB_TARA_ANW_MAG_00001,0,1.241552227,0.5,unlinked
MAGsDB_PAZL01,MarRef_Francisella_sp_FDC440,0,2.807202127,0.637457872,unlinked
MarDB_Vibrio_splendidus_strain_UCD-FRSSP16_15,MarDB_Prochlorococcus_sp_AG-424-P18,0,2.960260102,0.720302731,unlinked
MAGsDB_DJIE01,MAGsDB_PBAR01,0,2.257642303,0.675622284,unlinked
MAGsDB_DKPR01,MAGsDB_DEYK01,0,1.93776699,0.586189516,unlinked
MarRef_Pseudodesulfovibrio_profundus_strain_500-1,MAGsDB_PBJG01,0,2.704303674,0.721234799,unlinked
MAGsDB_NZIH01,MarRef_Prochlorococcus_marinus_str_MIT_9312,0,3.129032115,0.659162304,unlinked
MAGsDB_NZJW01,MAGsDB_DAVD01,0,2.753207227,0.805090422,unlinked
MAGsDB_PAWM01,MAGsDB_DIHQ01,0,1.220461527,0.3910162,unlinked
MarRef_Pseudomonas_sp_MT-1,MarDB_Idiomarina_baltica,0,0.787164948,0.476437976,unlinked
MAGsDB_TARA_MED_MAG_00060,MAGsDB_TARA_ANE_MAG_00011,0,2.34346296,0.812968917,unlinked
MAGsDB_PAYZ01,MarDB_Pelagibacteraceae_bacterium_AG-410-D23,0,3.017079997,0.803690037,unlinked
MAGsDB_PBZE01,MAGsDB_PAWJ01,0,3.04572815,0.790378007,unlinked
MAGsDB_DCCD01,MarDB_GCA_003331605.1_ASM333160v1,0,2.566405317,0.676880223,unlinked
MarDB_Candidatus_Pelagibacter_ubique_HTCC9022,MAGsDB_TARA_ION_MAG_00006,0,3.243431094,0.661100804,unlinked
MAGsDB_DCWS01,MAGsDB_TARA_MED_MAG_00082,0,1.791327475,0.615185505,unlinked
MAGsDB_NZDS01,MAGsDB_DCCB01,0,1.667386227,0.586125212,unlinked
MAGsDB_DATY01,MarDB_marine_gamma_proteobacterium_HTCC2080,0,2.510277227,0.81914443,unlinked
MAGsDB_TARA_RED_MAG_00028,MarDB_Prochlorococcus_marinus_MIT_9314,0,3.112127414,0.646494907,unlinked
MAGsDB_DGLO01,MAGsDB_DGNA01,0,2.426671444,0.666177908,unlinked
MAGsDB_TARA_PSW_MAG_00006,MAGsDB_TARA_PON_MAG_00007,0,2.439089448,0.599734043,unlinked
MAGsDB_DANB01,MAGsDB_PBLJ01,0,2.430295747,0.810978767,unlinked
MarDB_Prochlorococcus_sp_AG-442-M23,MarDB_Prochlorococcus_sp_scB243_498I20,0,0.125982227,0.142033165,unlinked
MAGsDB_TARA_MED_MAG_00050,MAGsDB_DDFN01,0,2.73376861,0.644240571,unlinked
MarDB_Candidatus_Pelagibacter_ubique_HTCC8051,MAGsDB_DLRS01,0,2.869977854,0.663110612,unlinked
MarDB_Prochlorococcus_marinus_SB,MarDB_Prochlorococcus_sp_AG-355-N18,0,0.011760657,0.125181951,unlinked
MAGsDB_DKGH01,MAGsDB_PBQA01,0,2.223407945,0.641825985,unlinked
MAGsDB_NZWX01,MAGsDB_TARA_ANE_MAG_00020,0,2.867320727,0.635566688,unlinked
MarDB_Prochlorococcus_sp_AG-402-A04,MarDB_Prochlorococcus_marinus_SB,0,0.020070657,0.165048544,unlinked
MarDB_Prochlorococcus_sp_AG-388-F11,MarDB_Prochlorococcus_sp_AG-355-N16,0,0.038292227,0.1875,unlinked
MarDB_Alphaproteobacteria_bacterium_MarineAlpha2_Bin1,MAGsDB_PATB01,0,1.152238927,0.493932039,unlinked
MAGsDB_PBLC01,MAGsDB_TARA_MED_MAG_00075,0,3.473120035,0.798040693,unlinked
MAGsDB_PBNZ01,MAGsDB_TARA_SOC_MAG_00003,0,2.444069903,0.651388277,unlinked
MAGsDB_NHBR01,MAGsDB_PAHZ01,0,3.151601317,0.72331048,unlinked
MarDB_Prochlorococcus_sp_AG-388-A04,MarDB_Prochlorococcus_sp_AG-355-P16,0,0.211352227,0.183308495,unlinked
MarDB_OCS155_cluster_bacterium_AG-333-G23,MAGsDB_PAFS01,0,2.807613111,0.718071012,unlinked
MarDB_Rhodobacteraceae_bacterium_Water-Bin34_strain_Water_Bin34,MAGsDB_DEAL01,0,2.629119802,0.589944649,unlinked
MAGsDB_DEBI01,MAGsDB_PAPJ01,0,2.131506915,0.626965222,unlinked
MAGsDB_NZRR01,MarDB_Thalassobium_sp_strain_NORP79,0,2.432717342,0.827655311,unlinked
MAGsDB_TARA_ANW_MAG_00009,MAGsDB_DBUU01,0,0.899437881,0.451838879,unlinked
MAGsDB_TARA_PSE_MAG_00023,MAGsDB_PBJO01,0,2.131949904,0.565891473,unlinked
MarDB_Oceanicola_sp_22II-s11g,MAGsDB_PAWM01,0,3.088682627,0.70976895,unlinked
MarDB_Prochlorococcus_sp_scB245a_520K10,MAGsDB_TARA_RED_MAG_00041,0,1.946166481,0.657079646,unlinked
MarDB_marine_gamma_proteobacterium_HTCC2143,MAGsDB_NZKY01,0,2.032158827,0.602318145,unlinked
MarDB_Prochlorococcus_sp_AG-355-J09,MAGsDB_PBSW01,0,2.824946414,0.810185185,unlinked
MarDB_GCF_003788635.1_ASM378863v1,MAGsDB_DAVY01,0,2.655712274,0.823768824,unlinked
MarDB_marine_actinobacterium_MedAcidiG2B,MarDB_GCF_003731635.1_ASM373163v1,0,2.344429372,0.727306137,unlinked
MarDB_GCF_003634925.1_ASM363492v1,MAGsDB_TARA_PON_MAG_00005,0,1.278177327,0.537098104,unlinked
MAGsDB_NZPI01,MAGsDB_NYVY01,0,2.653049707,0.661904762,unlinked
MAGsDB_TARA_PSW_MAG_00011,MAGsDB_PAQG01,0,2.280243034,0.664049355,unlinked
MAGsDB_NZUX01,MAGsDB_DKGG01,0,1.394382227,0.60924601,unlinked
MAGsDB_TARA_MED_MAG_00126,MarDB_GCF_003788585.1_ASM378858v1,0,2.244995414,0.66367713,unlinked
MAGsDB_NYYE01,MAGsDB_DEAI01,0,2.116546527,0.571699305,unlinked
MarDB_Pelagibacteraceae_bacterium_AG-390-L03,MarDB_Prochlorococcus_sp_AG-388-E21,0,3.543398207,0.638828633,unlinked
MarDB_Prochlorococcus_sp_AG-347-I04,MAGsDB_TARA_MED_MAG_00126,0,2.718118227,0.672486772,unlinked
MarDB_Prochlorococcus_sp_AG-363-P19,MAGsDB_PBHR01,0,2.839930027,0.814029364,unlinked
MarDB_Methylophilales_bacterium_HTCC2181,MAGsDB_NZWG01,0,2.483867367,0.633293124,unlinked
MarDB_Prochlorococcus_sp_AG-402-L18,MAGsDB_DARJ01,0,3.217827604,0.815393867,unlinked
MAGsDB_NZNH01,MarDB_GCF_003576595.1_ASM357659v1,0,2.166057958,0.640565317,unlinked
MAGsDB_DCXP01,MAGsDB_DBAG01,0,1.378969384,0.566955089,unlinked
MAGsDB_DAZE01,MAGsDB_TARA_ANW_MAG_00014,0,2.955421166,0.769920844,unlinked
MAGsDB_DDII01,MAGsDB_TARA_RED_MAG_00033,0,2.343660931,0.673501577,unlinked
MAGsDB_PAOV01,MAGsDB_DBNK01,0,2.544602227,0.747585048,unlinked
MAGsDB_NHFB01,MAGsDB_TARA_ANE_MAG_00011,0,1.874331114,0.586726157,unlinked
MAGsDB_PBIN01,MAGsDB_TARA_PSW_MAG_00039,0,1.596982227,0.838590957,unlinked
MarDB_GCA_003491725.1_ASM349172v1,MarDB_Prochlorococcus_sp_AG-347-L21,0,3.506109404,0.681977253,unlinked
MarDB_Prochlorococcus_sp_AG-402-B19,MAGsDB_NZIR01,0,3.144151114,0.628030751,unlinked
MAGsDB_PBNE01,MAGsDB_PBEF01,0,1.960082217,0.68079096,unlinked
MarDB_Pelagibacteraceae_bacterium_AG-325-E13,MarDB_Synechococcus_sp_AG-679-C18,0,2.769629567,0.692267228,unlinked
MarDB_Rhodobacteraceae_bacterium_REDSEA-S02_B3,MarDB_Prochlorococcus_sp_AG-418-C09,0,3.428969644,0.655951783,unlinked
MAGsDB_DLTU01,MarDB_GCF_003318175.1_ASM331817v1,0,2.29931559,0.759601707,unlinked
MarDB_Prochlorococcus_sp_AG-402-K21,MAGsDB_PAPF01,0,3.334098227,0.661764706,unlinked
MAGsDB_NZGW01,MarDB_GCA_003331925.1_ASM333192v1,0,2.399746816,0.681205393,unlinked
ProGenomes_575788_PRJEA32815,MAGsDB_TARA_PSW_MAG_00036,0,2.397104821,0.708896797,unlinked
MAGsDB_NZGW01,MarRef_Pseudodesulfovibrio_profundus_strain_500-1,0,1.959727987,0.630618452,unlinked
MAGsDB_NHBS01,MAGsDB_TARA_MED_MAG_00025,0,2.598269134,0.634020619,unlinked
MAGsDB_DAOU01,MarDB_Prochlorococcus_sp_AG-347-O22,0,3.356022354,0.791690062,unlinked
MAGsDB_DCKY01,MAGsDB_TARA_PSW_MAG_00037,0,2.142219834,0.613248904,unlinked
MarDB_Prochlorococcus_sp_AG-436-O11,MAGsDB_TARA_ION_MAG_00005,0,2.936347314,0.711522634,unlinked
MAGsDB_TARA_MED_MAG_00053,MAGsDB_NZGY01,0,2.640272531,0.806940566,unlinked
MAGsDB_DJIE01,MarDB_Pseudoalteromonas_arabiensis_JCM_17292,0,1.157962227,0.517700666,unlinked
MarDB_GCA_003331935.1_ASM333193v1,MarRef_Prochlorococcus_marinus_subsp_pastoris_str_CCMP1986,0,3.864491155,0.630769231,unlinked
MAGsDB_TARA_MED_MAG_00065,MAGsDB_TARA_MED_MAG_00005,0,2.186849644,0.633714286,unlinked
MAGsDB_DLRK01,MarDB_Pacificimonas_flava_JLT2012,0,2.352672227,0.614215283,unlinked
MAGsDB_TARA_IOS_MAG_00001,MarDB_GCA_003602455.1_ASM360245v1,0,2.043213674,0.797958087,unlinked
MAGsDB_TARA_ANE_MAG_00015,MAGsDB_TARA_PSW_MAG_00010,0,2.091314354,0.641280353,unlinked
MAGsDB_PAQH01,MarDB_Aestuariibacter_aggregatus_CGMCC_1_8995,0,2.283489933,0.659703504,unlinked
MarDB_Prochlorococcus_marinus_SCGC_AAA795-J16,MarDB_Pseudoalteromonas_arabiensis_JCM_17292,0,2.957738227,0.70122177,unlinked
MarRef_Halomonas_sp_SF2003_MMP08773154,MAGsDB_TARA_ION_MAG_00033,0,2.543639824,0.838074398,unlinked
MarRef_Pseudoalteromonas_agarivorans,MarRef_Prochlorococcus_sp_MIT_0801,0,2.801787037,0.676928649,unlinked
MAGsDB_NHEI01,MarDB_Candidatus_Pelagibacter_sp_HTCC7211,0,3.200952207,0.6433013,unlinked
MAGsDB_PBSH01,MarDB_Prochlorococcus_sp_AG-402-K10,0,2.953748227,0.683669272,unlinked
MAGsDB_PBNO01,MarDB_SAR116_cluster_bacterium_REDSEA-S10_B10N8,0,1.550989029,0.565045992,unlinked
MAGsDB_TARA_RED_MAG_00001,MarDB_Prochlorococcus_sp_AG-363-N20,0,2.996770827,0.680169571,unlinked
MarDB_GCA_003332015.1_ASM333201v1,MAGsDB_DKPX01,0,2.104641614,0.63125,unlinked
MAGsDB_DDIC01,MarDB_GCF_003788585.1_ASM378858v1,0,1.982495414,0.649006623,unlinked
MarDB_Vibrio_cyclitrophicus_FF75_2,MAGsDB_TARA_PSE_MAG_00058,0,2.356945219,0.678863117,unlinked
MAGsDB_TARA_ANW_MAG_00042,MAGsDB_PAWJ01,0,2.659555414,0.712230216,unlinked
MAGsDB_DCWS01,MarRef_Prochlorococcus_marinus_str_MIT_9515,0,2.519264987,0.670339357,unlinked
MarDB_Arcobacter_haliotis_strain_LMG_28652,MAGsDB_DCYW01,0,2.879851404,0.838347782,unlinked
MarDB_Prochlorococcus_sp_AG-402-O21,MAGsDB_DADW01,0,3.216549281,0.78267886,unlinked
MAGsDB_NZFW01,MarDB_gamma_proteobacterium_HIMB55,0,2.788640227,0.642967543,unlinked
MAGsDB_DAZE01,MAGsDB_PBYU01,0,2.667827227,0.807282416,unlinked
MAGsDB_PAFH01,MAGsDB_TARA_ANW_MAG_00022,0,2.372468854,0.73352999,unlinked
MAGsDB_TARA_MED_MAG_00076,MAGsDB_NHEX01,0,3.411680184,0.708074534,unlinked
MAGsDB_PAVX01,MAGsDB_NYTV01,0,3.252590327,0.69947644,unlinked
MAGsDB_PACZ01,MAGsDB_NZUQ01,0,2.402875077,0.64849921,unlinked
MAGsDB_DBVA01,MAGsDB_PBZM01,0,2.413139364,0.655827914,unlinked
MAGsDB_NYVG01,MAGsDB_TARA_IOS_MAG_00035,0,2.457728094,0.632482394,unlinked
MAGsDB_DDZS01,MAGsDB_TARA_ANE_MAG_00020,0,1.100860727,0.574301676,unlinked
MAGsDB_DEXT01,MAGsDB_TARA_MED_MAG_00044,0,2.24977115,0.646626893,unlinked
MAGsDB_TARA_ION_MAG_00006,MAGsDB_DDZW01,0,1.919451114,0.673973881,unlinked
MAGsDB_TARA_MED_MAG_00136,MAGsDB_TARA_SOC_MAG_00012,0,2.6667963,0.672295755,unlinked
MarDB_Prochlorococcus_sp_AG-402-G10,MarDB_Thalassolituus_sp_ESRF-bin27,0,2.769027927,0.679923335,unlinked
MAGsDB_DEYL01,MarDB_Prochlorococcus_sp_AG-402-B19,0,3.041715847,0.634005764,unlinked
MarRef_Formosa_sp_Hel3_A1_48,MAGsDB_PBDA01,0,2.455852228,0.602339181,unlinked
MarDB_Prochlorococcus_sp_AG-347-L20,MarDB_Pelagibacteraceae_bacterium_AG-426-L23,0,3.308772817,0.662390671,unlinked
MAGsDB_PAAY01,MAGsDB_PAHA01,0,1.011217032,0.516431925,unlinked
MAGsDB_NZZM01,MAGsDB_TARA_MED_MAG_00056,0,3.053255115,0.656044512,unlinked
MarDB_GCA_003331265.1_ASM333126v1,MAGsDB_PBIX01,0,2.668223014,0.659539474,unlinked
MAGsDB_DBGM01,MAGsDB_DIHU01,0,2.079294109,0.589294404,unlinked
MAGsDB_TARA_MED_MAG_00042,MAGsDB_DCQA01,0,1.989389952,0.611778159,unlinked
MAGsDB_DEZT01,MAGsDB_PATB01,0,2.538718227,0.657608696,unlinked
MAGsDB_PBUO01,MAGsDB_PASA01,0,2.211587023,0.708656716,unlinked
MAGsDB_TARA_ASW_MAG_00002,MarRef_Sulfitobacter_sp_D7,0,1.24786975,0.433641405,unlinked
MAGsDB_TARA_MED_MAG_00072,MarDB_Prochlorococcus_sp_AG-409-A10,0,3.345986974,0.65938431,unlinked
MAGsDB_NZFW01,MAGsDB_DCBC01,0,2.692670227,0.648569761,unlinked
MarDB_GCA_003331925.1_ASM333192v1,MarDB_Aestuariibacter_aggregatus_CGMCC_1_8995,0,2.350454522,0.6686884,unlinked
MarDB_Prochlorococcus_sp_AG-449-J16,MAGsDB_PBTP01,0,2.763908227,0.675257732,unlinked
MarDB_Candidatus_Pelagibacter_sp_HTCC7211,MarRef_Alteromonas_australica_H_17,0,2.422200397,0.653287462,unlinked
MAGsDB_TARA_PSE_MAG_00005,MAGsDB_TARA_PSW_MAG_00057,0,3.139842477,0.781626506,unlinked
MarDB_Prochlorococcus_sp_AG-363-P19,MAGsDB_PALD01,0,2.695458227,0.661045531,unlinked
MarDB_Prochlorococcus_sp_AG-347-O22,MAGsDB_PBYP01,0,3.020583907,0.715051546,unlinked
MarDB_Prochlorococcus_sp_AG-402-K14,MarDB_Pseudoalteromonas_sp_H71,0,2.773176617,0.6996139,unlinked
MAGsDB_TARA_PSE_MAG_00031,MAGsDB_TARA_PSW_MAG_00014,0,2.7611659,0.611216131,unlinked
MAGsDB_PATH01,MAGsDB_PBFB01,0,2.514396714,0.694656489,unlinked
MarDB_Roseobacter_sp_MED193,MAGsDB_TARA_RED_MAG_00029,0,2.942772694,0.679374762,unlinked
MarDB_Alteromonas_marina_AD001,MarDB_SAR116_cluster_bacterium_REDSEA-S10_B10N8,0,1.879337515,0.652463876,unlinked
MarDB_Prochlorococcus_sp_AG-402-G06,MarDB_Sphingobium_yanoikuyae_strain_UBA1832,0,2.90938806,0.694977542,unlinked
MAGsDB_TARA_ANE_MAG_00026,MAGsDB_DAHO01,0,3.078603624,0.79947403,unlinked
MAGsDB_DCWM01,MAGsDB_NZXG01,0,2.027464567,0.753535354,unlinked
MAGsDB_PCBC01,MAGsDB_TARA_PSE_MAG_00043,0,1.96922554,0.759905181,unlinked
MAGsDB_PAHT02,MarDB_Halieaceae_bacterium_MED-G27,0,2.394125797,0.560211946,unlinked
MAGsDB_PBKN01,MAGsDB_DCCG01,0,2.467582027,0.732346241,unlinked
MAGsDB_DGPO01,MAGsDB_PAQN01,0,2.499212227,0.652469415,unlinked
MAGsDB_DHZF01,MarDB_Pelagibacteraceae_bacterium_AG-426-G02,0,2.282779337,0.641444115,unlinked
MAGsDB_NZLM01,MarDB_GCA_003445215.1_ASM344521v1,0,2.802927227,0.810105949,unlinked
MAGsDB_DCYW01,MAGsDB_NZXX01,0,2.164512178,0.860186418,unlinked
MAGsDB_TARA_ANW_MAG_00057,MAGsDB_DAVY01,0,2.828252324,0.8054371,unlinked
MAGsDB_PBRN01,MarRef_Synechococcus_sp_CC9311,0,1.672268227,0.637328094,unlinked
MAGsDB_NZKO01,MAGsDB_NZRR01,0,2.577367227,0.81293426,unlinked
MAGsDB_PAMH01,MarDB_GCA_003444815.1_ASM344481v1,0,1.869558493,0.704440333,unlinked
MAGsDB_DFPC01,MAGsDB_NZAM01,0,0.480817066,0.312582201,unlinked
MarDB_GCF_003634285.1_ASM363428v1,MarRef_Prochlorococcus_marinus_str_MIT_9215,0,3.025327678,0.677903994,unlinked
MAGsDB_PCCQ01,MAGsDB_PBCV01,0,1.413949412,0.575663027,unlinked
MarDB_marine_actinobacterium_MedAcidiG2B,MarRef_Muricauda_lutaonensis_strain_CC-HSB-11,0,2.532369357,0.659704534,unlinked
MAGsDB_PBNE01,MAGsDB_TARA_RED_MAG_00061,0,2.006230482,0.671348315,unlinked
MAGsDB_DLRV01,MarDB_Vibrio_splendidus_strain_UCD-FRSSP16_15,0,1.361234102,0.752903907,unlinked
MarDB_Prochlorococcus_sp_scB243_495K23,MarDB_Prochlorococcus_sp_AG-436-A04,0,0.052556146,0.187546331,unlinked
MAGsDB_NZWJ01,MAGsDB_DHZF01,0,2.477859327,0.676007866,unlinked
MarDB_Prochlorococcus_sp_AG-355-J09,MAGsDB_DFOS01,0,2.182708227,0.639959432,unlinked
MarDB_Thalassolituus_sp_UBA2535,MAGsDB_TARA_PSW_MAG_00028,0,1.817385729,0.626033058,unlinked
MAGsDB_NHBK01,MarDB_Psychrobacter_sp_TB15,0,2.109994047,0.537103891,unlinked
MAGsDB_PAJM01,MarDB_Bacteroidetes_bacterium_strain_Sum29NG08_bin36,0,3.054297227,0.758436945,unlinked
MAGsDB_PAPI01,MAGsDB_NYVR01,0,2.484335227,0.601503759,unlinked
MAGsDB_TARA_ANE_MAG_00001,MAGsDB_DBTD01,0,1.977667294,0.597981497,unlinked
MAGsDB_TARA_MED_MAG_00055,MAGsDB_TARA_IOS_MAG_00017,0,2.817868191,0.682604273,unlinked
MarDB_Prochlorococcus_sp_AG-347-K10,MAGsDB_DDZW01,0,2.392988227,0.684119429,unlinked
MarDB_Idiomarina_zobellii,MAGsDB_NYVM01,0,1.856296055,0.620076239,unlinked
MAGsDB_DAHO01,MAGsDB_PBWI01,0,2.689708137,0.780564263,unlinked
MarDB_Pelagibacteraceae_bacterium_AG-337-G04,MAGsDB_DBSR01,0,2.625199119,0.632345013,unlinked
MarDB_Alphaproteobacteria_bacterium_MarineAlpha3_Bin7,MAGsDB_TARA_PSW_MAG_00017,0,2.625874504,0.662286932,unlinked
MarDB_Silicibacter_sp_TrichCH4B,MarDB_alpha_proteobacterium_SCGC_AAA076-C03,0,0.747036624,0.458876221,unlinked
MAGsDB_PBRM01,MarRef_Candidatus_Pelagibacter_sp_IMCC9063,0,1.946492227,0.649167087,unlinked
MAGsDB_TARA_PSE_MAG_00068,MarDB_Pelagibacterales_bacterium_MED-G40,0,2.574867204,0.693511008,unlinked
MarDB_Pseudoalteromonas_sp_SCSIO_11900,MAGsDB_PASN01,0,2.070213438,0.55408472,unlinked
MarDB_GCF_003797905.1_ASM379790v1,MAGsDB_NHBL01,0,2.229795804,0.717281553,unlinked
MAGsDB_TARA_MED_MAG_00040,MarDB_Pelagibacteraceae_bacterium_AG-470-G21,0,2.924280724,0.686520376,unlinked
MAGsDB_TARA_MED_MAG_00131,MAGsDB_DFVV01,0,2.188185086,0.645985401,unlinked
MAGsDB_TARA_MED_MAG_00016,MAGsDB_PAVR01,0,1.38223767,0.478802993,unlinked
MAGsDB_DDZT01,MarDB_GCA_003520025.1_ASM352002v1,0,2.173522178,0.681912682,unlinked
MarDB_Salipiger_nanhaiensis_strain_DSM_27508,MarDB_OCS155_cluster_bacterium_AG-333-G23,0,3.173663111,0.734422492,unlinked
MAGsDB_PAAM01,MAGsDB_PASE01,0,3.146131637,0.701298701,unlinked
MAGsDB_NYWU01,MAGsDB_TARA_ION_MAG_00007,0,1.941701314,0.634754626,unlinked
MAGsDB_TARA_PSE_MAG_00077,MarDB_Pelagibacteraceae_bacterium_AG-410-D23,0,2.065441344,0.686208822,unlinked
MarRef_Halioglobus_japonicus_NBRC_107739,MAGsDB_TARA_PSE_MAG_00018,0,2.365717788,0.570674708,unlinked
MAGsDB_TARA_MED_MAG_00131,MarDB_Prochlorococcus_sp_AG-409-A10,0,2.439345414,0.662692499,unlinked
MAGsDB_PANN01,MAGsDB_DJHS01,0,2.136835625,0.681024447,unlinked
MarDB_GCA_003491725.1_ASM349172v1,MarDB_GCF_003335485.1_ASM333548v1,0,2.730110004,0.639394981,unlinked
MAGsDB_DBZA01,MAGsDB_TARA_PSW_MAG_00017,0,2.139031429,0.662782229,unlinked
MAGsDB_DHZO01,MarDB_Sphingomonas_sp_SKA58,0,0.840473175,0.401000417,unlinked
MAGsDB_PADB01,MAGsDB_PAHC01,0,0.948597227,0.501831502,unlinked
MarDB_Dokdonia_donghaensis_MED134,MAGsDB_DLCF01,0,2.372276014,0.587143504,unlinked
MarDB_Albimonas_donghaensis_strain_DSM_17890,MAGsDB_TARA_ANE_MAG_00029,0,2.593732608,0.705810646,unlinked
MAGsDB_TARA_MED_MAG_00023,MarDB_marine_actinobacterium_MedAcidiG2B,0,0.920515944,0.382963493,unlinked
MarRef_Synechococcus_sp_RCC307,MAGsDB_NHCB01,0,2.222163427,0.627532228,unlinked
MarDB_GCF_900473895.1_N32,MarDB_Prochlorococcus_sp_AG-418-D13,0,0.941142469,0.28597673,unlinked
MAGsDB_DJZG01,MAGsDB_PBWJ01,0,2.626376693,0.647816349,unlinked
MAGsDB_TARA_PON_MAG_00005,MAGsDB_PARX01,0,1.264726827,0.597985348,unlinked
MAGsDB_DKQG01,MAGsDB_TARA_MED_MAG_00086,0,2.205469264,0.558577406,unlinked
MAGsDB_TARA_SOC_MAG_00003,MAGsDB_PBMB01,0,2.510331403,0.701128936,unlinked
MAGsDB_PBMY01,MAGsDB_NYXD01,0,1.190271137,0.407553108,unlinked
MAGsDB_TARA_PSW_MAG_00017,MarDB_Synechococcus_sp_WH7805,0,2.218894314,0.642958748,unlinked
MAGsDB_DGLR01,MAGsDB_PBOV01,0,1.80422569,0.659240321,unlinked
MAGsDB_DAFX01,MarDB_GCF_900473895.1_N32,0,2.778423469,0.808130887,unlinked
MAGsDB_TARA_MED_MAG_00065,MAGsDB_DLPT01,0,1.090857512,0.495340853,unlinked
MAGsDB_PBVJ01,MAGsDB_DDEI01,0,1.189569232,0.433786686,unlinked
MAGsDB_PBWG01,MarDB_Pseudoalteromonas_distincta,0,2.751841218,0.699572483,unlinked
MAGsDB_DBHQ01,MAGsDB_PAQH01,0,2.257027474,0.684384164,unlinked
MAGsDB_TARA_MED_MAG_00136,MAGsDB_PBQA01,0,2.136666626,0.614173228,unlinked
MAGsDB_TARA_RED_MAG_00019,MAGsDB_TARA_MED_MAG_00103,0,2.252308512,0.651855724,unlinked
MarDB_Prochlorococcus_sp_AG-347-L20,MAGsDB_PBJS01,0,2.734727527,0.626929218,unlinked
MAGsDB_TARA_ANW_MAG_00009,MAGsDB_NZHJ01,0,2.611500817,0.698324022,unlinked
MAGsDB_PAQU01,MAGsDB_TARA_PSE_MAG_00077,0,2.682929253,0.648844585,unlinked
MarDB_Prochlorococcus_sp_AG-355-J09,MarDB_GCA_003486205.1_ASM348620v1,0,2.645680214,0.691713182,unlinked
MarRef_Pseudomonas_sp_MT-1,MarRef_Candidatus_Pelagibacter_sp_IMCC9063,0,1.800312211,0.658122744,unlinked
MarDB_Pelagibacteraceae_bacterium_AG-333-C14,MAGsDB_PAZP01,0,2.838167727,0.696887686,unlinked
MAGsDB_TARA_ANE_MAG_00028,MAGsDB_PACQ01,0,2.479126234,0.705806452,unlinked
MarDB_Prochlorococcus_marinus_MIT_9302,MarDB_Prochlorococcus_sp_AG-402-O16,0,0.042929127,0.112645349,unlinked
MarDB_Prochlorococcus_sp_AG-402-P16,MarDB_GCA_003331305.1_ASM333130v1,0,3.015999801,0.645679012,unlinked
MAGsDB_PBCF01,MAGsDB_DAFJ01,0,2.556427324,0.785180573,unlinked
MAGsDB_NZAK01,MarDB_GCA_003671475.1_ASM367147v1,0,1.527691814,0.58495546,unlinked
MAGsDB_TARA_PSW_MAG_00058,MAGsDB_PBEB01,0,1.448069514,0.629550321,unlinked
MarDB_Marinobacter_sp_ES1,MarRef_Synechococcus_sp_WH_8020,0,2.409366714,0.628951149,unlinked
MAGsDB_TARA_ANW_MAG_00042,MAGsDB_DKGG01,0,1.483496914,0.656469408,unlinked
MAGsDB_PBEC01,MarDB_GCA_003450155.1_ASM345015v1,0,0.860402227,0.444805195,unlinked
MarDB_Prochlorococcus_sp_AG-409-M05,MAGsDB_PASS01,0,2.025708227,0.652292329,unlinked
MAGsDB_PABG01,MAGsDB_PACC02,0,2.121928992,0.645473684,unlinked
MAGsDB_TARA_PSW_MAG_00042,MarDB_Alteromonas_marina_AD001,0,1.78767008,0.583398285,unlinked
MarDB_Pelagibacteraceae_bacterium_AG-426-P20,MAGsDB_PABA01,0,2.338752237,0.743126473,unlinked
MAGsDB_TARA_MED_MAG_00066,MAGsDB_PBKW01,0,2.971290184,0.674329502,unlinked
MarRef_Prochlorococcus_sp_MIT_0801,MAGsDB_DAVY01,0,3.281308087,0.79787828,unlinked
MAGsDB_TARA_PSE_MAG_00025,MAGsDB_TARA_RED_MAG_00011,0,2.70015268,0.655186386,unlinked
MAGsDB_DAZL01,MAGsDB_PBPL01,0,2.123925604,0.787253553,unlinked
MarDB_Prochlorococcus_sp_scB243_498I20,MarDB_Leeuwenhoekiella_blandensis_MED217,0,3.291830402,0.643693694,unlinked
MAGsDB_PBBX01,MarDB_Pelagibacterales_bacterium_MED-G42,0,2.754767537,0.712288447,unlinked
MAGsDB_NZRP01,MAGsDB_NZFK01,0,2.222272227,0.637254902,unlinked
MAGsDB_TARA_ANW_MAG_00036,MarRef_Planktomarina_temperata_RCA23,0,2.423870064,0.565567766,unlinked
MAGsDB_DEBL01,MAGsDB_NHCD01,0,2.332752567,0.619581101,unlinked
MarDB_Prochlorococcus_marinus_SCGC_AAA795-I06,MAGsDB_TARA_PSW_MAG_00019,0,2.893483114,0.666832175,unlinked
MarDB_Pacificimonas_flava_JLT2012,MAGsDB_TARA_PON_MAG_00007,0,2.891227044,0.669893514,unlinked
MAGsDB_PAAR01,MarDB_OCS116_cluster_bacterium_AG-390-A19,0,1.382739207,0.571248424,unlinked
MarDB_Prochlorococcus_sp_AG-409-L18,MAGsDB_TARA_MED_MAG_00005,0,2.044574014,0.653189066,unlinked
MarDB_Pelagibacteraceae_bacterium_AG-414-M23,MAGsDB_DLRJ01,0,2.860122337,0.666853617,unlinked
MAGsDB_DGCG01,MAGsDB_PBXC01,0,2.267566484,0.7171875,unlinked
MarDB_GCA_003491725.1_ASM349172v1,MAGsDB_TARA_PSW_MAG_00049,0,2.790561419,0.676668159,unlinked
MarDB_Joostella_marina,MAGsDB_DEPK01,0,2.733165387,0.616157388,unlinked
MarDB_GCF_900473925.1_N5,MAGsDB_NZXU01,0,2.804377391,0.645433097,unlinked
MarDB_Pelagibaca_bermudensis,MAGsDB_PAST01,0,3.170159127,0.716,unlinked
MarDB_Prochlorococcus_sp_scB243_495D8,MAGsDB_NZTV01,0,2.974938227,0.72017673,unlinked
MAGsDB_TARA_PON_MAG_00005,MAGsDB_PAOV01,0,2.642642227,0.708289612,unlinked
MAGsDB_NZHP01,MarRef_Prochlorococcus_sp_MIT_0604,0,2.865658806,0.663019694,unlinked
MarDB_OCS155_cluster_bacterium_AG-333-G23,MAGsDB_TARA_PSW_MAG_00068,0,2.968239797,0.692587209,unlinked
MAGsDB_TARA_MED_MAG_00053,MAGsDB_TARA_RED_MAG_00053,0,2.890142837,0.755244755,unlinked
MarDB_Prochlorococcus_marinus_SCGC_AAA795-I06,MarDB_Pelagibacteraceae_bacterium_AG-426-E17,0,3.356708237,0.628571429,unlinked
MarDB_Lutimaribacter_saemankumensis_strain_DSM_28010,MAGsDB_TARA_PSW_MAG_00011,0,2.271282634,0.565915004,unlinked
MarDB_GCA_003445155.1_ASM344515v1,MAGsDB_DCCD01,0,2.327184967,0.645365854,unlinked
MAGsDB_TARA_PSE_MAG_00043,MAGsDB_DALZ01,0,2.513187954,0.770668584,unlinked
MAGsDB_NZIP01,MAGsDB_NZTV01,0,2.897542227,0.653061224,unlinked
MarDB_GCA_003602525.1_ASM360252v1,MAGsDB_DCQX01,0,2.70708139,0.787266296,unlinked
MAGsDB_PAWJ01,MarDB_GCF_003576285.1_ASM357628v1,0,3.003288164,0.706296786,unlinked
MarDB_Pelagibacteraceae_bacterium_AG-422-D23,MAGsDB_TARA_PSE_MAG_00050,0,3.074831724,0.68995098,unlinked
MAGsDB_TARA_MED_MAG_00002,MAGsDB_PAOL01,0,1.218103971,0.604790419,unlinked
MarDB_Pelagibacteraceae_bacterium_AG-325-E13,MAGsDB_DAXL01,0,2.852064102,0.78832585,unlinked
MarDB_Prochlorococcus_sp_AG-347-G22,MarDB_Pacificimonas_flava_JLT2012,0,3.206388227,0.675998164,unlinked
MAGsDB_PBJN01,MAGsDB_PAOL01,0,1.091781927,0.517505995,unlinked
MAGsDB_PAHD01,MarDB_Pseudoalteromonas_distincta,0,2.439602248,0.696594427,unlinked
MAGsDB_PBNM01,MAGsDB_DDZW01,0,1.598624467,0.642365887,unlinked
MAGsDB_DLRN01,MAGsDB_TARA_IOS_MAG_00017,0,1.117686874,0.490393852,unlinked
MarDB_GCA_003444075.1_ASM344407v1,MarDB_Pelagibacteraceae_bacterium_AG-430-E20,0,2.803997257,0.691226576,unlinked
MAGsDB_TARA_MED_MAG_00076,MAGsDB_NZOB01,0,3.403990684,0.715533375,unlinked
MAGsDB_PBSH01,MAGsDB_PAFS01,0,0.910382227,0.532994924,unlinked
MarDB_Donghicola_eburneus_strain_DSM_29127,MarDB_Prochlorococcus_sp_AG-355-B18,0,3.373082984,0.660313901,unlinked
MAGsDB_PBKA01,MarDB_GCA_003451575.1_ASM345157v1,0,2.331308427,0.648975791,unlinked
MAGsDB_TARA_MED_MAG_00094,MAGsDB_DJZG01,0,1.17531616,0.524746571,unlinked
MAGsDB_TARA_RED_MAG_00003,MarDB_Pelagibacteraceae_bacterium_AG-430-I06,0,2.470776114,0.639150943,unlinked
MAGsDB_PAAM01,MAGsDB_TARA_RED_MAG_00018,0,2.744262714,0.804923077,unlinked
MarDB_Pseudoalteromonas_distincta,MarRef_Planktomarina_temperata_RCA23,0,2.438613098,0.571855294,unlinked
MAGsDB_PBAU01,MarDB_Rhodobacteraceae_bacterium_HIMB11,0,3.175400927,0.725076856,unlinked
MAGsDB_PABG01,MarDB_Prochlorococcus_marinus_MIT_9314,0,2.606696292,0.677253219,unlinked
MAGsDB_NZHU01,MAGsDB_TARA_MED_MAG_00083,0,2.489100914,0.663430421,unlinked
MarDB_GCF_003634925.1_ASM363492v1,MAGsDB_DGPX01,0,3.020317327,0.667488697,unlinked
MarDB_Alphaproteobacteria_bacterium_MarineAlpha2_Bin1,MAGsDB_PATC01,0,2.389505927,0.800766284,unlinked
MarDB_Prochlorococcus_sp_AG-449-G23,MAGsDB_NHBS01,0,3.196533227,0.627462341,unlinked
MAGsDB_DBVI01,MarRef_Muricauda_lutaonensis_strain_CC-HSB-11,0,2.237695124,0.599250936,unlinked
MarDB_Prochlorococcus_sp_AG-355-P18,MAGsDB_NZVE01,0,3.338238227,0.665856031,unlinked
MAGsDB_PARE01,MAGsDB_PBRZ01,0,1.701236507,0.614587485,unlinked
MAGsDB_PAAY01,MarDB_Alphaproteobacteria_bacterium_casp-alpha6,0,2.665917337,0.638175546,unlinked
MAGsDB_PBKA01,MAGsDB_NZVB01,0,1.989848127,0.696805897,unlinked
MarDB_Prochlorococcus_sp_AG-402-B05,MAGsDB_NHEI01,0,3.098537227,0.64375,unlinked
MarDB_Oceanospirillum_beijerinckii,MAGsDB_TARA_RED_MAG_00007,0,1.807934827,0.576732673,unlinked
MAGsDB_TARA_RED_MAG_00037,MarDB_Prochlorococcus_sp_scB243_498I20,0,2.663138049,0.639939486,unlinked
MAGsDB_PBYA01,MAGsDB_TARA_MED_MAG_00089,0,1.597682414,0.602191319,unlinked
MAGsDB_PBJO01,MAGsDB_PANK01,0,2.563227427,0.642995731,unlinked
MAGsDB_TARA_ION_MAG_00012,MAGsDB_TARA_ION_MAG_00015,0,2.917945897,0.67519305,unlinked
MAGsDB_PCAM01,MarDB_Flavobacteriaceae_bacterium_UBA5955,0,2.30860902,0.685863874,unlinked
MAGsDB_PAUF01,MAGsDB_DIHU01,0,2.24031395,0.629828326,unlinked
MarDB_Pelagibacteraceae_bacterium_AG-414-M23,MarDB_GCF_003797905.1_ASM379790v1,0,2.161841894,0.676607281,unlinked
MarDB_GCA_003529565.1_ASM352956v1,MarRef_Sulfitobacter_sp_SK025,0,2.572961037,0.651702207,unlinked
MarDB_GCA_003702465.1_ASM370246v1,MAGsDB_PACC02,0,2.731422006,0.821195379,unlinked
MAGsDB_DAPT01,MAGsDB_TARA_ANW_MAG_00034,0,3.145460114,0.767008986,unlinked
MarDB_Prochlorococcus_sp_AG-363-P06,MAGsDB_TARA_MED_MAG_00056,0,3.326098714,0.684405368,unlinked
MarRef_Sulfitobacter_sp_SK025,MAGsDB_DJZA01,0,1.493500946,0.514675486,unlinked
MAGsDB_PBAZ01,MAGsDB_PBWI01,0,0.728358338,0.484782609,unlinked
MAGsDB_NZNM01,MAGsDB_DKQU01,0,1.916825627,0.654929577,unlinked
MAGsDB_TARA_IOS_MAG_00003,MAGsDB_PBWI01,0,2.549856607,0.707296499,unlinked
MarDB_GCF_003634285.1_ASM363428v1,MarDB_Porticoccaceae_bacterium_UBA3436,0,1.050051478,0.490909091,unlinked
MAGsDB_DLRN01,MarRef_Synechococcus_sp_CC9311,0,2.239958227,0.63014862,unlinked
MAGsDB_PAFH01,MarDB_Pseudomonas_balearica_LS401,0,2.137960575,0.738342967,unlinked
MAGsDB_PAXI01,MAGsDB_NYUE01,0,2.529570114,0.657652474,unlinked
MAGsDB_TARA_PSW_MAG_00077,MarDB_GCF_003335485.1_ASM333548v1,0,2.291336244,0.68515625,unlinked
MAGsDB_PAOO01,MarRef_Vibrionaceae_bacterium_NSCS20N07D,0,2.129162777,0.740656335,unlinked
MAGsDB_NHBY01,MAGsDB_TARA_PSE_MAG_00073,0,2.714544424,0.699150142,unlinked
MarDB_Vibrio_caribbenthicus_ATCC_BAA2122,MAGsDB_TARA_RED_MAG_00020,0,2.187108814,0.665039063,unlinked
MAGsDB_PBBX01,MAGsDB_PBZV01,0,2.137104116,0.837928716,unlinked
MAGsDB_DBGO01,MAGsDB_PAJP01,0,2.024719727,0.616925593,unlinked
MarDB_Prochlorococcus_sp_AG-402-B19,MAGsDB_DACD01,0,2.965429215,0.799307958,unlinked
MAGsDB_TARA_PSW_MAG_00104,MarDB_GCA_003520025.1_ASM352002v1,0,2.538551518,0.653481894,unlinked
MarDB_Labrenzia_sp_C1B10,MAGsDB_DJZY01,0,1.834799638,0.593173432,unlinked
MAGsDB_NZUQ01,MAGsDB_TARA_IOS_MAG_00035,0,1.770208554,0.597992352,unlinked
MAGsDB_TARA_MED_MAG_00053,MAGsDB_PAGB01,0,2.745422531,0.811987705,unlinked
MAGsDB_TARA_RED_MAG_00109,MAGsDB_PAFO01,0,2.696946101,0.685512367,unlinked
MAGsDB_PBQK01,MAGsDB_PBZE01,0,2.538186696,0.838449111,unlinked
MAGsDB_TARA_PSE_MAG_00025,MarDB_Synechococcus_sp_RS9916,0,2.901016614,0.624646465,unlinked
MAGsDB_PAAF01,MAGsDB_NZTO01,0,1.304973314,0.441196938,unlinked
MAGsDB_PAPT01,MAGsDB_TARA_IOS_MAG_00020,0,1.76475206,0.53968254,unlinked
MarDB_Prochlorococcus_sp_AG-347-G22,MAGsDB_PATH01,0,2.826438127,0.717884131,unlinked
MAGsDB_PBVQ01,MarDB_Prochlorococcus_sp_AG-412-J13,0,3.086806927,0.634626866,unlinked
MAGsDB_PAPG01,MAGsDB_TARA_PSW_MAG_00077,0,1.61951335,0.531403118,unlinked
MarRef_Synechococcus_sp_RCC307,MarDB_Spongiibacter_tropicus,0,2.191749341,0.618161094,unlinked
MAGsDB_TARA_PSW_MAG_00042,MAGsDB_PACX01,0,3.136918094,0.633587786,unlinked
MAGsDB_TARA_ION_MAG_00015,MAGsDB_PABV01,0,2.83763581,0.774100719,unlinked
MarDB_Maribacter_sp_SDRB-Phe2,MAGsDB_DLBZ01,0,2.537642227,0.591411565,unlinked
MAGsDB_NZUX01,MAGsDB_NZXU01,0,2.603522227,0.73545356,unlinked
MAGsDB_TARA_RED_MAG_00053,MAGsDB_NZGY01,0,2.581392534,0.697397442,unlinked
MAGsDB_PBVJ01,MAGsDB_TARA_IOS_MAG_00016,0,2.334272118,0.544947735,unlinked
MarDB_Pelagibacteraceae_bacterium_AG-325-C03,MAGsDB_DDZT01,0,2.621332118,0.681227863,unlinked
MarDB_GCA_003602575.1_ASM360257v1,MarDB_Prochlorococcus_marinus_str__XMU1401,0,3.392873875,0.783638321,unlinked
MarDB_Synechococcus_sp_RS9916,MAGsDB_TARA_PSW_MAG_00068,0,2.557544914,0.708096957,unlinked
MAGsDB_PCCK01,MarRef_Erythrobacter_sp_YH_07,0,2.685889614,0.556565198,unlinked
MarDB_GCA_003523185.1_ASM352318v1,MarDB_Sulfitobacter_sp_HI0054,0,2.514942195,0.57245283,unlinked
MarDB_Prochlorococcus_sp_AG-347-M18,MarDB_Prochlorococcus_sp_AG-363-N16,0,0.587762127,0.318452381,unlinked
MarDB_Prochlorococcus_sp_scB243_498I20,MAGsDB_DDGB01,0,2.924748227,0.682753461,unlinked
MAGsDB_TARA_ANE_MAG_00044,MAGsDB_TARA_PSE_MAG_00059,0,2.2987682,0.538059701,unlinked
MAGsDB_DLRL01,MAGsDB_PBEF01,0,1.693304495,0.581380621,unlinked
MarDB_Thioclava_sp_DLFJ5-1,MAGsDB_PBOA01,0,2.916195767,0.69969278,unlinked
MAGsDB_NYSL01,MarDB_Pseudoalteromonas_sp_H71,0,2.845360417,0.678873239,unlinked
MAGsDB_PBRQ01,MAGsDB_PBSY01,0,2.062262201,0.63359443,unlinked
MAGsDB_TARA_PSE_MAG_00068,MAGsDB_TARA_RED_MAG_00091,0,2.3498185,0.666184971,unlinked
MAGsDB_DEYU01,MAGsDB_NYXF01,0,2.233866633,0.635381115,unlinked
MarDB_Prochlorococcus_sp_AG-363-P06,MAGsDB_PANZ01,0,2.813488227,0.634538153,unlinked
MAGsDB_DIHR01,MAGsDB_TARA_PSW_MAG_00089,0,2.284677154,0.603028912,unlinked
MAGsDB_PAIS01,MAGsDB_PASM01,0,3.041736627,0.743006164,unlinked
MarDB_Prochlorococcus_sp_AG-402-B19,MarDB_Prochlorococcus_sp_AG-311-J23,0,0.092658927,0.260242792,unlinked
MAGsDB_PBGY01,MarDB_Nitrosopumilus_sp_Nsub,0,2.616116572,0.799274486,unlinked
MAGsDB_TARA_ANW_MAG_00005,MAGsDB_NYVY01,0,1.565073707,0.579310345,unlinked
MAGsDB_TARA_PON_MAG_00006,MarDB_GCA_003485885.1_ASM348588v1,0,1.819433114,0.649495677,unlinked
MAGsDB_DLTP01,MAGsDB_PAGB01,0,2.467620794,0.70705347,unlinked
MarDB_Rhodococcus_sp_PML026,MarDB_Prochlorococcus_sp_AG-676-L21,0,2.745101865,0.692624639,unlinked
MAGsDB_TARA_RED_MAG_00044,MAGsDB_PBZM01,0,2.639181914,0.725882353,unlinked
MAGsDB_DJZH01,MAGsDB_PAIF01,0,1.837709614,0.677100494,unlinked
MarDB_Vibrio_caribbenthicus_ATCC_BAA2122,MAGsDB_PBNL01,0,2.782955624,0.717137476,unlinked
MarDB_Prochlorococcus_sp_AG-436-A04,MarDB_Pseudoalteromonas_ruthenica_S3137,0,2.960255622,0.709763539,unlinked
MAGsDB_TARA_ANW_MAG_00014,MAGsDB_DAHJ01,0,2.540761166,0.837794433,unlinked
MAGsDB_PAWM01,MarDB_GCA_003331195.1_ASM333119v1,0,2.411350473,0.612063492,unlinked
MarDB_Prochlorococcus_sp_AG-402-K14,MAGsDB_NZGY01,0,2.856388227,0.681212121,unlinked
MarDB_GCA_003529565.1_ASM352956v1,MAGsDB_PAUC01,0,1.567126615,0.71636953,unlinked
MAGsDB_NYZE01,MAGsDB_PAHB01,0,1.955926037,0.667478092,unlinked
MAGsDB_NYTV01,MAGsDB_NHDX01,0,3.334842527,0.691657867,unlinked
MarDB_Roseivirga_spongicola_UST030701-084,MAGsDB_TARA_ION_MAG_00047,0,1.154900514,0.480492813,unlinked
MAGsDB_PAPF01,MAGsDB_TARA_ION_MAG_00016,0,1.296822227,0.572135516,unlinked
MarDB_Prochlorococcus_sp_scB245a_520K10,MAGsDB_PCCK01,0,3.229534554,0.641309824,unlinked
MAGsDB_TARA_PSW_MAG_00047,MAGsDB_TARA_ANE_MAG_00023,0,1.294424581,0.433659218,unlinked
MAGsDB_PBGY01,MAGsDB_TARA_MED_MAG_00050,0,1.9775356,0.508736559,unlinked
MarRef_Tistrella_mobilis_KA081020-065,MarDB_Synechococcus_sp_WH7805,0,2.4226563,0.64073956,unlinked
MAGsDB_NZHP01,MAGsDB_TARA_PSW_MAG_00032,0,2.045728324,0.653225806,unlinked
MarDB_Prochlorococcus_sp_AG-347-J20,MAGsDB_PAAV01,0,2.492868227,0.661731207,unlinked
MAGsDB_PBDQ01,MAGsDB_NHCB01,0,2.438434227,0.631751227,unlinked
MarDB_GCA_003504155.1_ASM350415v1,MAGsDB_NYWV01,0,0.871862422,0.587954939,unlinked
MAGsDB_PBTY01,MAGsDB_NYTP01,0,2.430350127,0.614627286,unlinked
MarDB_OCS116_cluster_bacterium_AG-390-A19,MAGsDB_PASE01,0,3.121174717,0.68356998,unlinked
MAGsDB_PBMY01,MarDB_Pelagibacteraceae_bacterium_AG-337-G06,0,2.914491037,0.65889029,unlinked
MAGsDB_DDDN01,MarDB_Pseudoalteromonas_sp_3D05,0,1.23595561,0.551107656,unlinked
MAGsDB_NHDL01,MAGsDB_TARA_ANE_MAG_00030,0,2.411147687,0.777628935,unlinked
MarDB_Caulobacter_crescentus_OR37,MAGsDB_NZWF01,0,2.309192127,0.662708883,unlinked
MarDB_Acidimicrobiales_bacterium_MED-G01,MAGsDB_TARA_PSE_MAG_00086,0,2.296117824,0.656683306,unlinked
MarDB_Acidimicrobiales_bacterium_MED-G01,MAGsDB_PASE01,0,2.426097637,0.705882353,unlinked
MarDB_Alphaproteobacteria_bacterium_MarineAlpha5_Bin7,MAGsDB_PAOV01,0,2.672532227,0.64873838,unlinked
MarDB_Prochlorococcus_sp_AG-363-C02,MAGsDB_TARA_PSW_MAG_00021,0,2.158629744,0.716601816,unlinked
MAGsDB_TARA_IOS_MAG_00067,MAGsDB_TARA_RED_MAG_00002,0,2.331570582,0.674340728,unlinked
MarDB_Prochlorococcus_sp_AG-347-I04,MAGsDB_NZHD01,0,2.734127903,0.672152447,unlinked
MAGsDB_PBAZ01,MAGsDB_DIIG01,0,1.522898338,0.603784404,unlinked
MarDB_marine_gamma_proteobacterium_HTCC2143,MAGsDB_TARA_PSE_MAG_00044,0,2.060431914,0.617857143,unlinked
MAGsDB_TARA_ANW_MAG_00032,MAGsDB_DLCF01,0,2.771807974,0.658719647,unlinked
MAGsDB_NZGS01,MAGsDB_PABA01,0,2.074570147,0.637245069,unlinked
MarDB_Pelagibacteraceae_bacterium_AG-333-C14,MAGsDB_TARA_ANE_MAG_00054,0,2.555953014,0.680654339,unlinked
MAGsDB_DCQX01,MAGsDB_PAYK01,0,2.392611884,0.611771058,unlinked
MAGsDB_NYVQ01,MAGsDB_PATZ01,0,2.281607227,0.805555556,unlinked
MAGsDB_PAFB01,MarDB_Prochlorococcus_sp_AG-388-J02,0,3.209911806,0.656526006,unlinked
MAGsDB_DDEJ01,MarRef_Halioglobus_japonicus_NBRC_107739,0,2.303902327,0.561429635,unlinked
MarDB_Pelagibacterales_bacterium_MED-G42,MAGsDB_NZXG01,0,2.157537537,0.726715686,unlinked
MAGsDB_DBGM01,MAGsDB_TARA_ANW_MAG_00040,0,2.966460473,0.641059603,unlinked
MAGsDB_DEAI01,MAGsDB_PANA01,0,1.757692227,0.674580197,unlinked
MarDB_GCA_003331425.1_ASM333142v1,MAGsDB_DCKY01,0,2.146116016,0.793457031,unlinked
MAGsDB_TARA_MED_MAG_00006,MAGsDB_NYVZ01,0,1.462982207,0.559436913,unlinked
MAGsDB_NZLS01,MAGsDB_NYUA01,0,2.091213924,0.614562723,unlinked
MarDB_Synechococcus_sp_AG-670-A05,MarDB_Prochlorococcus_sp_AG-409-J16,0,0.281607027,0.292973651,unlinked
MAGsDB_TARA_ION_MAG_00009,MAGsDB_PAFA01,0,2.556622227,0.696568627,unlinked
MAGsDB_DDIN01,MAGsDB_PANZ01,0,2.794502227,0.676326349,unlinked
MAGsDB_TARA_ION_MAG_00004,MarDB_Prochlorococcus_sp_scB243_498B22,0,2.826374301,0.663753641,unlinked
MAGsDB_PAQU01,MAGsDB_PAVC01,0,2.144340206,0.685860889,unlinked
MarDB_GCA_003444815.1_ASM344481v1,MAGsDB_DEZT01,0,0.656667693,0.414954338,unlinked
MarDB_Psychrobacter_pacificensis_strain_DSM_23406,MAGsDB_NYUE01,0,2.241423713,0.642608696,unlinked
MarDB_Pelagibacteraceae_bacterium_AG-422-B15,MAGsDB_PAUB01,0,2.191614328,0.678535097,unlinked
MAGsDB_NZHT01,MAGsDB_TARA_PSW_MAG_00039,0,1.790737786,0.825627477,unlinked
MAGsDB_DLCF01,MAGsDB_TARA_MED_MAG_00019,0,2.088604784,0.622959452,unlinked
MAGsDB_PBAS01,MarDB_Roseivivax_pacificus_strain_DSM_29329,0,2.564609689,0.663431542,unlinked
MarDB_Prochlorococcus_marinus_MIT_1342,MarRef_Prochlorococcus_marinus_str_MIT_9303,0,0.020870754,0.053560176,unlinked
MAGsDB_TARA_MED_MAG_00054,MarDB_Bacteroidetes_bacterium_SCGC_AAA795-G10,0,3.023018833,0.623109498,unlinked
MarDB_Pelagibacteraceae_bacterium_AG-461-B04,MarDB_Roseivivax_pacificus_strain_DSM_29329,0,1.864652127,0.656969697,unlinked
MAGsDB_DDGB01,MAGsDB_NZXU01,0,2.181912227,0.541923551,unlinked
MarDB_Prochlorococcus_sp_AG-347-I15,MAGsDB_TARA_RED_MAG_00052,0,3.328865341,0.657929227,unlinked
MAGsDB_TARA_MED_MAG_00043,MAGsDB_PASR01,0,1.676169774,0.535898909,unlinked
MAGsDB_DDII01,MarDB_Prochlorococcus_sp_AG-355-N16,0,3.265198227,0.643031785,unlinked
MAGsDB_DIIC01,MarDB_SAR116_cluster_bacterium_AG-325-I21,0,1.746906227,0.592042186,unlinked
MarDB_Pelagibacteraceae_bacterium_AG-325-C10,MarDB_Prochlorococcus_sp_AG-347-K10,0,3.520569424,0.683959451,unlinked
MAGsDB_DJIP01,MarDB_GCA_003332015.1_ASM333201v1,0,2.01824484,0.655041698,unlinked
MarDB_alpha_proteobacterium_HIMB114,MAGsDB_PBSB01,0,2.580432127,0.662942272,unlinked
MAGsDB_PAGT01,MAGsDB_DBSX01,0,2.615646653,0.642105263,unlinked
MarDB_GCA_003331265.1_ASM333126v1,MAGsDB_PBNK01,0,0.996623014,0.469184891,unlinked
MAGsDB_PABE01,MarDB_Arcobacter_haliotis_strain_LMG_28652,0,2.059661404,0.592480061,unlinked
MAGsDB_TARA_PSW_MAG_00022,MarDB_Prochlorococcus_sp_scB241_528N17,0,2.852362254,0.675161987,unlinked
MAGsDB_NHEI01,MAGsDB_PAHN01,0,0.994883957,0.463838665,unlinked
MAGsDB_PBGD01,MAGsDB_PAQF01,0,2.092862427,0.710747895,unlinked
MAGsDB_TARA_ION_MAG_00023,MarDB_Colwellia_polaris_MCCC1C00015,0,0.888588914,0.433589462,unlinked
MarRef_Pseudomonas_stutzeri_CCUG_29243,MarDB_Sulfitobacter_sp_HI0054,0,2.234982227,0.520340587,unlinked
MAGsDB_TARA_PSE_MAG_00022,MarDB_Phyllobacteriaceae_bacterium_Water-Bin73_strain_Water_Bin73,0,1.947069967,0.561983471,unlinked
MAGsDB_PBFL01,MAGsDB_TARA_PSE_MAG_00002,0,3.083929214,0.647801684,unlinked
MarRef_Sulfitobacter_sp_D7,MAGsDB_DEAN01,0,2.536315428,0.65050821,unlinked
MAGsDB_DKQI01,MAGsDB_DLPT01,0,2.548195858,0.691625616,unlinked
MAGsDB_TARA_PSE_MAG_00017,MAGsDB_TARA_MED_MAG_00015,0,2.547750914,0.531536697,unlinked
MarDB_Prochlorococcus_sp_AG-347-L20,MAGsDB_PBJO01,0,2.829838227,0.61440678,unlinked
MarDB_GCA_003331625.1_ASM333162v1,MAGsDB_DHXB01,0,2.31393935,0.637992832,unlinked
MAGsDB_TARA_ION_MAG_00022,MAGsDB_NYWU01,0,2.105060014,0.612612613,unlinked
MarDB_Oceanospirillum_beijerinckii,MAGsDB_DKOT01,0,2.451321127,0.662200282,unlinked
MAGsDB_NZNH01,MAGsDB_TARA_PSE_MAG_00093,0,2.908185778,0.6236303,unlinked
MarDB_Erythrobacter_citreus_LAMA_915,MAGsDB_DEXT01,0,2.425079779,0.51109215,unlinked
MAGsDB_TARA_MED_MAG_00046,MAGsDB_PACG01,0,2.172143254,0.639018197,unlinked
MAGsDB_PAAG01,MAGsDB_PBWJ01,0,2.438343447,0.703478261,unlinked
MarDB_Candidatus_Pelagibacter_ubique_HTCC9022,MarDB_Candidatus_Pelagibacter_ubique_SCGC_AAA795-M22,0,0.456402197,0.335993615,unlinked
MarDB_GCA_003526745.1_ASM352674v1,MAGsDB_TARA_MED_MAG_00103,0,2.06541562,0.630666667,unlinked
MAGsDB_TARA_ANE_MAG_00054,MarDB_Prochlorococcus_sp_scB243_495L20,0,2.948213169,0.660436137,unlinked
MAGsDB_TARA_PSE_MAG_00025,MAGsDB_PBTO01,0,2.399550614,0.58336851,unlinked
MarDB_Prochlorococcus_sp_AG-347-J22,MAGsDB_NZKO01,0,2.824438227,0.646309081,unlinked
MarDB_GCA_003535555.1_ASM353555v1,MarDB_SAR324_cluster_bacterium_lautmerah10,0,2.010325829,0.634920635,unlinked
MAGsDB_TARA_RED_MAG_00025,MarDB_Prochlorococcus_sp_scB243_495K23,0,3.298734332,0.654884634,unlinked
MAGsDB_DKOK01,MAGsDB_DAYH01,0,3.217079524,0.785388128,unlinked
MAGsDB_TARA_PSW_MAG_00012,MarDB_Porticoccaceae_bacterium_UBA3436,0,2.535872227,0.590291262,unlinked
MAGsDB_PBGY01,MAGsDB_DDJU01,0,2.89435288,0.6555,unlinked
MAGsDB_TARA_ANE_MAG_00030,MAGsDB_PACV01,0,2.819073344,0.780283505,unlinked
MAGsDB_NHEC01,MAGsDB_PAZJ01,0,2.33619572,0.678920161,unlinked
MarDB_Aurantimonas_manganoxydans_1,MAGsDB_DADW01,0,2.813687227,0.810557844,unlinked
MarDB_Donghicola_eburneus_strain_DSM_29127,MarRef_Planktomarina_temperata_RCA23,0,0.422313577,0.351724138,unlinked
MarDB_Pelagibacteraceae_bacterium_AG-430-E20,MAGsDB_DIHQ01,0,3.285433137,0.683943662,unlinked
MAGsDB_NYTV01,MAGsDB_NZWH01,0,2.595972227,0.659127625,unlinked
MAGsDB_PBRM01,MarDB_Rhodococcus_sp_PML026,0,1.814735865,0.677941176,unlinked
MAGsDB_NZQZ01,MAGsDB_PBOB01,0,1.036696157,0.567238095,unlinked
MAGsDB_TARA_MED_MAG_00136,MAGsDB_DAYJ01,0,2.699845526,0.809768638,unlinked
MarDB_Erythrobacter_citreus_LAMA_915,MAGsDB_DAME01,0,2.989658073,0.790441176,unlinked
MAGsDB_PBCV01,MarDB_Prochlorococcus_sp_AG-436-M02,0,2.730495797,0.730271669,unlinked
MarDB_GCA_003324635.1_ASM332463v1,MarDB_Synechococcus_sp_AG-679-B05,0,2.821744653,0.827342048,unlinked
MAGsDB_PBAL01,MAGsDB_PARR01,0,1.857742227,0.661413778,unlinked
MAGsDB_DCWM01,MAGsDB_TARA_PSW_MAG_00067,0,2.128359454,0.742890308,unlinked
MarRef_Synechococcus_sp_WH_8102,MarDB_GCA_003451575.1_ASM345157v1,0,2.587774127,0.649551752,unlinked
MAGsDB_TARA_ANW_MAG_00005,MAGsDB_PAHY01,0,2.291192227,0.625809061,unlinked
MAGsDB_PBJZ01,MAGsDB_TARA_PSW_MAG_00006,0,2.398974632,0.606294155,unlinked
MAGsDB_PBTT01,MAGsDB_DFRK01,0,1.901383957,0.660071231,unlinked
MarDB_Prochlorococcus_sp_AG-418-I20,MAGsDB_TARA_ION_MAG_00006,0,3.327507114,0.670948012,unlinked
MarDB_Alphaproteobacteria_bacterium_MarineAlpha3_Bin7,MAGsDB_PBKG01,0,1.057858417,0.415970288,unlinked
MAGsDB_NHDL01,MarDB_Vibrio_cyclitrophicus_FF75_2,0,2.122636175,0.736545902,unlinked
MarDB_SAR406_cluster_bacterium_SCGC_AAA298-D23,MAGsDB_PBLI01,0,2.211436277,0.665294118,unlinked
MarDB_Pelagibacteraceae_bacterium_AG-349-O05,MarDB_Vibrio_sagamiensis_NBRC_104589,0,2.327872237,0.714709152,unlinked
MarDB_Prochlorococcus_sp_AG-388-A04,MAGsDB_TARA_RED_MAG_00046,0,3.337763814,0.685196021,unlinked
MarDB_Vibrio_splendidus_strain_UCD-FRSSP16_15,MarDB_GCF_003814515.1_ASM381451v1,0,1.789783388,0.659377887,unlinked
MAGsDB_TARA_PSW_MAG_00090,MAGsDB_DEAA01,0,2.170993114,0.623188406,unlinked
MAGsDB_TARA_MED_MAG_00024,MarRef_Gramella_flava_JLT2011,0,2.67120817,0.655722326,unlinked
MAGsDB_TARA_RED_MAG_00034,MAGsDB_DLRR01,0,1.537293944,0.614154144,unlinked
MAGsDB_PBBS01,MAGsDB_PAIZ01,0,2.105914114,0.691447368,unlinked
MarDB_Synechococcus_sp_BL107,MarDB_GCF_003730275.1_ASM373027v1,0,2.868679794,0.613373339,unlinked
MAGsDB_DKQT01,MarDB_Prochlorococcus_sp_AG-347-L21,0,2.887358227,0.68358714,unlinked
MAGsDB_DGLR01,MarDB_Prochlorococcus_sp_AG-449-G23,0,2.85803669,0.698305085,unlinked
MarDB_Rhodobacteraceae_bacterium_SB2,MAGsDB_TARA_ANE_MAG_00057,0,2.709557482,0.568218299,unlinked
MarDB_Pelagibacteraceae_bacterium_AG-404-P07,MAGsDB_DAKS01,0,2.947047237,0.797073791,unlinked
MAGsDB_TARA_RED_MAG_00061,MAGsDB_PAFH01,0,2.685174222,0.726584022,unlinked
MAGsDB_TARA_RED_MAG_00042,MAGsDB_PAOV01,0,2.559565634,0.692007797,unlinked
MAGsDB_TARA_MED_MAG_00012,MarDB_Candidatus_Pelagibacter_HTCC1002,0,2.611514498,0.573647871,unlinked
MarDB_Prochlorococcus_sp_AG-363-C02,MarDB_Prochlorococcus_sp_AG-347-J20,0,0.655092227,0.318313953,unlinked
MAGsDB_DBBQ01,MAGsDB_NZVB01,0,2.616228227,0.657156911,unlinked
MarDB_Prochlorococcus_marinus_GP2,MAGsDB_PBDY01,0,2.896408806,0.669101124,unlinked
MAGsDB_TARA_IOS_MAG_00004,MAGsDB_PBPR01,0,2.359590245,0.814833006,unlinked
MarDB_Prochlorococcus_sp_AG-402-N08,MAGsDB_TARA_ION_MAG_00043,0,3.096925934,0.675121425,unlinked
MAGsDB_NZGC01,MarDB_Pseudoalteromonas_sp_H71,0,1.142510617,0.507815478,unlinked
MarDB_Vibrio_splendidus_strain_10N_261_55_E11,MAGsDB_PBAP01,0,2.72290822,0.734993179,unlinked
MAGsDB_DCBC01,MarDB_GCF_003335485.1_ASM333548v1,0,2.253628827,0.65986918,unlinked
MAGsDB_DDII01,MarDB_Pelagibacteraceae_bacterium_AG-426-E17,0,2.534762237,0.578544061,unlinked
MarDB_Aurantimonas_manganoxydans_1,MarDB_Marinobacter_sp_ES1,0,2.141130714,0.54180491,unlinked
MarDB_GCF_003788635.1_ASM378863v1,MAGsDB_NZKZ01,0,1.416374357,0.563607085,unlinked
MarDB_Prochlorococcus_marinus_MIT_9401,MAGsDB_PBRZ01,0,2.393198727,0.668391548,unlinked
MAGsDB_DBAG01,MAGsDB_PBDY01,0,1.519829963,0.662611137,unlinked
MAGsDB_DJZY01,MarDB_GCA_003331425.1_ASM333142v1,0,1.717636016,0.832780083,unlinked
MAGsDB_PASA01,MAGsDB_PAIZ01,0,2.45427281,0.65296496,unlinked
MarRef_Pseudomonas_stutzeri_CCUG_29243,MAGsDB_TARA_PSE_MAG_00068,0,2.109607014,0.686693822,unlinked
MarDB_Prochlorococcus_sp_AG-347-I21,MarDB_Synechococcus_sp_CC9616,0,0.919465627,0.30277942,unlinked
MarDB_Prochlorococcus_sp_AG-409-J16,MAGsDB_DDIM01,0,2.481278227,0.64386423,unlinked
MAGsDB_PAZH01,MAGsDB_NZIQ01,0,2.758574427,0.678716491,unlinked
MAGsDB_DBNK01,MarDB_Alphaproteobacteria_bacterium_MarineAlpha9_Bin3,0,1.921872227,0.620074658,unlinked
MarDB_GCA_003444155.1_ASM344415v1,MarDB_Acidimicrobiales_bacterium_MED-G01,0,1.973066804,0.691341409,unlinked
MAGsDB_DCXL01,MAGsDB_TARA_MED_MAG_00082,0,2.083190715,0.587869362,unlinked
MAGsDB_TARA_PSE_MAG_00068,MAGsDB_PBYQ01,0,2.762172644,0.65607064,unlinked
MAGsDB_PBLI01,MAGsDB_TARA_PSW_MAG_00020,0,2.085604514,0.661626344,unlinked
MAGsDB_TARA_ANW_MAG_00057,MAGsDB_TARA_IOS_MAG_00035,0,2.38277595,0.652611404,unlinked
MarDB_Vibrio_splendidus_strain_UCD-FRSSP16_15,MAGsDB_PAWJ01,0,2.504372602,0.781157025,unlinked
MAGsDB_TARA_ION_MAG_00012,MarDB_Pelagibacteraceae_bacterium_AG-325-E13,0,3.353048154,0.652751423,unlinked
MAGsDB_NZFW01,MAGsDB_DDJT01,0,0.841830227,0.43902439,unlinked
MarDB_Prochlorococcus_sp_AG-347-K19,MarDB_Prochlorococcus_sp_AG-347-K15,0,0.015162227,0.280030604,unlinked
MAGsDB_TARA_PSW_MAG_00067,MAGsDB_TARA_PSW_MAG_00049,0,2.179655129,0.704278075,unlinked
MarDB_Pelagibacteraceae_bacterium_AG-390-L03,MAGsDB_NZIJ01,0,2.535872207,0.616328709,unlinked
MAGsDB_NHBK01,MAGsDB_DBGO01,0,2.585652227,0.597770154,unlinked
MAGsDB_TARA_ANE_MAG_00040,MAGsDB_TARA_PSE_MAG_00001,0,1.403595884,0.584281282,unlinked
MarRef_Pseudomonas_stutzeri_CCUG_29243,MAGsDB_NHDX01,0,2.682922527,0.754778219,unlinked
MarDB_Pelagibacteraceae_bacterium_AG-410-B18,MarDB_Candidatus_Marinamargulisbacteria_bacterium_SCGC_AG-343-D04,0,2.319393827,0.70252324,unlinked
MarDB_Sphingobium_yanoikuyae_strain_UBA1832,MAGsDB_NYTV01,0,1.15366206,0.571882446,unlinked
MAGsDB_DAGO01,MAGsDB_PAIS01,0,2.613697227,0.821750903,unlinked
MAGsDB_TARA_IOS_MAG_00011,MarDB_Pelagibacteraceae_bacterium_AG-390-A23,0,2.859079287,0.666666667,unlinked
MAGsDB_NZUH01,MAGsDB_PABS01,0,3.026034627,0.684952189,unlinked
MarDB_Prochlorococcus_sp_AG-402-M23,MAGsDB_DKOR01,0,2.443468227,0.646569647,unlinked
MarDB_Prochlorococcus_sp_AG-402-I21,MAGsDB_DHZO01,0,2.987429764,0.654506438,unlinked
MAGsDB_TARA_ANW_MAG_00035,MarDB_Pelagibacteraceae_bacterium_AG-313-A04,0,2.375145824,0.688652879,unlinked
MarDB_Lutimaribacter_saemankumensis_strain_DSM_28010,MarDB_Spongiibacter_tropicus,0,2.201988141,0.531138153,unlinked
MAGsDB_PAYS01,MarDB_Pseudoalteromonas_ruthenica_S3137,0,1.956852622,0.65365288,unlinked
MAGsDB_TARA_ANE_MAG_00035,MAGsDB_DFMJ01,0,2.165354476,0.628742515,unlinked
MAGsDB_TARA_PSE_MAG_00093,MAGsDB_DDFN01,0,3.23161231,0.652711703,unlinked
MarRef_Croceibacter_atlanticus_HTCC2559,MarDB_Prochlorococcus_sp_AG-355-I04,0,3.245475543,0.651376147,unlinked
MAGsDB_NYUA01,MAGsDB_DKNZ01,0,2.277592227,0.626652565,unlinked
MAGsDB_DANB01,MAGsDB_TARA_MED_MAG_00087,0,2.790446167,0.812614819,unlinked
MarDB_Pelagibacteraceae_bacterium_AG-461-B04,MarDB_Rhodococcus_sp_PML026,0,2.497745765,0.70647603,unlinked
MAGsDB_NZVC01,MAGsDB_DGAM01,0,2.222022027,0.608695652,unlinked
MAGsDB_DDIN01,MarDB_GCA_003602535.1_ASM360253v1,0,2.887038914,0.798344948,unlinked
MarDB_Rhodobacteraceae_bacterium_REDSEA-S34_B6,MAGsDB_NZIH01,0,2.63227785,0.605325725,unlinked
MAGsDB_TARA_IOS_MAG_00023,MarDB_Prochlorococcus_sp_AG-347-L20,0,2.987004527,0.641242938,unlinked
MAGsDB_PBMY01,MAGsDB_TARA_PSE_MAG_00018,0,1.195674298,0.531300161,unlinked
MAGsDB_PBGH01,MarDB_Salinisphaera_shabanensis,0,2.702077227,0.819267516,unlinked
MAGsDB_TARA_ANE_MAG_00044,MarDB_GCF_900473935.1_UW105,0,2.72105216,0.664664665,unlinked
MarRef_Prochlorococcus_marinus_bv_HNLC1,MAGsDB_DKAI01,0,2.486114043,0.663270504,unlinked
MAGsDB_PBSS01,MAGsDB_PBOA01,0,2.034162027,0.615384615,unlinked
MAGsDB_TARA_MED_MAG_00095,MarDB_Alphaproteobacteria_bacterium_MarineAlpha9_Bin3,0,2.631097844,0.784982935,unlinked
MarDB_Candidatus_Pelagibacter_ubique_HTCC9022,MarDB_Pseudoalteromonas_sp_H105,0,2.399012207,0.662996461,unlinked
MAGsDB_NZMK01,MarDB_Pseudoalteromonas_sp_H105,0,2.067785014,0.678610206,unlinked
MAGsDB_PAZJ01,MAGsDB_NYVM01,0,2.075776327,0.627299703,unlinked
MarDB_Prochlorococcus_sp_AG-363-C02,MarDB_Pelagibacteraceae_bacterium_AG-447-N18,0,3.238488237,0.66849482,unlinked
MarDB_GCA_003526745.1_ASM352674v1,MarDB_GCA_003602575.1_ASM360257v1,0,2.41891061,0.782254414,unlinked
MAGsDB_TARA_MED_MAG_00040,MAGsDB_TARA_IOS_MAG_00016,0,1.4166527,0.483600837,unlinked
MarDB_Alphaproteobacteria_bacterium_MarineAlpha9_Bin4,MAGsDB_PAND01,0,2.821806754,0.646673937,unlinked
MAGsDB_TARA_IOS_MAG_00001,MarDB_Synechococcus_sp_WH8016,0,1.641035227,0.646515921,unlinked
MarDB_Prochlorococcus_sp_AG-347-C10,MAGsDB_TARA_MED_MAG_00090,0,3.29119945,0.708545557,unlinked
MAGsDB_NZPK01,MarDB_Candidatus_Pelagibacter_sp_HTCC7211,0,2.671724107,0.659784139,unlinked
MAGsDB_DCWO01,MAGsDB_TARA_PSW_MAG_00018,0,2.095570447,0.642402546,unlinked
MarDB_Joostella_marina,MarDB_Thaumarchaeota_archaeon_SCGC_AAA007-O23,0,2.504264364,0.827744603,unlinked
MAGsDB_TARA_ION_MAG_00011,MAGsDB_PBVQ01,0,2.583431514,0.606498195,unlinked
MAGsDB_TARA_MED_MAG_00072,MarDB_Bacteroidetes_bacterium_MED-G17,0,2.693030974,0.67376264,unlinked
MAGsDB_TARA_PSW_MAG_00059,MAGsDB_PAQR01,0,1.375088652,0.634583333,unlinked
MAGsDB_PBDC01,MarDB_Pelagibacteraceae_bacterium_AG-325-C03,0,1.461052167,0.650154799,unlinked
MarDB_Prochlorococcus_marinus_MIT_9302,MAGsDB_NHEZ01,0,3.037925127,0.68549346,unlinked
MarDB_Prochlorococcus_sp_AG-409-G20,MAGsDB_PBGY01,0,2.995540614,0.664861613,unlinked
MAGsDB_PBGH01,MarDB_Pelagibacteraceae_bacterium_AG-426-P20,0,3.214377237,0.789473684,unlinked
MAGsDB_PATZ01,MAGsDB_DBBQ01,0,3.139077227,0.781013395,unlinked
MAGsDB_DKAI01,MAGsDB_DCCC01,0,1.402271903,0.611972438,unlinked
MAGsDB_TARA_IOS_MAG_00023,MAGsDB_PAHL01,0,2.725001427,0.647683808,unlinked
MarDB_Prochlorococcus_sp_scB241_528N17,MAGsDB_DKNZ01,0,3.061684447,0.642897889,unlinked
MAGsDB_PAMZ01,MarDB_Synechococcus_sp_CC9616,0,2.160881627,0.655259823,unlinked
MAGsDB_PBDC01,MAGsDB_TARA_PSW_MAG_00019,0,1.689797114,0.568592058,unlinked
MAGsDB_TARA_PSW_MAG_00028,MAGsDB_PAZP01,0,2.053588688,0.73857645,unlinked
MAGsDB_TARA_PON_MAG_00039,MAGsDB_NZXG01,0,1.872329304,0.591173055,unlinked
MarDB_Pelagibacteraceae_bacterium_AG-390-A23,MAGsDB_NHCC01,0,1.656652237,0.592432432,unlinked
MAGsDB_TARA_ANW_MAG_00036,MAGsDB_PBDY01,0,1.447099293,0.622355106,unlinked
MAGsDB_TARA_MED_MAG_00126,MAGsDB_PBZM01,0,2.206882227,0.695128076,unlinked
MAGsDB_PAHQ01,MAGsDB_NYVY01,0,2.570193907,0.649889381,unlinked
MarRef_Citromicrobium_sp_JL477,MarDB_GCA_003486205.1_ASM348620v1,0,2.559372525,0.652703732,unlinked
MarDB_Pelagibacteraceae_bacterium_AG-422-D23,MAGsDB_DKFX01,0,3.104112247,0.693493976,unlinked
MarDB_Prochlorococcus_sp_scB245a_520K10,MarRef_Candidatus_Pelagibacter_sp_IMCC9063,0,3.033924554,0.597084548,unlinked
MAGsDB_PBZM01,MAGsDB_TARA_ANE_MAG_00023,0,2.946865715,0.671082949,unlinked
MarDB_Prochlorococcus_sp_AG-686-J21,MAGsDB_TARA_ION_MAG_00038,0,3.357709894,0.625365283,unlinked
MAGsDB_DAIJ01,MarDB_Prochlorococcus_sp_AG-363-A16,0,2.744953227,0.816748233,unlinked
MAGsDB_PBRS01,MAGsDB_NZGF01,0,3.289180927,0.667065152,unlinked
MarDB_Albimonas_donghaensis_strain_DSM_17890,MAGsDB_PBGL02,0,2.782683771,0.823182711,unlinked
MAGsDB_TARA_ANW_MAG_00004,MarDB_Pelagibacteraceae_bacterium_AG-404-P07,0,1.695542237,0.645408163,unlinked
MarRef_Prochlorococcus_marinus_str_MIT_9215,MarDB_Prochlorococcus_sp_AG-347-K17,0,0.065252537,0.150943396,unlinked
MarDB_Pacificimonas_flava_JLT2012,MAGsDB_DHXB01,0,1.266566504,0.497318381,unlinked
MarDB_Prochlorococcus_sp_AG-424-P23,MAGsDB_DAKS01,0,3.320683227,0.789915966,unlinked
MAGsDB_PBGY01,MAGsDB_NZIJ01,0,2.539944614,0.573443008,unlinked
MAGsDB_TARA_PSE_MAG_00068,MarDB_alpha_proteobacterium_HIMB114,0,2.582867014,0.647155361,unlinked
MAGsDB_TARA_RED_MAG_00109,MAGsDB_PBGD01,0,2.548398101,0.70015536,unlinked
MAGsDB_TARA_PSE_MAG_00095,MarDB_Flavobacteriaceae_bacterium_UBA5955,0,2.741766106,0.666666667,unlinked
MarDB_Prochlorococcus_sp_AG-388-D03,MarDB_Nitrosopelagicus_sp_REDSEA-S31_B2,0,2.956257473,0.793888556,unlinked
MAGsDB_DAZE01,MAGsDB_PBTN01,0,2.755170097,0.828561329,unlinked
MAGsDB_PAHO01,MAGsDB_DAMU01,0,2.989037227,0.773153576,unlinked
MAGsDB_PBMY01,MAGsDB_PAPJ01,0,2.681251137,0.6775,unlinked
MAGsDB_TARA_PSE_MAG_00022,MAGsDB_DIIE01,0,2.053947497,0.641456583,unlinked
MAGsDB_NHCC01,MarRef_Prochlorococcus_marinus_subsp_pastoris_str_CCMP1986,0,2.916521719,0.626295947,unlinked
MAGsDB_TARA_RED_MAG_00045,MarDB_Prochlorococcus_sp_AG-311-J23,0,2.949866534,0.698849425,unlinked
MarRef_Citromicrobium_sp_JL477,MAGsDB_NHCC01,0,1.190280538,0.537888743,unlinked
MAGsDB_PAUF01,MAGsDB_TARA_ANE_MAG_00057,0,2.758067482,0.678202479,unlinked
MAGsDB_PAVR01,MarDB_Prochlorococcus_sp_scB243_498I20,0,3.225105984,0.638608305,unlinked
MAGsDB_DDEJ01,MarDB_Pelagibacteraceae_bacterium_AG-414-E02,0,1.873355209,0.596526055,unlinked
MAGsDB_DKAC01,MarDB_Prochlorococcus_sp_scB243_495L20,0,2.95019812,0.641124587,unlinked
MAGsDB_TARA_ANW_MAG_00013,MAGsDB_DLCB01,0,2.014276505,0.581926514,unlinked
MarDB_Alphaproteobacteria_bacterium_UBA3437,MAGsDB_TARA_ASW_MAG_00023,0,2.704414352,0.628498728,unlinked
MAGsDB_DIIC01,MarDB_Prochlorococcus_sp_AG-409-A10,0,2.638192227,0.652430044,unlinked
MAGsDB_NZHU01,MAGsDB_PBWV01,0,2.324864027,0.636452242,unlinked
MAGsDB_DBHK01,MarDB_Vibrio_sagamiensis_NBRC_104589,0,1.788222227,0.624957497,unlinked
MarDB_alpha_proteobacterium_SCGC_AAA536-G10,MarDB_Prochlorococcus_sp_AG-418-C09,0,2.895928227,0.670482827,unlinked
MarRef_Prochlorococcus_sp_MIT_0604,MAGsDB_TARA_RED_MAG_00052,0,3.347615341,0.652892562,unlinked
MAGsDB_TARA_ANE_MAG_00033,MarRef_Alteromonas_macleodii_str_Black_Sea_11,0,2.565936075,0.770373344,unlinked
MAGsDB_TARA_ASE_MAG_00002,MAGsDB_PAAV01,0,1.251902227,0.707801418,unlinked
MarDB_GCF_003326805.1_ASM332680v1,MAGsDB_TARA_PSW_MAG_00019,0,1.84547746,0.57602118,unlinked
MAGsDB_NZZH01,MAGsDB_TARA_ANE_MAG_00023,0,0.986896615,0.462650602,unlinked
MarDB_Prochlorococcus_sp_AG-355-N18,MAGsDB_PASR01,0,3.128561227,0.640571147,unlinked
MAGsDB_NHBR01,MAGsDB_TARA_MED_MAG_00012,0,2.844652564,0.645103324,unlinked
MarDB_Prochlorococcus_sp_AG-355-A09,MAGsDB_NZZH01,0,3.384233572,0.71592974,unlinked
MAGsDB_NZKO01,MAGsDB_PBSW01,0,2.105310414,0.826402321,unlinked
MAGsDB_TARA_RED_MAG_00025,MAGsDB_PBGO01,0,2.553114108,0.639463387,unlinked
MAGsDB_TARA_RED_MAG_00014,MarDB_Sulfitobacter_sp_HI0054,0,2.871880344,0.665844636,unlinked
MAGsDB_NZDS01,MAGsDB_TARA_PSE_MAG_00086,0,1.818497924,0.611764706,unlinked
MarDB_GCF_900473965.1_UW179A,MAGsDB_PBVL01,0,2.517436294,0.65974026,unlinked
MarDB_GCA_003545375.1_ASM354537v1,MAGsDB_PBZM01,0,2.364723814,0.678100264,unlinked
MAGsDB_TARA_ION_MAG_00004,MAGsDB_NZUZ01,0,1.82904976,0.590095714,unlinked
MAGsDB_TARA_PSW_MAG_00093,MarDB_GCA_003445215.1_ASM344521v1,0,2.055926334,0.670551671,unlinked
MAGsDB_NHCJ01,MarDB_Pseudomonas_balearica_LS401,0,0.939828591,0.560482441,unlinked
MAGsDB_TARA_MED_MAG_00047,MAGsDB_NZEC01,0,1.802854294,0.843137255,unlinked
MarRef_Sulfitobacter_sp_SK025,MAGsDB_TARA_PSW_MAG_00060,0,2.54525665,0.573940847,unlinked
MAGsDB_NZUX01,MarDB_SAR406_cluster_bacterium_SCGC_AAA160-B08,0,1.307322227,0.536219817,unlinked
MarDB_Pelagibacteraceae_bacterium_AG-404-P07,MarRef_Synechococcus_sp_RCC307,0,2.718553437,0.695876289,unlinked
MAGsDB_TARA_PSE_MAG_00046,MarDB_Proteobacteria_bacterium_UBA5953,0,2.315091316,0.622222222,unlinked
MAGsDB_DFMJ01,MarDB_Prochlorococcus_sp_AG-436-M02,0,3.26841195,0.6744907,unlinked
MAGsDB_DCWQ01,MarDB_GCA_003602535.1_ASM360253v1,0,2.808572114,0.761144744,unlinked
MarDB_Rhodobacteraceae_bacterium_REDSEA-S02_B3,MarDB_Prochlorococcus_sp_AG-347-J19,0,3.559609644,0.641638225,unlinked
MAGsDB_PBTT01,MAGsDB_PBCF01,0,1.528430635,0.574172892,unlinked
MAGsDB_PBTN01,MAGsDB_DDEL01,0,2.344061386,0.671208945,unlinked
MAGsDB_PAIE01,MAGsDB_PBHZ01,0,3.210050014,0.801475108,unlinked
MarDB_Prochlorococcus_sp_AG-409-L18,MAGsDB_NZHI01,0,0.340772227,0.348911652,unlinked
MAGsDB_DCWO01,MAGsDB_NZFK01,0,1.525802227,0.704918033,unlinked
MAGsDB_NZWJ01,MAGsDB_PBYA01,0,1.982862227,0.681449893,unlinked
MarDB_Prochlorococcus_sp_AG-402-I21,MarDB_Pelagibacteraceae_bacterium_AG-426-E17,0,3.152998237,0.612733645,unlinked
MAGsDB_NZFU01,MarDB_Prochlorococcus_sp_AG-347-O22,0,3.280053227,0.815758294,unlinked
MAGsDB_PAFS01,MAGsDB_DDEE01,0,2.833242227,0.669491525,unlinked
MAGsDB_TARA_MED_MAG_00003,MarDB_GCF_003326695.1_ASM332669v1,0,2.018388942,0.558381089,unlinked
MAGsDB_TARA_ANE_MAG_00057,MarDB_Candidatus_Pelagibacter_ubique_HTCC8051,0,2.724017462,0.596163554,unlinked
MAGsDB_TARA_RED_MAG_00033,MarDB_GCA_003331195.1_ASM333119v1,0,1.776278776,0.663331371,unlinked
MarDB_Alphaproteobacteria_bacterium_MarineAlpha5_Bin5,MAGsDB_TARA_PSW_MAG_00093,0,1.827866334,0.668470241,unlinked
MAGsDB_TARA_ASE_MAG_00006,MAGsDB_DAHJ01,0,2.070853624,0.868603643,unlinked
MAGsDB_TARA_MED_MAG_00004,MAGsDB_TARA_ANW_MAG_00032,0,3.35865213,0.666501487,unlinked
MarDB_Rhodobacteraceae_bacterium_O3.65,MAGsDB_TARA_MED_MAG_00027,0,2.814776159,0.68457406,unlinked
MarRef_Candidatus_Thioglobus_singularis,MAGsDB_DKOT01,0,2.621487914,0.614716403,unlinked
MAGsDB_TARA_MED_MAG_00021,MAGsDB_DJZM01,0,2.55001281,0.650149254,unlinked
MarDB_Candidatus_Thioglobus_sp_MED-G25,MAGsDB_TARA_PSW_MAG_00010,0,1.846241507,0.525751073,unlinked
MAGsDB_TARA_MED_MAG_00053,MarDB_GCA_003486205.1_ASM348620v1,0,2.459784517,0.803895529,unlinked
MAGsDB_TARA_ION_MAG_00023,MAGsDB_NZUQ01,0,1.925141754,0.642508449,unlinked
MarDB_Prochlorococcus_sp_AG-363-P06,MAGsDB_TARA_ANW_MAG_00004,0,2.959178227,0.632110092,unlinked
MarDB_GCA_003444075.1_ASM344407v1,MAGsDB_PAMH01,0,1.951465247,0.690241011,unlinked
MAGsDB_PBNO01,MAGsDB_NHDX01,0,3.237072527,0.712920837,unlinked
MAGsDB_PBQX02,MAGsDB_PBMB01,0,2.882591427,0.681794195,unlinked
MAGsDB_TARA_PON_MAG_00007,MarRef_Prochlorococcus_marinus_str_NATL1A,0,3.105555828,0.653402537,unlinked
MAGsDB_TARA_SOC_MAG_00012,MAGsDB_NZMK01,0,2.6787122,0.69470405,unlinked
MarDB_GCA_003533785.1_ASM353378v1,MAGsDB_DARJ01,0,2.786881604,0.791469194,unlinked
MAGsDB_PASM01,MAGsDB_TARA_RED_MAG_00037,0,2.552036449,0.703932584,unlinked
MAGsDB_DEYN01,MarRef_Pseudomonas_sp_MT-1,0,2.048889957,0.654472897,unlinked
MAGsDB_TARA_MED_MAG_00057,MAGsDB_TARA_ION_MAG_00004,0,1.91826246,0.523893805,unlinked
MarDB_Erythrobacter_citreus_LAMA_915,MAGsDB_NZED01,0,2.927819073,0.650084317,unlinked
MAGsDB_PBFG01,MarDB_Prochlorococcus_sp_AG-355-B18,0,3.039514397,0.664108619,unlinked
MAGsDB_PAHT02,MAGsDB_NZQZ01,0,2.343899727,0.575493171,unlinked
MAGsDB_PCCU01,MarDB_Alteromonas_marina_AD001,0,2.103496213,0.634127294,unlinked
MAGsDB_TARA_MED_MAG_00094,MAGsDB_PBWJ01,0,2.753199733,0.695162359,unlinked
MAGsDB_PAHT02,MAGsDB_PARX01,0,0.498530397,0.364718055,unlinked
MAGsDB_PAPF01,MAGsDB_DLRS01,0,2.720557874,0.706013363,unlinked
MAGsDB_DBSW01,MarDB_GCF_003326695.1_ASM332669v1,0,2.590655182,0.702079395,unlinked
MAGsDB_TARA_ANW_MAG_00057,MAGsDB_DIIE01,0,2.460847734,0.600493827,unlinked
MAGsDB_TARA_PSW_MAG_00059,MarDB_GCA_003447535.1_ASM344753v1,0,2.593912496,0.672760512,unlinked
MarDB_Pelagibacteraceae_bacterium_AG-422-B15,MAGsDB_TARA_PSE_MAG_00056,0,1.31599896,0.548064085,unlinked
MAGsDB_TARA_MED_MAG_00126,MarDB_Limnobacter_sp_MED105,0,1.953138027,0.658988071,unlinked
MAGsDB_TARA_ASW_MAG_00002,MAGsDB_DKQY01,0,1.84884978,0.563992042,unlinked
MarDB_Prochlorococcus_sp_AG-402-G10,MarDB_Pelagibacteraceae_bacterium_AG-430-I06,0,3.026398227,0.683505782,unlinked
MAGsDB_NZMK01,MAGsDB_DENU01,0,2.96496756,0.712901581,unlinked
MarDB_Pseudoalteromonas_sp_3D05,MAGsDB_TARA_RED_MAG_00030,0,1.729780014,0.612469005,unlinked
MAGsDB_NHDG01,MAGsDB_DLBZ01,0,1.942512227,0.5705,unlinked
MAGsDB_PATZ01,MAGsDB_TARA_ASW_MAG_00018,0,3.163015794,0.787442396,unlinked
MAGsDB_TARA_PSW_MAG_00039,MAGsDB_PBWW01,0,1.465700854,0.878478664,unlinked
MAGsDB_PBRR01,MAGsDB_DKQT01,0,1.859743374,0.633003644,unlinked
MAGsDB_DAUW01,MarDB_Pelagibacteraceae_bacterium_AG-426-M19,0,2.972638487,0.795942721,unlinked
MAGsDB_PBYE01,MAGsDB_TARA_RED_MAG_00010,0,1.964468914,0.655462185,unlinked
MAGsDB_PATA01,MAGsDB_TARA_ANW_MAG_00030,0,2.283118934,0.59807074,unlinked
MAGsDB_PAUH01,MAGsDB_PAVR01,0,2.803565424,0.808019441,unlinked
MAGsDB_TARA_PSW_MAG_00059,MAGsDB_TARA_IOS_MAG_00012,0,1.363241382,0.483516484,unlinked
MarRef_Synechococcus_sp_CC9311,MAGsDB_DIHR01,0,2.146536567,0.612035851,unlinked
MAGsDB_TARA_PSE_MAG_00089,MarRef_Muricauda_lutaonensis_strain_CC-HSB-11,0,2.706700443,0.645379777,unlinked
MAGsDB_DDIC01,MarDB_Candidatus_Pelagibacter_ubique_HTCC9022,0,2.390152207,0.621424224,unlinked
MAGsDB_NZGT01,MAGsDB_PBCW01,0,2.135730693,0.647391304,unlinked
MAGsDB_TARA_MED_MAG_00086,MAGsDB_DHZO01,0,2.39854995,0.549183592,unlinked
MarDB_Prochlorococcus_sp_AG-670-O07,MAGsDB_PBDJ01,0,2.653901267,0.703504043,unlinked
MAGsDB_PAFF01,MAGsDB_PAYZ01,0,2.810009927,0.790915164,unlinked
MarDB_Nocardioides_sp_REDSEA-S43_B3,MarDB_Glaciecola_mesophila_KMM_241,0,2.153261575,0.620315582,unlinked
MAGsDB_DBUW01,MAGsDB_NZTO01,0,1.924347274,0.649382716,unlinked
MAGsDB_TARA_RED_MAG_00003,MAGsDB_PBNV01,0,2.203796114,0.575342466,unlinked
MAGsDB_NYVP01,MAGsDB_PAEP01,0,2.220802547,0.672139559,unlinked
MAGsDB_NYVQ01,MAGsDB_TARA_PSW_MAG_00058,0,1.645149514,0.703588835,unlinked
MAGsDB_NHDV01,MAGsDB_DKQI01,0,0.906402203,0.542042042,unlinked
MAGsDB_NZUH01,MarDB_Colwellia_aestuarii_CGMCC1_6965,0,2.627578127,0.709150327,unlinked
MarDB_Prochlorococcus_sp_AG-321-D23,MAGsDB_PAQN01,0,3.052926682,0.727466667,unlinked
MAGsDB_DHXI01,MAGsDB_TARA_RED_MAG_00010,0,2.454388914,0.712847555,unlinked
MarRef_Gramella_flava_JLT2011,MarDB_Sulfitobacter_sp_HI0054,0,3.200437027,0.587655223,unlinked
MarDB_Pelagibacteraceae_bacterium_AG-349-L17,MarDB_Prochlorococcus_sp_scB243_498I20,0,3.505148237,0.654341737,unlinked
MAGsDB_TARA_ANE_MAG_00040,MarDB_Prochlorococcus_sp_AG-670-O07,0,3.3454753,0.666270784,unlinked
MarDB_Prochlorococcus_marinus_MIT_9201,MAGsDB_TARA_RED_MAG_00023,0,2.94595651,0.645533141,unlinked
MAGsDB_TARA_RED_MAG_00045,MAGsDB_PAQM01,0,2.658740534,0.655583127,unlinked
MAGsDB_PAHT02,MAGsDB_PBZV01,0,2.481617686,0.818878773,unlinked
MarDB_Ornithinimicrobium_sp_CNJ-824,MAGsDB_NZHJ01,0,2.600730817,0.693069307,unlinked
MAGsDB_PABG01,MAGsDB_NZKZ01,0,0.993752235,0.622080679,unlinked
MarDB_Prochlorococcus_sp_AG-418-F08,MAGsDB_PAHN01,0,3.208329957,0.677045177,unlinked
MAGsDB_PBAL01,MAGsDB_TARA_MED_MAG_00063,0,1.611668114,0.639136556,unlinked
MAGsDB_NZLD01,MAGsDB_TARA_RED_MAG_00043,0,2.14122361,0.691750279,unlinked
MAGsDB_PBYA01,MAGsDB_TARA_IOS_MAG_00012,0,2.232221114,0.615483319,unlinked
MAGsDB_TARA_RED_MAG_00061,MAGsDB_TARA_ANE_MAG_00029,0,2.345333562,0.704243192,unlinked
MarDB_Prochlorococcus_sp_AG-449-G23,MAGsDB_PAOV01,0,2.975538227,0.672932331,unlinked
MAGsDB_DLTN01,MAGsDB_PBLL01,0,2.126397805,0.645844953,unlinked
MarDB_Prochlorococcus_sp_AG-409-A10,MarDB_Prochlorococcus_sp_AG-355-O17,0,0.688072657,0.244089013,unlinked
MarDB_Psychrobacter_pacificensis_strain_DSM_23406,MAGsDB_PAXN01,0,1.887445826,0.565863454,unlinked
MAGsDB_PBOJ01,MAGsDB_DCYW01,0,2.616015434,0.835844995,unlinked
MAGsDB_TARA_ANW_MAG_00032,MAGsDB_PBOO01,0,3.033617362,0.669902913,unlinked
MarRef_Candidatus_Thioglobus_singularis,MarDB_Nitrosopumilus_sp_Nsub,0,2.161833572,0.801574803,unlinked
MarDB_Rhodobacteraceae_bacterium_HTCC2083,MAGsDB_NZIP01,0,3.191092227,0.639516758,unlinked
MarRef_Prochlorococcus_marinus_bv_HNLC1,MAGsDB_DDZW01,0,2.359884367,0.669795222,unlinked
MarDB_Prochlorococcus_sp_AG-363-P06,MAGsDB_TARA_MED_MAG_00060,0,3.435680074,0.795632699,unlinked
MarDB_Sphingobium_yanoikuyae_strain_UBA1832,MAGsDB_PBXC01,0,1.16892256,0.651936219,unlinked
MAGsDB_TARA_MED_MAG_00016,MarDB_Alphaproteobacteria_bacterium_MarineAlpha9_Bin3,0,0.997019914,0.298177083,unlinked
MAGsDB_DCQA01,MAGsDB_PARE01,0,1.906046007,0.652012957,unlinked
MAGsDB_TARA_PSE_MAG_00038,MAGsDB_NZRP01,0,2.737657314,0.631914894,unlinked
MAGsDB_DGJX01,MAGsDB_PAZP01,0,1.027057827,0.442023346,unlinked
MAGsDB_PCCK01,MarDB_GCF_900474295.1_UW140,0,2.648990814,0.633363069,unlinked
MAGsDB_DEAY01,MAGsDB_NZZG01,0,1.541312227,0.67148289,unlinked
MAGsDB_TARA_PSW_MAG_00068,MAGsDB_TARA_PSW_MAG_00049,0,2.502846929,0.699542782,unlinked
MAGsDB_DAFS01,MAGsDB_PBUO01,0,2.702981827,0.780691299,unlinked
MAGsDB_DDZS01,MAGsDB_PAGB01,0,0.952162227,0.587293647,unlinked
MAGsDB_TARA_MED_MAG_00065,MAGsDB_DACZ01,0,2.718945254,0.800636267,unlinked
MarDB_Prochlorococcus_sp_AG-347-J22,MAGsDB_PBTH01,0,3.328509127,0.809607499,unlinked
MarDB_Prochlorococcus_sp_AG-402-K21,MAGsDB_NZXX01,0,2.547718178,0.688736682,unlinked
MAGsDB_TARA_RED_MAG_00009,MAGsDB_PAXN01,0,2.217746064,0.620831195,unlinked
MarDB_Prochlorococcus_sp_AG-347-J19,MAGsDB_PBTW01,0,3.131849967,0.669939224,unlinked
MAGsDB_DAYH01,MAGsDB_PBCX01,0,3.156056327,0.779456193,unlinked
MarDB_Alteromonas_sp_W12,MAGsDB_TARA_RED_MAG_00009,0,2.15617084,0.708433735,unlinked
MAGsDB_DAZE01,MarDB_Prochlorococcus_sp_AG-679-M23,0,3.509159977,0.786276715,unlinked
MAGsDB_TARA_IOS_MAG_00005,MAGsDB_PBNV01,0,2.124138718,0.618666667,unlinked
MAGsDB_PBKX01,MAGsDB_DEAY01,0,2.268338627,0.692697769,unlinked
MAGsDB_NZIV01,MAGsDB_PABA01,0,1.774678227,0.625378788,unlinked
MAGsDB_PAHI01,MAGsDB_DEAP01,0,2.452721921,0.682645631,unlinked
MAGsDB_PASN01,MAGsDB_DCCG01,0,2.084582227,0.586145011,unlinked
MAGsDB_TARA_MED_MAG_00035,MAGsDB_NZIR01,0,2.9906775,0.613375796,unlinked
MarDB_Hyphomonas_sp_22II1-22F38,MarRef_Prochlorococcus_marinus_bv_HNLC1,0,3.458548287,0.644993498,unlinked
MAGsDB_DJYW01,MAGsDB_TARA_ION_MAG_00041,0,2.456613314,0.630969609,unlinked
MAGsDB_DBSX01,MarDB_Oceanicaulis_sp_HTCC2633,0,2.488687714,0.586712683,unlinked
MAGsDB_DCWH01,MarDB_Pelagibacteraceae_bacterium_AG-337-G04,0,2.307361209,0.644221106,unlinked
MarDB_Prochlorococcus_sp_AG-347-I06,MarDB_Mesonia_mobilis,0,3.253488227,0.652235966,unlinked
MarDB_Zunongwangia_mangrovi_strain_DSM_24499,MAGsDB_PBJB01,0,2.753781424,0.609577922,unlinked
MAGsDB_NZDS01,MAGsDB_TARA_PSE_MAG_00058,0,2.238830814,0.671005917,unlinked
MAGsDB_PBSH01,MAGsDB_PAAR01,0,2.003412227,0.626614987,unlinked
MAGsDB_PBKS01,MAGsDB_DEAP01,0,1.755372227,0.533432392,unlinked
MAGsDB_PAST01,MAGsDB_PBDP01,0,2.833325917,0.703860072,unlinked
MAGsDB_PBFL01,MAGsDB_NZUZ01,0,2.89897634,0.664491572,unlinked
MAGsDB_NZQZ01,MAGsDB_PAQL01,0,2.386214016,0.650436047,unlinked
MAGsDB_PAAY01,MarDB_Spongiibacter_tropicus,0,2.185778141,0.609619687,unlinked
MarDB_Prochlorococcus_sp_AG-402-L18,MAGsDB_TARA_ANE_MAG_00014,0,2.868603514,0.624183007,unlinked
MAGsDB_DEWY01,MAGsDB_DLQI01,0,0.958072227,0.492385787,unlinked
MAGsDB_NZYO01,MarDB_Alcanivorax_sp_P2S70,0,1.189022727,0.598190045,unlinked
MAGsDB_DCXM01,MAGsDB_PBXC01,0,1.757892727,0.608304498,unlinked
MarDB_Pelagibacteraceae_bacterium_AG-345-O09,MarDB_Prochlorococcus_sp_AG-347-O22,0,3.522258237,0.689869484,unlinked
MarDB_Synechococcus_sp_WH8016,MAGsDB_DKQR01,0,2.300225303,0.688608777,unlinked
MarDB_GCA_003331925.1_ASM333192v1,MAGsDB_DIHQ01,0,3.235795716,0.654216186,unlinked
MarDB_GCF_003576595.1_ASM357659v1,MAGsDB_TARA_RED_MAG_00031,0,2.28893827,0.712322695,unlinked
MarDB_Vibrio_sp_10N_286_48_B8,MAGsDB_TARA_PSE_MAG_00053,0,2.631676824,0.748364888,unlinked
MAGsDB_PAHO01,MarRef_Chromohalobacter_salexigens_DSM_3043,0,2.539219327,0.694721299,unlinked
MAGsDB_TARA_RED_MAG_00042,MAGsDB_NYTS01,0,2.007565634,0.708574181,unlinked
MarDB_GCF_003386165.1_ASM338616v1,MarRef_alpha_proteobacterium_HIMB59,0,3.074695234,0.639814815,unlinked
MarDB_Ornithinimicrobium_sp_CNJ-824,MarDB_Marine_group_II_euryarchaeote_REDSEA-S11_B3N4,0,2.881426297,0.804389313,unlinked
MAGsDB_PCCK01,MAGsDB_TARA_PSW_MAG_00060,0,1.139402227,0.4432,unlinked
MarDB_Synechococcus_sp_AG-673-F03,MarDB_Prochlorococcus_sp_AG-355-O17,0,0.929262657,0.376927822,unlinked
MAGsDB_DCQX01,MAGsDB_DAXQ01,0,2.216166304,0.834029228,unlinked
MarDB_Hyphomonas_sp_22II1-22F38,MAGsDB_TARA_PON_MAG_00006,0,2.350132034,0.574152542,unlinked
MAGsDB_DBIA01,MAGsDB_PAZC01,0,1.80414976,0.647627821,unlinked
MAGsDB_DDZT01,MarDB_Rhodobacteraceae_bacterium_Water-Bin34_strain_Water_Bin34,0,2.689012178,0.651821862,unlinked
MAGsDB_DDDN01,MAGsDB_TARA_MED_MAG_00005,0,2.226621396,0.651790348,unlinked
MAGsDB_TARA_PSW_MAG_00039,MAGsDB_DJZA01,0,1.895356524,0.808767471,unlinked
MarDB_Rhodobacteraceae_bacterium_Water-Bin34_strain_Water_Bin34,MAGsDB_TARA_MED_MAG_00083,0,1.065168114,0.499745806,unlinked
MAGsDB_DAPT01,MarDB_Prochlorococcus_sp_AG-355-G23,0,3.358276527,0.788228505,unlinked
MAGsDB_DCXP01,MAGsDB_NYWG01,0,2.240363627,0.644899701,unlinked
MAGsDB_TARA_ANW_MAG_00012,MAGsDB_NZPQ01,0,1.518450034,0.531929348,unlinked
MAGsDB_TARA_ANW_MAG_00004,MAGsDB_PABC01,0,2.287887349,0.657263752,unlinked
MAGsDB_PACZ01,MAGsDB_PABA01,0,2.267252237,0.561937716,unlinked
MarDB_Prochlorococcus_sp_AG-363-A16,MAGsDB_NYWV01,0,2.562389427,0.660842754,unlinked
MAGsDB_PCBC01,MAGsDB_TARA_PSW_MAG_00090,0,2.6325128,0.715985848,unlinked
MAGsDB_DLRL01,MarRef_Prochlorococcus_marinus_str_MIT_9303,0,2.030602772,0.643305945,unlinked
MAGsDB_PBYB01,MarDB_Pseudomonas_sp_MT5,0,1.171197672,0.489086732,unlinked
MAGsDB_NHCB01,MAGsDB_DFRK01,0,1.897542227,0.622260421,unlinked
MAGsDB_PADF01,MarDB_Prochlorococcus_sp_AG-418-K17,0,3.333280597,0.80861244,unlinked
MAGsDB_NZEC01,MAGsDB_DEAT01,0,2.077645775,0.812731768,unlinked
MarDB_Prochlorococcus_sp_AG-418-I20,MAGsDB_NYVR01,0,2.764591227,0.65550482,unlinked
MarDB_Alphaproteobacteria_bacterium_MarineAlpha5_Bin12,MAGsDB_DLRJ01,0,2.625215227,0.658064516,unlinked
MAGsDB_PBKS01,MAGsDB_PBYI01,0,1.893362227,0.698539177,unlinked
MAGsDB_TARA_PSE_MAG_00068,MAGsDB_PBOA01,0,2.314956814,0.656938326,unlinked
MAGsDB_PBEC01,MarDB_GCF_003576595.1_ASM357659v1,0,2.483229094,0.642886598,unlinked
MarDB_Prochlorococcus_sp_AG-402-B05,MAGsDB_PAQG01,0,2.496677627,0.677635248,unlinked
MarDB_Prochlorococcus_sp_AG-321-D23,MAGsDB_PABC01,0,2.795921803,0.718768502,unlinked
MAGsDB_NZPK01,MAGsDB_NZXW01,0,2.540194127,0.641421393,unlinked
MAGsDB_DBTA01,MarDB_Candidatus_Pelagibacter_ubique_HIMB058,0,2.870531067,0.643629808,unlinked
MAGsDB_NHEU01,MAGsDB_NZOF01,0,2.031877944,0.590031432,unlinked
MAGsDB_DEWY01,MAGsDB_DAPT01,0,2.697860527,0.79771615,unlinked
MAGsDB_DDEF01,MarDB_Prochlorococcus_marinus_MIT_1342,0,2.649018508,0.662092624,unlinked
MAGsDB_PATC01,MarDB_SAR116_cluster_bacterium_MED-G06,0,2.424216027,0.829557713,unlinked
MAGsDB_TARA_PSW_MAG_00011,MarDB_Pseudoalteromonas_sp_13_15,0,1.217131349,0.551781971,unlinked
MAGsDB_DCWS01,MarRef_Prochlorococcus_marinus_str_MIT_9303,0,1.932177254,0.637463496,unlinked
MAGsDB_DIIG01,MarDB_GCA_003331605.1_ASM333160v1,0,2.567761814,0.677192982,unlinked
MAGsDB_TARA_MED_MAG_00126,MarDB_Pelagibacteraceae_bacterium_AG-337-G06,0,2.324252127,0.67402096,unlinked
MAGsDB_TARA_PON_MAG_00039,MAGsDB_PCAK01,0,1.852679304,0.620332883,unlinked
MAGsDB_TARA_ION_MAG_00005,MarRef_Candidatus_Thioglobus_singularis_PS1,0,1.157008347,0.574684575,unlinked
MAGsDB_PAQU01,MAGsDB_TARA_ANE_MAG_00043,0,2.512904153,0.655811342,unlinked
MAGsDB_DKGH01,MAGsDB_PAYI01,0,2.413500433,0.618041237,unlinked
MAGsDB_TARA_ANW_MAG_00001,MarDB_Synechococcus_sp_RS9916,0,2.378188227,0.613053613,unlinked
MarDB_Prochlorococcus_sp_AG-388-E21,MAGsDB_TARA_RED_MAG_00061,0,2.756136482,0.655870445,unlinked
MAGsDB_PBNM01,MAGsDB_NZEC01,0,2.122921317,0.796503497,unlinked
MarDB_Vibrio_sp_10N_286_48_B8,MAGsDB_TARA_MED_MAG_00027,0,2.214032859,0.723232323,unlinked
MarDB_Pelagibacteraceae_bacterium_AG-349-O05,MAGsDB_TARA_PSE_MAG_00011,0,2.345836404,0.582054309,unlinked
MAGsDB_TARA_IOS_MAG_00005,MarDB_GCA_003539805.1_ASM353980v1,0,2.283984454,0.635373639,unlinked
MarDB_Vibrio_caribbenthicus_ATCC_BAA2122,MarDB_marine_actinobacterium_MedAcidiG1,0,2.330642527,0.722380613,unlinked
MAGsDB_PAHB01,MarDB_Nitrosopumilus_sp_Nsub,0,2.004257996,0.835630965,unlinked
MarRef_Synechococcus_sp_KORDI-49,MAGsDB_PBIY01,0,2.485738983,0.693656524,unlinked
MarDB_Pseudoalteromonas_lipolytica_strain_CSB02KR,MarDB_Pelagibacteraceae_bacterium_AG-390-O04,0,2.335478233,0.694815397,unlinked
MarRef_Halomonas_sp_SF2003_MMP08773154,MarDB_Colwellia_polaris_MCCC1C00015,0,0.803124608,0.432897454,unlinked
MAGsDB_PBUF01,MAGsDB_PBEB01,0,2.255737327,0.658430863,unlinked
MAGsDB_TARA_MED_MAG_00055,MarDB_Prochlorococcus_sp_AG-363-N20,0,2.278449545,0.680072029,unlinked
MAGsDB_TARA_RED_MAG_00053,MarDB_Idiomarina_baltica,0,2.431165271,0.748267898,unlinked
MAGsDB_TARA_MED_MAG_00066,MAGsDB_DAZU01,0,2.738136984,0.803349876,unlinked
MAGsDB_TARA_ANE_MAG_00001,MarDB_Prochlorococcus_sp_AG-363-O06,0,2.602400714,0.680896478,unlinked
MarDB_GCF_003788635.1_ASM378863v1,MAGsDB_TARA_IOS_MAG_00004,0,2.01465266,0.549454829,unlinked
MarDB_Thalassobium_sp_strain_NORP79,MarDB_Rhodobacteraceae_bacterium_MED-G08,0,2.491868097,0.611153263,unlinked
MAGsDB_DCXP01,MAGsDB_TARA_RED_MAG_00034,0,1.941401944,0.528162512,unlinked
MAGsDB_PAIS01,MAGsDB_DENU01,0,2.944074774,0.697459584,unlinked
MAGsDB_DBNJ01,MAGsDB_NYVM01,0,1.938275143,0.61970684,unlinked
MAGsDB_TARA_PSE_MAG_00023,MAGsDB_PAUB01,0,1.687360404,0.575718016,unlinked
MAGsDB_TARA_MED_MAG_00039,MarDB_Prochlorococcus_sp_AG-311-J23,0,2.962001027,0.675458716,unlinked
MAGsDB_PACX01,MAGsDB_DFMJ01,0,3.13856125,0.624142661,unlinked
MarDB_Microbacteriaceae_bacterium_strain_strain_Alg239_V181,MAGsDB_PBSW01,0,2.374570357,0.804060018,unlinked
MAGsDB_PBHZ01,MAGsDB_PBWW01,0,2.229515854,0.649799197,unlinked
MAGsDB_TARA_MED_MAG_00002,MAGsDB_PBWV01,0,2.023473271,0.535714286,unlinked
MarDB_alpha_proteobacterium_SCGC_AAA536-G10,MAGsDB_DHXB01,0,1.556776504,0.584962406,unlinked
MarRef_Prochlorococcus_marinus_bv_HNLC1,MAGsDB_DIIC01,0,2.835878367,0.643032989,unlinked
MAGsDB_PAMZ01,MarRef_Zunongwangia_profunda_SM-A87,0,2.413921127,0.583056478,unlinked
MAGsDB_TARA_MED_MAG_00094,MarDB_Oceanicaulis_sp_HTCC2633,0,2.678061214,0.636183885,unlinked
MAGsDB_NZGC01,MAGsDB_TARA_PSW_MAG_00057,0,2.764438658,0.810289389,unlinked
MAGsDB_TARA_ANE_MAG_00033,MAGsDB_DDIH01,0,2.78685364,0.69047619,unlinked
MAGsDB_PBKU01,MarRef_Synechococcus_sp_CC9311,0,2.240118227,0.642497904,unlinked
MAGsDB_NZGH01,MAGsDB_TARA_ANE_MAG_00035,0,1.527728554,0.572033898,unlinked
ProGenomes_575788_PRJEA32815,MAGsDB_PASP01,0,2.122402535,0.593811075,unlinked
MAGsDB_PAIS01,MAGsDB_TARA_MED_MAG_00015,0,2.183002227,0.612396333,unlinked
MarDB_Roseivirga_spongicola_UST030701-084,MAGsDB_PBTP01,0,2.293462827,0.593190746,unlinked
MAGsDB_TARA_RED_MAG_00021,MAGsDB_NZPQ01,0,2.483477344,0.827376939,unlinked
MAGsDB_NYVM01,MAGsDB_TARA_ANE_MAG_00029,0,2.396535308,0.647651007,unlinked
MAGsDB_TARA_PSE_MAG_00041,MarDB_GCF_900474295.1_UW140,0,2.6121106,0.67494824,unlinked
MarDB_Prochlorococcus_sp_AG-388-F11,MAGsDB_PBRZ01,0,2.386048727,0.68691796,unlinked
MarDB_Prochlorococcus_marinus_GP2,MAGsDB_PBFB01,0,3.108342814,0.663280853,unlinked
MarDB_Pelagibacteraceae_bacterium_AG-390-L03,MarDB_Rhodobacteraceae_bacterium_REDSEA-S34_B6,0,2.366363942,0.516046867,unlinked
MarDB_GCA_003529565.1_ASM352956v1,MAGsDB_TARA_PSW_MAG_00060,0,2.206876615,0.630755064,unlinked
MAGsDB_PAQM01,MAGsDB_PBHR01,0,2.823594027,0.761561562,unlinked
MarRef_Gramella_flava_JLT2011,MarDB_Candidatus_Pelagibacter_ubique_SCGC_AAA795-D22,0,3.214497037,0.692905734,unlinked
MAGsDB_PAZL01,MAGsDB_DDEI01,0,1.018352227,0.401978973,unlinked
MarDB_Oceanicola_sp_22II-s11g,MAGsDB_TARA_PSW_MAG_00054,0,3.034914354,0.712394705,unlinked
MAGsDB_NYSL01,MAGsDB_PBGH01,0,3.408137027,0.766816143,unlinked
MAGsDB_DIIC01,MarDB_Psychrobacter_sp_TB15,0,1.000628047,0.55222565,unlinked
MarRef_Prochlorococcus_marinus_AS9601,MarDB_Pseudomonas_oleovorans_MGY01,0,2.852752993,0.696979539,unlinked
MarDB_Methylophilales_bacterium_HTCC2181,MAGsDB_PARG01,0,2.228876654,0.626593807,unlinked
MAGsDB_DLRN01,MAGsDB_NYVZ01,0,1.363642227,0.586717892,unlinked
MAGsDB_DBHP01,MAGsDB_NZUQ01,0,1.970193169,0.655919395,unlinked
MAGsDB_NZKE01,MAGsDB_PAIY01,0,2.297192469,0.717813765,unlinked
MarDB_Candidatus_Thioglobus_sp_REDSEA-S12_B1,MarDB_Candidatus_Pelagibacter_ubique_SCGC_AAA795-D22,0,2.449882237,0.56998739,unlinked
MAGsDB_DJIP01,MAGsDB_NZED01,0,2.441761454,0.680821918,unlinked
MAGsDB_DDFN01,MarDB_Prochlorococcus_sp_AG-347-L21,0,3.159383624,0.671184739,unlinked
MAGsDB_DDFN01,MAGsDB_DBHK01,0,2.508457624,0.635574837,unlinked
MarDB_Prochlorococcus_sp_AG-402-O16,MarDB_Prochlorococcus_sp_AG-347-I06,0,0.033672227,0.140014738,unlinked
MAGsDB_TARA_ION_MAG_00011,MarRef_Euzebyella_marina,0,2.61288652,0.661964981,unlinked
MarDB_Pseudoalteromonas_sp_SCSIO_11900,MarRef_Pseudomonas_sp_MT-1,0,0.848483421,0.429674387,unlinked
MAGsDB_TARA_ASW_MAG_00018,MAGsDB_PBWW01,0,2.45615942,0.810364465,unlinked
MarDB_Pelagibacteraceae_bacterium_AG-345-F21,MAGsDB_NZTV01,0,2.813172167,0.722279793,unlinked
MAGsDB_TARA_PSE_MAG_00041,MAGsDB_DGPT01,0,3.017372014,0.685553854,unlinked
MAGsDB_TARA_ANE_MAG_00054,MarDB_Hyphomonas_sp_CY54-11-8,0,2.779653124,0.70441989,unlinked
MAGsDB_TARA_MED_MAG_00024,MAGsDB_DKQR01,0,2.213433446,0.680911681,unlinked
MAGsDB_DDDN01,MarDB_Acidimicrobiales_bacterium_AG-414-N20,0,2.65376361,0.645256917,unlinked
MAGsDB_TARA_MED_MAG_00095,MarDB_Pelagibacteraceae_bacterium_AG-426-G02,0,3.127147854,0.789164491,unlinked
MAGsDB_DAMU01,MAGsDB_PBGL02,0,1.163781471,0.354596623,unlinked
MAGsDB_TARA_PSW_MAG_00023,MAGsDB_DFRF01,0,2.323646094,0.659044508,unlinked
MAGsDB_TARA_PSE_MAG_00053,MAGsDB_TARA_RED_MAG_00011,0,2.45515219,0.681532004,unlinked
MarDB_GCA_003331305.1_ASM333130v1,MAGsDB_DHXB01,0,3.000348077,0.638418079,unlinked
MAGsDB_DEAI01,MAGsDB_DHXB01,0,2.517746504,0.667219458,unlinked
MAGsDB_DGPN01,MarDB_Glaciecola_mesophila_KMM_241,0,2.649916497,0.671816127,unlinked
MAGsDB_TARA_MED_MAG_00076,MAGsDB_NZJW01,0,2.132920684,0.608135593,unlinked
MarDB_Erythrobacter_sp_EhN03,MAGsDB_PAQF01,0,2.473391502,0.628046344,unlinked
MAGsDB_DIHT01,MarDB_Pelagibacteraceae_bacterium_AG-414-M23,0,2.678687657,0.661199385,unlinked
MarDB_Nocardioides_sp_REDSEA-S43_B3,MAGsDB_PBPL01,0,1.684577905,0.624807988,unlinked
MAGsDB_NZSA01,MAGsDB_NZNV01,0,2.448002727,0.640988893,unlinked
MAGsDB_TARA_PSW_MAG_00100,MAGsDB_TARA_ANW_MAG_00031,0,2.96262068,0.699342826,unlinked
MarDB_Colwellia_aestuarii_CGMCC1_6965,MarDB_GCF_003814515.1_ASM381451v1,0,1.796275014,0.66137931,unlinked
MarDB_Synechococcus_sp_AG-679-B05,MAGsDB_DLRY01,0,2.261093188,0.656456173,unlinked
MAGsDB_PBAS01,MarDB_Candidatus_Pelagibacter_HTCC1002,0,2.619749213,0.641462193,unlinked
MAGsDB_TARA_PSW_MAG_00012,MarDB_Pseudoalteromonas_sp_H71,0,2.501070617,0.605644845,unlinked
MAGsDB_PAHT02,MAGsDB_DBTD01,0,2.328198377,0.576047904,unlinked
MAGsDB_PBKS01,MAGsDB_PAQR01,0,2.457948384,0.746930693,unlinked
MAGsDB_TARA_PSE_MAG_00053,MAGsDB_PABA01,0,2.301560124,0.692739671,unlinked
MAGsDB_TARA_ION_MAG_00023,MarDB_Oceanicaulis_sp_HTCC2633,0,2.252384414,0.532512505,unlinked
MAGsDB_PAPS01,MAGsDB_PASN01,0,2.351062227,0.583502024,unlinked
MAGsDB_TARA_ION_MAG_00047,MAGsDB_NYZE01,0,2.294809914,0.639143731,unlinked
MAGsDB_NHCT01,MAGsDB_NYVZ01,0,2.567499327,0.65786385,unlinked
MAGsDB_TARA_ASW_MAG_00002,MAGsDB_DAFJ01,0,2.482383192,0.812474521,unlinked
MarRef_Prochlorococcus_marinus_str_MIT_9303,MAGsDB_PAAF01,0,2.40950158,0.663,unlinked
MAGsDB_TARA_ANW_MAG_00004,MAGsDB_DFOS01,0,1.366292227,0.570840951,unlinked
MarDB_Prochlorococcus_sp_scB243_495K23,MAGsDB_NZOB01,0,3.438282146,0.693105552,unlinked
MarDB_Prochlorococcus_sp_AG-402-N08,MAGsDB_PATA01,0,3.349360427,0.650196519,unlinked
MarRef_Idiomarina_loihiensis_L2TR,MarDB_GCF_003576595.1_ASM357659v1,0,1.259139469,0.509870919,unlinked
MarDB_Prochlorococcus_sp_AG-402-G06,MAGsDB_DKOK01,0,3.084983524,0.688992429,unlinked
MarDB_Prochlorococcus_sp_AG-388-A01,MarDB_Prochlorococcus_sp_AG-402-K10,0,0.098402227,0.176514032,unlinked
MAGsDB_DBHP01,MAGsDB_PATC01,0,2.759374129,0.787692308,unlinked
MAGsDB_PAXU01,MAGsDB_PBKG01,0,2.125752227,0.616646166,unlinked
MAGsDB_DEAT01,MarRef_alpha_proteobacterium_HIMB5,0,2.573748935,0.606128134,unlinked
MAGsDB_TARA_RED_MAG_00025,MAGsDB_DCPZ01,0,2.981514414,0.649568309,unlinked
MAGsDB_TARA_RED_MAG_00055,MarDB_SAR116_cluster_bacterium_AG-426-I14,0,2.600319224,0.815336463,unlinked
MAGsDB_DKAC01,MAGsDB_DBHQ01,0,2.293833311,0.681531342,unlinked
MAGsDB_PBRP01,MAGsDB_PBAR01,0,2.317932303,0.655285891,unlinked
MAGsDB_PBPC01,MAGsDB_PACG01,0,1.592588465,0.648981525,unlinked
MAGsDB_NZOB01,MAGsDB_PBOV01,0,2.843197227,0.713383113,unlinked
MAGsDB_NZMK01,MAGsDB_DEAI01,0,2.370155014,0.712244898,unlinked
MAGsDB_DGCG01,MAGsDB_DEZT01,0,2.143475184,0.698552771,unlinked
MarDB_Prochlorococcus_marinus_SB,MAGsDB_TARA_MED_MAG_00094,0,2.862010144,0.658452722,unlinked
MAGsDB_DKPX01,MAGsDB_DBBQ01,0,2.277672227,0.644934804,unlinked
MarDB_Prochlorococcus_sp_AG-363-P06,MAGsDB_TARA_PSE_MAG_00095,0,3.047755314,0.684082031,unlinked
MAGsDB_PBMY01,MAGsDB_DEYU01,0,2.457545543,0.643129771,unlinked
MarDB_Salegentibacter_mishustinae_strain_DSM_23404_1,MAGsDB_PBTH01,0,3.071866347,0.794920939,unlinked
MAGsDB_TARA_MED_MAG_00131,MAGsDB_PBDJ01,0,0.564815937,0.441710603,unlinked
MAGsDB_PAKE01,MAGsDB_PAAX01,0,1.284462227,0.635084428,unlinked
MAGsDB_PANZ01,MAGsDB_TARA_PSW_MAG_00071,0,2.187571687,0.684059359,unlinked
MarDB_Colwellia_aestuarii_CGMCC1_6965,MAGsDB_DALZ01,0,2.543651727,0.835632184,unlinked
MAGsDB_NZZH01,MarDB_Oceanobacter_sp_strain_NORP38,0,2.779183127,0.716488223,unlinked
MAGsDB_NHEU01,MarDB_Spongiibacter_tropicus,0,2.098031328,0.609308284,unlinked
MarDB_Maribacter_sp_SDRB-Phe2,MAGsDB_TARA_PSW_MAG_00067,0,0.936447114,0.53414406,unlinked
MAGsDB_NYVG01,MAGsDB_DGPN01,0,2.955995207,0.616519174,unlinked
MarDB_Prochlorococcus_sp_AG-347-C10,MarDB_Prochlorococcus_sp_AG-388-A01,0,0.067330714,0.286253776,unlinked
MarDB_GCA_003331425.1_ASM333142v1,MarDB_Prochlorococcus_sp_AG-347-I21,0,2.937132016,0.778781038,unlinked
MAGsDB_PAZJ01,MAGsDB_PBOV01,0,2.143521327,0.656925774,unlinked
MarDB_Prochlorococcus_sp_AG-363-C02,MAGsDB_NZUK01,0,2.975148627,0.685534591,unlinked
MarDB_Synechococcus_sp_AG-670-A05,MAGsDB_PASP01,0,2.356570027,0.657883369,unlinked
MarDB_Prochlorococcus_sp_AG-402-A04,MAGsDB_PBOO01,0,3.029707615,0.683818971,unlinked
MAGsDB_TARA_RED_MAG_00044,MarDB_Candidatus_Pelagibacter_ubique_HTCC8051,0,3.076641894,0.690863579,unlinked
MAGsDB_PAUH01,MAGsDB_DDIN01,0,2.984527667,0.808707124,unlinked
MAGsDB_NYXD01,MAGsDB_PAQX01,0,2.440442303,0.705912334,unlinked
MAGsDB_NZQZ01,MarDB_Prochlorococcus_sp_AG-676-L21,0,2.968732157,0.713492063,unlinked
MAGsDB_DDZT01,MAGsDB_TARA_IOS_MAG_00017,0,2.905176825,0.632466281,unlinked
MAGsDB_PBAE01,MarDB_Pacificimonas_flava_JLT2012,0,2.22087237,0.619891679,unlinked
MarDB_Prochlorococcus_sp_AG-402-I21,MarDB_Prochlorococcus_sp_AG-347-O22,0,0.664122227,0.245014245,unlinked
MarDB_Candidatus_Pelagibacter_ubique_SCGC_AAA795-F16,MAGsDB_DKAI01,0,2.173261913,0.68125,unlinked
MAGsDB_NZXX01,MarDB_Pelagibacteraceae_bacterium_AG-414-E02,0,2.30201746,0.731385108,unlinked
MAGsDB_DAZE01,MarDB_Synechococcus_sp_WH_8109,0,2.913663202,0.791645441,unlinked
MAGsDB_TARA_RED_MAG_00109,MAGsDB_PAFS01,0,1.908417701,0.529219261,unlinked
MarDB_Idiomarina_zobellii,MAGsDB_PBKH01,0,2.111416055,0.637201508,unlinked
MAGsDB_PAMZ01,MarDB_OM182_bacterium_MED-G28,0,1.980842227,0.641385357,unlinked
MAGsDB_TARA_PSE_MAG_00001,MarDB_Colwellia_aestuarii_CGMCC1_6965,0,1.959228827,0.585719464,unlinked
MAGsDB_PAHD01,MarDB_Williamsia_marianensis_strain_DSM_44944,0,2.274103514,0.700950021,unlinked
MAGsDB_TARA_RED_MAG_00034,MarDB_OM182_bacterium_MED-G28,0,1.949991944,0.567605634,unlinked
MarDB_Prochlorococcus_marinus_SB,MAGsDB_PAHZ01,0,3.383678157,0.680381634,unlinked
MAGsDB_DJYW01,MAGsDB_PBYU01,0,0.815852227,0.461504228,unlinked
MAGsDB_DEAY01,MAGsDB_DBAN01,0,0.513799249,0.465393795,unlinked
MAGsDB_NZHK01,MAGsDB_DAKS01,0,2.838768027,0.741758242,unlinked
MAGsDB_PAFF01,MarDB_Marinomonas_sp_Cmf_18.22,0,2.255842227,0.743380062,unlinked
MarDB_Pelagibacteraceae_bacterium_AG-410-B18,MAGsDB_PAOV01,0,2.858603827,0.685248131,unlinked
ProGenomes_1235558_PRJNA175917,MarDB_Prochlorococcus_sp_AG-355-N16,0,2.851104727,0.689843217,unlinked
MAGsDB_TARA_MED_MAG_00035,MarDB_Candidatus_Pelagibacter_ubique_HIMB083,0,3.158670624,0.636578171,unlinked
MarDB_marine_gamma_proteobacterium_HTCC2143,MAGsDB_PBKH01,0,1.993782227,0.621193666,unlinked
MAGsDB_TARA_PSE_MAG_00089,MarDB_GCF_003730275.1_ASM373027v1,0,2.920214309,0.620396601,unlinked
MAGsDB_DATW01,MAGsDB_TARA_PON_MAG_00039,0,2.763466819,0.805038335,unlinked
MAGsDB_NYXD01,MarDB_marine_gamma_proteobacterium_HTCC2080,0,2.651492227,0.685854529,unlinked
MAGsDB_DBTD01,MarRef_Candidatus_Thioglobus_singularis_PS1,0,1.13131184,0.561888558,unlinked
MAGsDB_NYSO01,MAGsDB_TARA_ION_MAG_00066,0.831113696,3.239147194,0.940731707,positive assoc.
MAGsDB_PAVY01,MAGsDB_TARA_ION_MAG_00044,0.701311458,2.83931808,0.860374919,positive assoc.
MAGsDB_NHGT01,MAGsDB_TARA_ION_MAG_00045,0.628377147,2.5041713,0.703629032,positive assoc.
MAGsDB_NHGT01,MAGsDB_TARA_ION_MAG_00043,0.594267003,1.04370572,0.531746032,positive assoc.
MAGsDB_DLRY01,MAGsDB_TARA_ION_MAG_00056,0.864802652,0.166866267,0.342627014,positive assoc.
MAGsDB_NHGT01,MAGsDB_TARA_IOS_MAG_00016,0.792160324,1.4628109,0.541757444,positive assoc.
MAGsDB_NZFP01,MAGsDB_TARA_IOS_MAG_00012,0.587519953,0.269631114,0.214341387,positive assoc.
MAGsDB_TARA_ION_MAG_00023,MAGsDB_TARA_ION_MAG_00066,0.759420395,2.68703388,0.921093149,positive assoc.
MAGsDB_PBIQ01,MAGsDB_TARA_IOS_MAG_00011,0.966078355,0.805819677,0.441155235,positive assoc.
MAGsDB_PAML01,MAGsDB_TARA_IOS_MAG_00012,0.800655246,0.3214406,0.469502408,positive assoc.
MAGsDB_PBVS01,MAGsDB_TARA_IOS_MAG_00015,0.712276065,1.731179797,0.57337884,positive assoc.
MAGsDB_PBCY01,MAGsDB_TARA_IOS_MAG_00012,0.877564013,1.178631114,0.385307346,positive assoc.
MAGsDB_PBAJ01,MAGsDB_TARA_ION_MAG_00066,0.803875685,3.34913776,0.929476452,positive assoc.
MAGsDB_DAOJ01,MAGsDB_TARA_ION_MAG_00043,0.700366735,2.877594934,0.810448761,positive assoc.
MAGsDB_NZSK01,MAGsDB_TARA_ION_MAG_00017,0.619616908,2.98935497,0.755970924,positive assoc.
MAGsDB_PBWZ01,MAGsDB_TARA_ION_MAG_00038,0.825255724,3.331016474,0.723134328,positive assoc.
MAGsDB_NYVP01,MAGsDB_TARA_ION_MAG_00038,0.679518282,2.592100334,0.658949746,positive assoc.
MAGsDB_NHEX01,MAGsDB_TARA_ION_MAG_00035,0.910325406,1.327054954,0.548650859,positive assoc.
MAGsDB_PBXV01,MAGsDB_TARA_ION_MAG_00024,0.925122635,0.113079721,0.596244131,positive assoc.
MAGsDB_PBXS01,MAGsDB_TARA_ION_MAG_00018,0.819206663,1.511597498,0.683737646,positive assoc.
MAGsDB_TARA_ANW_MAG_00031,MAGsDB_TARA_ION_MAG_00017,0.718246102,2.24872894,0.574090506,positive assoc.
MAGsDB_PBUF01,MAGsDB_TARA_ION_MAG_00017,0.668304418,1.060108574,0.427363184,positive assoc.
MAGsDB_PARE01,MAGsDB_TARA_ION_MAG_00017,0.687834457,2.098737254,0.559832636,positive assoc.
MAGsDB_NZGX01,MAGsDB_TARA_ION_MAG_00017,0.777954161,2.094410474,0.593358999,positive assoc.
MAGsDB_NHGO01,MAGsDB_TARA_ION_MAG_00017,0.668138385,1.043704474,0.544994944,positive assoc.
MAGsDB_NYVP01,MAGsDB_TARA_ION_MAG_00007,0.840539813,1.655345634,0.574619289,positive assoc.
MAGsDB_NZFP01,MAGsDB_TARA_IOS_MAG_00020,0.846235758,0.54519576,0.195103858,positive assoc.
MAGsDB_DALZ01,MAGsDB_TARA_ASW_MAG_00011,0.670334637,0.63449298,0.310077519,positive assoc.
MAGsDB_DCBW01,MAGsDB_TARA_ASW_MAG_00008,0.884456737,2.913868692,0.616209774,positive assoc.
MAGsDB_DAMG01,MAGsDB_TARA_ION_MAG_00043,0.674901492,2.893331454,0.766049383,positive assoc.
MAGsDB_PBOO01,MAGsDB_TARA_IOS_MAG_00020,0.641635067,2.713469148,0.629199756,positive assoc.
MAGsDB_NZPU01,MAGsDB_TARA_MED_MAG_00103,0.694453955,2.222754444,0.617710583,positive assoc.
MAGsDB_PARL01,MAGsDB_TARA_IOS_MAG_00024,0.598801196,2.276651234,0.641767068,positive assoc.
MAGsDB_PAER01,MAGsDB_TARA_ASE_MAG_00032,0.697885225,2.6015912,0.934083099,positive assoc.
MAGsDB_NYXT01,MAGsDB_TARA_MED_MAG_00112,0.605984628,3.011598543,0.748974569,positive assoc.
MAGsDB_NZWG01,MAGsDB_TARA_MED_MAG_00112,0.627299249,2.337834357,0.645692884,positive assoc.
MAGsDB_NHHC01,MAGsDB_TARA_MED_MAG_00112,0.789422899,3.208407583,0.693965517,positive assoc.
MAGsDB_PCAE01,MAGsDB_TARA_MED_MAG_00110,0.807837903,0.78810398,0.6344294,positive assoc.
MAGsDB_PBXS01,MAGsDB_TARA_MED_MAG_00110,0.684244141,1.20067892,0.617357002,positive assoc.
MAGsDB_PBVJ01,MAGsDB_TARA_MED_MAG_00103,0.689292355,2.885294028,0.665320254,positive assoc.
MAGsDB_DEBO01,MAGsDB_TARA_MED_MAG_00103,0.80498495,0.001557024,0.286425903,positive assoc.
MAGsDB_PAHQ01,MAGsDB_TARA_MED_MAG_00097,0.905502664,3.029056014,0.71140553,positive assoc.
MAGsDB_PAUD01,MAGsDB_TARA_MED_MAG_00084,0.781003773,1.4144932,0.566006601,positive assoc.
MAGsDB_NZSQ01,MAGsDB_TARA_MED_MAG_00084,0.659377612,0.5559242,0.522666667,positive assoc.
MAGsDB_NZXB01,MAGsDB_TARA_MED_MAG_00076,0.887682315,2.688980684,0.594298246,positive assoc.
MAGsDB_DATY01,MAGsDB_TARA_MED_MAG_00071,0.824782211,2.692323622,0.804332635,positive assoc.
MAGsDB_PAOP01,MAGsDB_TARA_MED_MAG_00051,0.690506963,2.387376622,0.694214876,positive assoc.
MAGsDB_PADD01,MAGsDB_TARA_MED_MAG_00051,0.614390737,1.504395398,0.587041374,positive assoc.
MAGsDB_NHIY01,MAGsDB_TARA_MED_MAG_00051,0.546636314,2.600070288,0.658646617,positive assoc.
MAGsDB_NZWZ01,MAGsDB_TARA_MED_MAG_00040,0.573687399,2.254160054,0.608277901,positive assoc.
MAGsDB_NZUO01,MAGsDB_TARA_MED_MAG_00040,0.476911341,2.91848871,0.785986291,positive assoc.
MAGsDB_NHCZ01,MAGsDB_TARA_MED_MAG_00040,0.802729967,0.3256075,0.345139412,positive assoc.
MAGsDB_DBHP01,MAGsDB_TARA_MED_MAG_00040,0.857716858,2.464407916,0.684592145,positive assoc.
MAGsDB_PBWQ01,MAGsDB_TARA_MED_MAG_00032,0.857066859,1.7205211,0.61580756,positive assoc.
MAGsDB_NZHF01,MAGsDB_TARA_MED_MAG_00024,0.711923599,2.324591049,0.653434152,positive assoc.
MAGsDB_DAYH01,MAGsDB_TARA_MED_MAG_00024,0.74479115,2.86299537,0.777284264,positive assoc.
MAGsDB_NZVP01,MAGsDB_TARA_MED_MAG_00023,0.871811688,2.547912854,0.710286458,positive assoc.
MAGsDB_NZKF01,MAGsDB_TARA_MED_MAG_00023,0.767920196,2.6219199,0.740250696,positive assoc.
MAGsDB_NZPY02,MAGsDB_TARA_MED_MAG_00020,0.606681402,1.898174404,0.561310782,positive assoc.
MAGsDB_NZIY01,MAGsDB_TARA_MED_MAG_00020,0.663249791,1.304082404,0.420415225,positive assoc.
MAGsDB_TARA_ANW_MAG_00026,MAGsDB_TARA_IOS_MAG_00053,0.750273943,1.3784992,0.630877193,positive assoc.
MAGsDB_PAGS01,MAGsDB_TARA_IOS_MAG_00049,0.861940918,2.086135624,0.730521383,positive assoc.
MAGsDB_NZPH01,MAGsDB_TARA_IOS_MAG_00024,0.903542031,2.3253389,0.720034247,positive assoc.
MAGsDB_NHBS01,MAGsDB_TARA_ASE_MAG_00032,0.817039664,2.703884114,0.914253584,positive assoc.
MAGsDB_PBUF01,MAGsDB_PBXX01,0.45227643,1.259735468,0.506811989,positive assoc.
MAGsDB_TARA_ANE_MAG_00088,MAGsDB_TARA_ANW_MAG_00074,0.899986012,2.97910009,0.564036223,positive assoc.
MAGsDB_PBQX02,MAGsDB_TARA_ANE_MAG_00034,0.781389475,2.662739214,0.646566164,positive assoc.
MAGsDB_PAUD01,MAGsDB_TARA_ANE_MAG_00026,0.821124358,1.4823161,0.571182053,positive assoc.
MAGsDB_PAPZ01,MAGsDB_TARA_ANE_MAG_00026,0.698180079,0.6739252,0.555747623,positive assoc.
MAGsDB_NZAX01,MAGsDB_TARA_ANE_MAG_00026,0.834478457,0.629967714,0.453020134,positive assoc.
MAGsDB_PAVY01,MAGsDB_TARA_ANE_MAG_00024,0.701843994,2.59544238,0.836185819,positive assoc.
MAGsDB_DCQV01,MAGsDB_TARA_ANE_MAG_00024,0.743347063,2.453102692,0.803609342,positive assoc.
MAGsDB_PBXH01,MAGsDB_TARA_ANE_MAG_00018,0.639594615,1.286604514,0.53125,positive assoc.
MAGsDB_PBUH01,MAGsDB_TARA_ANE_MAG_00018,0.886183701,2.763355574,0.816961131,positive assoc.
MAGsDB_PASO01,MAGsDB_TARA_ANE_MAG_00018,0.708058193,1.635974714,0.586956522,positive assoc.
MAGsDB_PAAF01,MAGsDB_TARA_ANE_MAG_00018,0.832121253,2.4326158,0.640106242,positive assoc.
MAGsDB_DCBW01,MAGsDB_TARA_ANE_MAG_00009,0.954060379,2.845842462,0.609584214,positive assoc.
MAGsDB_PAER01,MAGsDB_TARA_ANE_MAG_00006,0.805366755,1.396858807,0.640426951,positive assoc.
MAGsDB_NZTO01,MAGsDB_PCCU01,0.845371016,2.433447727,0.640325392,positive assoc.
MAGsDB_NZXK01,MAGsDB_PCCQ01,0.813225627,2.252084829,0.690130069,positive assoc.
MAGsDB_DCQV01,MAGsDB_PCAV01,0.680539447,1.376866006,0.564437194,positive assoc.
MAGsDB_PBEK01,MAGsDB_PCAL01,0.608247193,0.3478532,0.527041357,positive assoc.
MAGsDB_PAYO01,MAGsDB_PCAL01,0.630943246,1.535266118,0.6277666,positive assoc.
MAGsDB_NZWZ01,MAGsDB_PCAL01,0.491574706,0.331254354,0.448717949,positive assoc.
MAGsDB_NZOY01,MAGsDB_PCAL01,0.456800242,1.391516374,0.54069299,positive assoc.
MAGsDB_PBXC01,MAGsDB_PBXX01,0.512475848,2.670530868,0.594475832,positive assoc.
MAGsDB_PARE01,MAGsDB_PBXX01,0.600357685,2.182584148,0.584348641,positive assoc.
MAGsDB_NZIX01,MAGsDB_PBXW01,0.732037663,2.213784427,0.635928962,positive assoc.
MAGsDB_NZAX01,MAGsDB_PBXW01,0.498443493,1.098489427,0.577935943,positive assoc.
MAGsDB_PAGZ01,MAGsDB_PBXU01,0.640734613,2.917484884,0.755942948,positive assoc.
MAGsDB_NHJH01,MAGsDB_PBXU01,0.618065618,0.2129619,0.523754345,positive assoc.
MAGsDB_NZPN01,MAGsDB_PBXO01,0.558397353,3.2579716,0.697906281,positive assoc.
MAGsDB_NZHJ01,MAGsDB_PBXO01,0.445238162,0.922890104,0.578895464,positive assoc.
MAGsDB_DARJ01,MAGsDB_PBXO01,0.838777244,3.24019089,0.836079792,positive assoc.
MAGsDB_NHJH01,MAGsDB_PBXO01,0.408503343,3.23523927,0.769865841,positive assoc.
MAGsDB_TARA_ANE_MAG_00028,MAGsDB_TARA_ANE_MAG_00034,0.928674102,2.91550892,0.696117805,positive assoc.
MAGsDB_DGLR01,MAGsDB_TARA_ASE_MAG_00006,0.77441144,0.047587086,0.259858863,positive assoc.
MAGsDB_PBAP01,MAGsDB_TARA_ANE_MAG_00040,0.94481081,0.655427784,0.234939759,positive assoc.
MAGsDB_PAZP01,MAGsDB_TARA_ANE_MAG_00048,0.722301492,2.414426417,0.686418109,positive assoc.
MAGsDB_PAPO01,MAGsDB_TARA_ANW_MAG_00064,0.796067476,2.548137003,0.702923977,positive assoc.
MAGsDB_PAEG01,MAGsDB_TARA_ANW_MAG_00064,0.722404838,2.617298414,0.700265252,positive assoc.
MAGsDB_PBDN01,MAGsDB_TARA_ANW_MAG_00051,0.771935642,1.317661314,0.671875,positive assoc.
MAGsDB_PAGM01,MAGsDB_TARA_ANW_MAG_00051,0.693788689,0.73365941,0.745118191,positive assoc.
MAGsDB_NZYO01,MAGsDB_TARA_ANW_MAG_00038,0.975824144,1.926230414,0.597274792,positive assoc.
MAGsDB_PAUK01,MAGsDB_TARA_ANW_MAG_00031,0.921773266,1.04947838,0.496631376,positive assoc.
MAGsDB_NHDL01,MAGsDB_TARA_ANW_MAG_00031,0.640443041,2.363947237,0.668484188,positive assoc.
MAGsDB_NZLE01,MAGsDB_TARA_ANW_MAG_00027,0.859477103,2.595054625,0.816312997,positive assoc.
MAGsDB_NZGH01,MAGsDB_TARA_ANW_MAG_00026,0.772093795,1.391495214,0.459858703,positive assoc.
MAGsDB_NHID01,MAGsDB_TARA_ANW_MAG_00026,0.752360456,2.3881541,0.638116846,positive assoc.
MAGsDB_NZQF01,MAGsDB_TARA_ANW_MAG_00023,0.84012419,0.75651066,0.484492875,positive assoc.
MAGsDB_NZIE01,MAGsDB_TARA_ANW_MAG_00012,0.643002212,1.24689931,0.652757079,positive assoc.
MAGsDB_NZUO01,MAGsDB_TARA_ANW_MAG_00005,0.727749407,2.362231124,0.805194805,positive assoc.
MAGsDB_PAHY01,MAGsDB_TARA_ANW_MAG_00001,0.801573932,2.304832227,0.609150834,positive assoc.
MAGsDB_DHZO01,MAGsDB_TARA_ANW_MAG_00001,0.96923451,0.644743764,0.397993311,positive assoc.
MAGsDB_DCCC01,MAGsDB_TARA_ANW_MAG_00001,0.636538625,1.917912227,0.551868802,positive assoc.
MAGsDB_PAQA01,MAGsDB_TARA_ANE_MAG_00088,0.879985869,2.985219394,0.921542988,positive assoc.
MAGsDB_NHID01,MAGsDB_TARA_ANE_MAG_00088,0.508447644,3.12636488,0.926136364,positive assoc.
MAGsDB_PAYI01,MAGsDB_TARA_ANE_MAG_00076,0.758220255,2.684228415,0.688673531,positive assoc.
MAGsDB_NZHZ01,MAGsDB_TARA_ANE_MAG_00076,0.696862519,1.941672162,0.711895911,positive assoc.
MAGsDB_PBJS01,MAGsDB_TARA_ANE_MAG_00068,0.680109322,2.159745704,0.677644079,positive assoc.
MAGsDB_PAIF01,MAGsDB_TARA_ANE_MAG_00061,0.855308771,0.61299207,0.437771976,positive assoc.
MAGsDB_PAGM01,MAGsDB_TARA_ANE_MAG_00061,0.97410594,2.91024278,0.820512821,positive assoc.
MAGsDB_PACY01,MAGsDB_TARA_ANE_MAG_00053,0.833968064,2.198034267,0.640350877,positive assoc.
MAGsDB_PBPX01,MAGsDB_TARA_ANE_MAG_00049,0.724143744,2.785901534,0.710222905,positive assoc.
MAGsDB_DEAO01,MAGsDB_TARA_ANE_MAG_00049,0.791376472,2.340817134,0.692844677,positive assoc.
MAGsDB_PBWJ01,MAGsDB_TARA_ANE_MAG_00048,0.755638389,2.672834836,0.706640877,positive assoc.
MAGsDB_PBNX01,MAGsDB_TARA_ANE_MAG_00048,0.85101737,2.676990867,0.741613133,positive assoc.
MAGsDB_PBJS01,MAGsDB_TARA_ANE_MAG_00048,0.857839803,0.071520117,0.31609614,positive assoc.
MAGsDB_PALK01,MAGsDB_TARA_ANE_MAG_00044,0.827535033,0.716514334,0.459478022,positive assoc.
MAGsDB_PADJ01,MAGsDB_TARA_MED_MAG_00112,0.782574296,0.623363443,0.552806851,positive assoc.
MAGsDB_TARA_MED_MAG_00093,MarDB_Candidatus_Pelagibacter_ubique_SCGC_AAA795-M22,0.951421592,3.012477624,0.674453655,positive assoc.
MAGsDB_PBHD01,MAGsDB_TARA_MED_MAG_00112,0.586543744,0.552023757,0.457370518,positive assoc.
MAGsDB_NZGS01,MarDB_Candidatus_Marinimicrobia_bacterium_strain_IN49,0.885334379,2.816847147,0.808272506,positive assoc.
MAGsDB_TARA_IOS_MAG_00049,MarDB_Bacteroidetes_bacterium_SCGC_AAA795-G10,0.888483465,2.421135623,0.660997067,positive assoc.
MAGsDB_PCAL01,MarDB_Bacteroidetes_bacterium_SCGC_AAA795-G10,0.924113072,1.496646713,0.564199396,positive assoc.
MAGsDB_PAZV01,MarDB_Bacteroidetes_bacterium_SCGC_AAA795-G10,0.633849537,1.360567327,0.561946903,positive assoc.
MAGsDB_TARA_RED_MAG_00046,MarDB_Bacteroidetes_bacterium_MED-G21,0.905457165,0.882354314,0.409913454,positive assoc.
MAGsDB_TARA_PSE_MAG_00056,MarDB_Bacteroidetes_bacterium_MED-G21,0.858713046,2.79688386,0.664014688,positive assoc.
MAGsDB_TARA_MED_MAG_00109,MarDB_Bacteroidetes_bacterium_MED-G21,0.842109474,2.596108999,0.836808052,positive assoc.
MAGsDB_TARA_ANE_MAG_00068,MarDB_Bacteroidetes_bacterium_MED-G21,0.79234302,2.076392904,0.616843703,positive assoc.
MAGsDB_PBEE01,MarDB_Bacteroidetes_bacterium_MED-G21,0.888700426,0.972318727,0.575954509,positive assoc.
MAGsDB_NZZK01,MarDB_Bacteroidetes_bacterium_MED-G21,0.687125569,0.849410488,0.6133829,positive assoc.
MAGsDB_NHIW01,MarDB_Bacteroidetes_bacterium_MED-G21,0.638481642,2.576560537,0.721492744,positive assoc.
MAGsDB_NZVJ01,MarDB_Alphaproteobacteria_bacterium_MarineAlpha6_Bin4,0.824061394,1.601979727,0.6218628,positive assoc.
MAGsDB_PBFI01,MarDB_Alphaproteobacteria_bacterium_MarineAlpha5_Bin7,0.832816958,2.047419564,0.619972261,positive assoc.
MAGsDB_PASX01,MarDB_Alphaproteobacteria_bacterium_MarineAlpha5_Bin7,0.760715869,2.361992227,0.668887408,positive assoc.
MAGsDB_NZYX01,MarDB_Alphaproteobacteria_bacterium_MarineAlpha5_Bin7,0.822915088,1.911187693,0.682310469,positive assoc.
MAGsDB_PBDN01,MarDB_Alphaproteobacteria_bacterium_MarineAlpha5_Bin12,0.825973451,0.553815227,0.516491228,positive assoc.
MAGsDB_PAJB01,MarDB_Alphaproteobacteria_bacterium_MarineAlpha5_Bin12,0.726057768,2.784325227,0.644474035,positive assoc.
MAGsDB_TARA_ANE_MAG_00018,MarDB_Alphaproteobacteria_bacterium_MarineAlpha3_Bin7,0.588331726,2.163990904,0.614537445,positive assoc.
MAGsDB_DBIA01,MarDB_Alphaproteobacteria_bacterium_MarineAlpha3_Bin7,0.88306022,2.47606605,0.584932821,positive assoc.
MAGsDB_NHBH01,MarDB_Alcanivorax_sp_UBA1911,0.706309748,1.593230322,0.539077392,positive assoc.
MAGsDB_DCBW01,MarDB_Alcanivorax_sp_UBA1911,0.714311143,2.40703317,0.657195572,positive assoc.
MAGsDB_PBXI01,MarDB_Acidimicrobiales_bacterium_AG-414-N20,0.781613256,2.693243714,0.733980583,positive assoc.
MAGsDB_PAMU01,MarDB_Acidimicrobiales_bacterium_AG-414-N20,0.791638182,2.509949892,0.700446144,positive assoc.
MAGsDB_NZZE01,MarDB_Acidimicrobiales_bacterium_AG-414-N20,0.942406706,0.040316194,0.16296863,positive assoc.
MAGsDB_PBXU01,MAGsDB_TARA_RED_MAG_00059,0.902893144,3.20058047,0.716639209,positive assoc.
MAGsDB_NZRW01,MAGsDB_TARA_RED_MAG_00055,0.649623156,2.707669644,0.763751763,positive assoc.
MAGsDB_NZOY01,MAGsDB_TARA_RED_MAG_00051,0.707471641,2.275449974,0.544704264,positive assoc.
MAGsDB_PAGS01,MAGsDB_TARA_RED_MAG_00029,0.723052084,2.446038414,0.690697674,positive assoc.
MAGsDB_NHID01,MAGsDB_TARA_RED_MAG_00025,0.791021585,0.8191299,0.495365006,positive assoc.
MAGsDB_NHGW01,MarDB_Candidatus_Pelagibacter_HTCC1002,0.995527922,3.231304681,0.667317708,positive assoc.
MAGsDB_NZTK01,MAGsDB_TARA_RED_MAG_00011,0.604747581,2.243722054,0.711518858,positive assoc.
MAGsDB_PAOP01,MarDB_Candidatus_Pelagibacter_HTCC7214,0.675314118,0.385642197,0.621283255,positive assoc.
MAGsDB_NZVF01,MarDB_Candidatus_Pelagibacter_ubique_HTCC8051,0.624201471,2.301276207,0.576180258,positive assoc.
MAGsDB_TARA_ANE_MAG_00028,MarDB_GCA_003331375.1_ASM333137v1,0.800035238,2.955688651,0.675219446,positive assoc.
MAGsDB_NYVO01,MAGsDB_PBXJ01,0.825749016,2.8607694,0.686995516,positive assoc.
MAGsDB_NHJP01,MarDB_GCA_003331375.1_ASM333137v1,0.741610533,2.023024645,0.709546378,positive assoc.
MAGsDB_PATT01,MarDB_Flavobacteriaceae_bacterium_UBA5955,0.730643658,0.714012824,0.499118166,positive assoc.
MAGsDB_NHIR01,MarDB_Flavobacteriaceae_bacterium_UBA5955,0.831485987,2.896621006,0.701514059,positive assoc.
MAGsDB_NHKH01,MarDB_Cryomorphaceae_bacterium_MED-G11,0.949164317,2.992208291,0.695979899,positive assoc.
MarDB_Candidatus_Pelagibacter_ubique_HIMB083,MarDB_Candidatus_Pelagibacter_ubique_SCGC_AAA797-I19,0.713150322,0.093681527,0.299461124,positive assoc.
MAGsDB_NZWF01,MarDB_Candidatus_Pelagibacter_ubique_SCGC_AAA797-I19,0.802739501,2.618362137,0.646229739,positive assoc.
MarDB_Candidatus_Pelagibacter_ubique_SCGC_AAA795-J21,MarDB_Candidatus_Pelagibacter_ubique_SCGC_AAA795-P11,0.48815443,0.014022227,0.402998236,positive assoc.
MAGsDB_TARA_PSW_MAG_00098,MarDB_Candidatus_Pelagibacter_ubique_SCGC_AAA795-P11,0.812735763,0.885944694,0.539198606,positive assoc.
MAGsDB_PAOP01,MarDB_Candidatus_Pelagibacter_ubique_SCGC_AAA795-O20,0.81247543,0.362942227,0.591836735,positive assoc.
MAGsDB_NZZP01,MarDB_Candidatus_Pelagibacter_ubique_SCGC_AAA795-O20,0.721031714,2.364045745,0.580195258,positive assoc.
MAGsDB_PAOX01,MarDB_Candidatus_Pelagibacter_ubique_SCGC_AAA795-O19,0.810476542,2.826772257,0.791327913,positive assoc.
MAGsDB_NZHZ01,MarDB_Candidatus_Pelagibacter_ubique_SCGC_AAA795-O19,0.801801205,3.297505984,0.765774379,positive assoc.
MarDB_Alphaproteobacteria_bacterium_MarineAlpha8_Bin1,MarDB_Candidatus_Pelagibacter_ubique_SCGC_AAA795-M22,0.905959368,1.475366424,0.597479615,positive assoc.
MAGsDB_TARA_ION_MAG_00053,MarDB_Candidatus_Pelagibacter_ubique_SCGC_AAA795-M22,0.688443661,0.844721564,0.43537415,positive assoc.
MAGsDB_PAFP01,MarDB_Candidatus_Pelagibacter_ubique_SCGC_AAA795-M22,0.848687665,0.935972437,0.464058235,positive assoc.
MAGsDB_NHKR01,MarDB_Candidatus_Pelagibacter_ubique_SCGC_AAA795-M22,0.854729459,1.242318224,0.606476938,positive assoc.
MAGsDB_PBXI01,MarDB_Candidatus_Pelagibacter_ubique_SCGC_AAA795-M18,0.646204471,1.48878662,0.630170316,positive assoc.
MAGsDB_PACV01,MarDB_Candidatus_Pelagibacter_ubique_SCGC_AAA795-M18,0.41078993,2.958918334,0.694334651,positive assoc.
MAGsDB_NZPJ01,MarDB_Candidatus_Pelagibacter_ubique_SCGC_AAA795-M18,0.548988348,2.24867402,0.64208243,positive assoc.
MAGsDB_NZID01,MarDB_Candidatus_Pelagibacter_ubique_SCGC_AAA795-M18,0.831641901,3.141126534,0.704937537,positive assoc.
MAGsDB_DEBO01,MarDB_Candidatus_Pelagibacter_ubique_SCGC_AAA795-L23,0.564044714,1.748332237,0.580645161,positive assoc.
MAGsDB_NZXN01,MarDB_Candidatus_Pelagibacter_ubique_SCGC_AAA795-F16,0.541366279,2.259854224,0.62244898,positive assoc.
MAGsDB_PAOP01,MarDB_Candidatus_Pelagibacter_ubique_SCGC_AAA795-E22,0.591745831,0.235862227,0.581837381,positive assoc.
MAGsDB_NZRR01,MarDB_Candidatus_Pelagibacter_ubique_SCGC_AAA795-E22,0.915383369,2.785327237,0.832980973,positive assoc.
MarDB_Candidatus_Pelagibacter_ubique_HIMB058,MarDB_Candidatus_Pelagibacter_ubique_SCGC_AAA795-C09,0.781925854,0.849906177,0.486644407,positive assoc.
MAGsDB_NZFZ01,MarDB_Candidatus_Pelagibacter_ubique_SCGC_AAA795-C09,0.769492749,2.469502397,0.68921095,positive assoc.
MarDB_Candidatus_Pelagibacter_ubique_HTCC8051,MarDB_Candidatus_Pelagibacter_ubique_HTCC9022,0.829972327,0.008322227,0.106864275,positive assoc.
MAGsDB_NHLE01,MarDB_Candidatus_Pelagibacter_ubique_HTCC8051,0.792448759,1.753363907,0.637822749,positive assoc.
MAGsDB_PAFO01,MAGsDB_TARA_MED_MAG_00112,0.930967808,0.298997157,0.488126649,positive assoc.
MAGsDB_NZDR01,MAGsDB_TARA_RED_MAG_00011,0.704634204,1.11779868,0.570903361,positive assoc.
MAGsDB_NZYO01,MAGsDB_TARA_RED_MAG_00009,0.637615963,1.837186564,0.553454545,positive assoc.
MAGsDB_PAPF01,MAGsDB_TARA_PSW_MAG_00017,0.943179023,2.735378314,0.60929803,positive assoc.
MAGsDB_DLRY01,MAGsDB_TARA_PSW_MAG_00017,0.72536067,2.221163967,0.684322034,positive assoc.
MAGsDB_PAZV01,MAGsDB_TARA_PSW_MAG_00010,0.802237988,2.446906627,0.696511628,positive assoc.
MAGsDB_NZRW01,MAGsDB_TARA_PSW_MAG_00010,0.853693068,2.266311847,0.675550406,positive assoc.
MAGsDB_TARA_MED_MAG_00040,MAGsDB_TARA_PSE_MAG_00088,0.789630837,0.4421965,0.508389262,positive assoc.
MAGsDB_NYVO01,MAGsDB_TARA_PSE_MAG_00047,0.682321504,1.081385629,0.463320463,positive assoc.
MAGsDB_PBHD01,MAGsDB_TARA_PSE_MAG_00043,0.865658746,2.557016954,0.637805684,positive assoc.
MAGsDB_TARA_IOS_MAG_00003,MAGsDB_TARA_PSE_MAG_00023,0.855526984,2.402294283,0.606370876,positive assoc.
MAGsDB_TARA_ION_MAG_00005,MAGsDB_TARA_PSE_MAG_00023,0.708115496,2.27160899,0.607142857,positive assoc.
MAGsDB_TARA_ANW_MAG_00001,MAGsDB_TARA_PSE_MAG_00023,0.754774928,2.328569904,0.605709877,positive assoc.
MAGsDB_PBJU01,MAGsDB_TARA_PSE_MAG_00023,0.751150309,2.546157684,0.748055988,positive assoc.
MAGsDB_TARA_ION_MAG_00005,MAGsDB_TARA_PSE_MAG_00010,0.836720239,2.185969332,0.520190024,positive assoc.
MAGsDB_PACZ01,MAGsDB_TARA_PSE_MAG_00010,0.727279708,1.151110256,0.450410142,positive assoc.
MAGsDB_DIAJ01,MAGsDB_TARA_PSE_MAG_00010,0.835425043,2.679671846,0.646275639,positive assoc.
MAGsDB_PBJQ01,MAGsDB_TARA_PSE_MAG_00001,0.601057149,2.471182214,0.845814978,positive assoc.
MAGsDB_DCBW01,MAGsDB_TARA_PSE_MAG_00001,0.676282399,2.111608175,0.616254713,positive assoc.
MAGsDB_TARA_ASE_MAG_00032,MAGsDB_TARA_PON_MAG_00074,0.981375636,2.66411875,0.516833485,positive assoc.
MAGsDB_TARA_ANE_MAG_00034,MAGsDB_TARA_PON_MAG_00074,0.746124387,2.30153455,0.917363667,positive assoc.
MAGsDB_NHGO01,MAGsDB_TARA_PON_MAG_00074,0.767307929,2.474562864,0.916639949,positive assoc.
MAGsDB_DCBW01,MAGsDB_TARA_PON_MAG_00017,0.878339952,1.909101322,0.780263913,positive assoc.
MAGsDB_NZQF01,MAGsDB_TARA_PON_MAG_00016,0.917829643,0.78614564,0.477960242,positive assoc.
MAGsDB_NYVO01,MAGsDB_TARA_PON_MAG_00016,0.721475253,2.73054644,0.652271035,positive assoc.
MAGsDB_TARA_ANE_MAG_00088,MAGsDB_TARA_MED_MAG_00136,0.916116607,2.95792628,0.912231559,positive assoc.
MAGsDB_TARA_ION_MAG_00043,MAGsDB_TARA_MED_MAG_00135,0.707356021,0.79163332,0.477601654,positive assoc.
MAGsDB_TARA_ANW_MAG_00012,MAGsDB_TARA_MED_MAG_00135,0.637373626,0.75919896,0.48689384,positive assoc.
MAGsDB_PAIV01,MAGsDB_TARA_MED_MAG_00135,0.783560395,1.7224219,0.567715458,positive assoc.
MAGsDB_NZHK01,MAGsDB_TARA_MED_MAG_00135,0.628847063,0.468577414,0.441281139,positive assoc.
MAGsDB_PAYP01,MAGsDB_TARA_MED_MAG_00133,0.821985781,2.007845796,0.64172448,positive assoc.
MAGsDB_NZZT01,MAGsDB_TARA_MED_MAG_00133,0.986430764,0.09901704,0.546268657,positive assoc.
MAGsDB_TARA_ANW_MAG_00001,MAGsDB_TARA_PSW_MAG_00017,0.873154244,2.412698314,0.619525242,positive assoc.
MAGsDB_PBUG01,MAGsDB_TARA_RED_MAG_00009,0.780012727,3.16536135,0.725065048,positive assoc.
MAGsDB_TARA_PSE_MAG_00077,MAGsDB_TARA_PSW_MAG_00017,0.847707855,2.87238736,0.636690647,positive assoc.
MAGsDB_NZXN01,MAGsDB_TARA_PSW_MAG_00019,0.756939471,2.3885791,0.623172103,positive assoc.
MAGsDB_PBXO01,MAGsDB_TARA_RED_MAG_00001,0.90989072,3.452134113,0.765340909,positive assoc.
MAGsDB_PBNV01,MAGsDB_TARA_PSW_MAG_00115,0.898004115,0.817582864,0.474618038,positive assoc.
MAGsDB_PAZH01,MAGsDB_TARA_PSW_MAG_00115,0.893373266,0.147802864,0.350306459,positive assoc.
MAGsDB_PARE01,MAGsDB_TARA_PSW_MAG_00115,0.642898858,0.870916644,0.45758604,positive assoc.
MAGsDB_PBWQ01,MAGsDB_TARA_PSW_MAG_00100,0.939391466,3.5848721,0.751158173,positive assoc.
MAGsDB_TARA_PSW_MAG_00085,MAGsDB_TARA_PSW_MAG_00098,0.754937351,1.45523757,0.644988523,positive assoc.
MAGsDB_TARA_PSW_MAG_00089,MAGsDB_TARA_PSW_MAG_00090,0.780306458,2.8599258,0.655102041,positive assoc.
MAGsDB_TARA_PSW_MAG_00047,MAGsDB_TARA_PSW_MAG_00090,0.754366419,0.43697808,0.285115304,positive assoc.
MAGsDB_TARA_PSW_MAG_00069,MAGsDB_TARA_PSW_MAG_00085,0.859309616,1.464886,0.54631829,positive assoc.
MAGsDB_NHEH01,MAGsDB_TARA_PSW_MAG_00075,0.596063793,2.709785049,0.766139657,positive assoc.
MAGsDB_NHID01,MAGsDB_TARA_PSW_MAG_00069,0.697111964,2.2935786,0.653006919,positive assoc.
MAGsDB_DKGH01,MAGsDB_TARA_PSW_MAG_00069,0.977384216,2.21188132,0.632824051,positive assoc.
MAGsDB_PBHH01,MAGsDB_TARA_PSW_MAG_00059,0.95757157,2.096514174,0.547603414,positive assoc.
MAGsDB_PAVX01,MAGsDB_TARA_PSW_MAG_00054,0.773929876,1.069962454,0.370623399,positive assoc.
MAGsDB_NZGX01,MAGsDB_TARA_PSW_MAG_00054,0.762390196,2.657051354,0.676381299,positive assoc.
MAGsDB_NZPY02,MAGsDB_TARA_PSW_MAG_00053,0.87354672,2.411715114,0.696957065,positive assoc.
MAGsDB_TARA_ANW_MAG_00057,MAGsDB_TARA_PSW_MAG_00048,0.935577335,1.54126513,0.399883586,positive assoc.
MAGsDB_PBOM01,MAGsDB_TARA_PSW_MAG_00048,0.73235304,2.311349684,0.602114636,positive assoc.
MAGsDB_PBIP01,MAGsDB_TARA_PSW_MAG_00048,0.897072593,1.095784894,0.613950276,positive assoc.
MAGsDB_NHDL01,MAGsDB_TARA_PSW_MAG_00048,0.573142401,2.273074437,0.58750773,positive assoc.
MAGsDB_TARA_PSW_MAG_00020,MAGsDB_TARA_PSW_MAG_00039,0.811297059,1.620951114,0.874325366,positive assoc.
MAGsDB_NYZI01,MAGsDB_TARA_PSW_MAG_00039,0.705789924,1.423638227,0.847124825,positive assoc.
MAGsDB_TARA_PSE_MAG_00010,MAGsDB_TARA_PSW_MAG_00032,0.771643519,0.070035763,0.203335981,positive assoc.
MAGsDB_TARA_ANW_MAG_00001,MAGsDB_TARA_PSW_MAG_00032,0.63523275,0.640397745,0.422932331,positive assoc.
MAGsDB_NZLE01,MAGsDB_TARA_PSW_MAG_00032,0.723610199,2.571280056,0.649292628,positive assoc.
MAGsDB_TARA_PSE_MAG_00077,MAGsDB_TARA_PSW_MAG_00029,0.736165822,1.489633643,0.484089945,positive assoc.
MAGsDB_PACZ01,MAGsDB_TARA_PSW_MAG_00029,0.755490839,1.261844607,0.454691905,positive assoc.
MAGsDB_PABA01,MAGsDB_TARA_PSW_MAG_00020,0.761974692,1.808281114,0.576786769,positive assoc.
MAGsDB_PABC01,MAGsDB_TARA_PSW_MAG_00019,0.695672512,2.235742235,0.640593047,positive assoc.
MAGsDB_NZMT01,MAGsDB_TARA_PSW_MAG_00019,0.775335133,2.374335704,0.713598075,positive assoc.
MAGsDB_PBHD01,MAGsDB_PBXH01,0.635277689,2.904107027,0.679029957,positive assoc.
MAGsDB_NYSQ01,MAGsDB_NYXT01,0.784910321,0.23976557,0.420824295,positive assoc.
MAGsDB_NZHK01,MAGsDB_PBXG01,0.488865687,2.740984505,0.657878217,positive assoc.
MAGsDB_DADB01,MAGsDB_PAEG01,0.863417983,2.787452604,0.799733866,positive assoc.
MAGsDB_DAIQ01,MAGsDB_PAEE01,0.756326556,0.108535925,0.326153846,positive assoc.
MAGsDB_NHKF01,MAGsDB_PAED01,0.931919919,1.25937214,0.577235772,positive assoc.
MAGsDB_NZTK01,MAGsDB_PADS01,0.737814784,1.819688874,0.644055944,positive assoc.
MAGsDB_NZOY01,MAGsDB_PACV01,0.648890913,0.425117087,0.351181102,positive assoc.
MAGsDB_NZIE01,MAGsDB_PABM01,0.877072008,2.370955974,0.673913043,positive assoc.
MAGsDB_NHID01,MAGsDB_PAAM01,0.723970771,2.759281614,0.63739546,positive assoc.
MAGsDB_NZNY01,MAGsDB_PAAK01,0.773689456,2.76007899,0.828310502,positive assoc.
MAGsDB_NHGT01,MAGsDB_PAAK01,0.754244566,2.54559739,0.771428571,positive assoc.
MAGsDB_NZYH01,MAGsDB_PAAH01,0.862452147,1.825774844,0.840968586,positive assoc.
MAGsDB_DAZL01,MAGsDB_PAAF01,0.670487528,2.80144669,0.765970904,positive assoc.
MAGsDB_NZXM01,MAGsDB_NZZQ01,0.654019075,2.528731884,0.854768786,positive assoc.
MAGsDB_DAIQ01,MAGsDB_NZZQ01,0.690808811,2.612096412,0.842105263,positive assoc.
MAGsDB_NZMU01,MAGsDB_NZZP01,0.806113906,1.329916631,0.630335366,positive assoc.
MAGsDB_NHJP01,MAGsDB_NZZO01,0.789807737,2.401308114,0.718611987,positive assoc.
MAGsDB_NHLD01,MAGsDB_NZZI01,0.640182793,2.89195832,0.81375,positive assoc.
MAGsDB_NHLM01,MAGsDB_NZZH01,0.87228085,3.411211324,0.742998353,positive assoc.
MAGsDB_DEAO01,MAGsDB_NZZH01,0.823549992,2.234608727,0.645614035,positive assoc.
MAGsDB_NYVO01,MAGsDB_NZYU01,0.904732813,2.86289138,0.699916874,positive assoc.
MAGsDB_NZPJ01,MAGsDB_NZYO01,0.762199163,0.346933614,0.275086505,positive assoc.
MAGsDB_NZRW01,MAGsDB_NZYI01,0.585738198,2.409725834,0.691860465,positive assoc.
MAGsDB_NZMT01,MAGsDB_NZXN01,0.928759796,0.051934404,0.521495327,positive assoc.
MAGsDB_DAGQ01,MAGsDB_NZXM01,0.897051841,0.857258197,0.577167019,positive assoc.
MAGsDB_NZHZ01,MAGsDB_NZXK01,0.744142885,3.05966776,0.794547225,positive assoc.
MAGsDB_NHGT01,MAGsDB_NZXJ01,0.949596524,0.791218014,0.558139535,positive assoc.
MAGsDB_NHGT01,MAGsDB_NZWZ01,0.549625685,2.300318254,0.610032362,positive assoc.
MAGsDB_DBGJ01,MAGsDB_NZWZ01,0.510319471,2.631571964,0.706391478,positive assoc.
MAGsDB_NZIX01,MAGsDB_NZWE01,0.868160128,2.312489692,0.681724846,positive assoc.
MAGsDB_NHJO01,MAGsDB_NZWE01,0.800367679,2.324487692,0.7300522,positive assoc.
MAGsDB_NZIX01,MAGsDB_PAEH01,0.904242199,0.897601474,0.579787234,positive assoc.
MAGsDB_NZVP01,MAGsDB_NZVQ01,0.892521024,2.073306567,0.621769773,positive assoc.
MAGsDB_NZJO01,MAGsDB_PAEJ01,0.836729365,0.38097729,0.474444444,positive assoc.
MAGsDB_NYWR01,MAGsDB_PAES01,0.993343411,2.93962999,0.738413197,positive assoc.
MAGsDB_NZUM01,MAGsDB_PAIZ01,0.713731027,2.92818802,0.807092199,positive assoc.
MAGsDB_NZZH01,MAGsDB_PAIA01,0.780423224,0.766665524,0.639222942,positive assoc.
MAGsDB_PAFY01,MAGsDB_PAHZ01,0.853044748,3.033039774,0.682156134,positive assoc.
MAGsDB_NHDX01,MAGsDB_PAHZ01,0.879537965,2.049344027,0.497076023,positive assoc.
MAGsDB_DEAO01,MAGsDB_PAHZ01,0.744735718,2.849829327,0.738551207,positive assoc.
MAGsDB_NZUH01,MAGsDB_PAHS01,0.896271408,3.288964627,0.726893262,positive assoc.
MAGsDB_NYSJ01,MAGsDB_PAHS01,0.944278598,0.003472227,0.470293486,positive assoc.
MAGsDB_NHLD01,MAGsDB_PAHL01,0.747112095,3.059027014,0.728252502,positive assoc.
MAGsDB_NZFE01,MAGsDB_PAGZ01,0.627567291,0.302462167,0.554794521,positive assoc.
MAGsDB_NZTK01,MAGsDB_PAGS01,0.654347247,0.067459987,0.556422995,positive assoc.
MAGsDB_DJYU01,MAGsDB_PAGS01,0.970944314,2.806727174,0.686718285,positive assoc.
MAGsDB_NZPJ01,MAGsDB_PAGR01,0.919345975,0.196252614,0.315739868,positive assoc.
MAGsDB_NHJW01,MAGsDB_PAGR01,0.979483176,1.294324714,0.630794702,positive assoc.
MAGsDB_NHGT01,MAGsDB_PAGP01,0.781933904,3.0697955,0.765106383,positive assoc.
MAGsDB_NZHJ01,MAGsDB_PAGO01,0.716668606,2.436706004,0.705364291,positive assoc.
MAGsDB_NZWX01,MAGsDB_PAGM01,0.923732557,3.009650324,0.804331013,positive assoc.
MAGsDB_NHKK01,MAGsDB_PAGM01,0.541607914,0.54123727,0.706349206,positive assoc.
MAGsDB_PAFY01,MAGsDB_PAGL01,0.88849628,1.28218326,0.648301887,positive assoc.
MAGsDB_NZVP01,MAGsDB_PAGL01,0.707774341,2.253643554,0.673247779,positive assoc.
MAGsDB_NZIX01,MAGsDB_PAGL01,0.702817053,1.145002214,0.645311049,positive assoc.
MAGsDB_NHKY01,MAGsDB_PAGI01,0.803978407,2.581408654,0.756338028,positive assoc.
MAGsDB_NYSJ01,MAGsDB_PAGD01,0.896931052,1.389772227,0.653120464,positive assoc.
MAGsDB_NHJX01,MAGsDB_PAGD01,0.78382181,2.343895367,0.620751342,positive assoc.
MAGsDB_NHGW01,MAGsDB_PAGD01,0.783460256,3.130345157,0.681105302,positive assoc.
MAGsDB_NZGH01,MAGsDB_PAFY01,0.960518718,2.770494874,0.635267088,positive assoc.
MAGsDB_NHJD01,MAGsDB_PAFO01,0.751007974,0.852269714,0.569649805,positive assoc.
MAGsDB_NHEX01,MAGsDB_PAFL01,0.558280367,2.871381014,0.706322795,positive assoc.
MAGsDB_NHEH01,MAGsDB_PAFL01,0.477442831,2.339751514,0.700685453,positive assoc.
MAGsDB_NHDL01,MAGsDB_PAFH01,0.894637818,2.56755551,0.615801704,positive assoc.
MAGsDB_NZPH01,MAGsDB_PAEJ01,0.674984336,2.17827537,0.700598802,positive assoc.
MAGsDB_PADD01,MAGsDB_PAIZ01,0.773845255,2.6267229,0.689208633,positive assoc.
MAGsDB_DFRF01,MAGsDB_NZVJ01,0.625333957,1.002539707,0.375471698,positive assoc.
MAGsDB_NHLD01,MAGsDB_NZUM01,0.72104603,2.92047802,0.848545637,positive assoc.
MAGsDB_NHEX01,MAGsDB_NYYE01,0.716927409,1.337936027,0.500726744,positive assoc.
MAGsDB_NYUY01,MAGsDB_NYVZ01,0.970042917,2.294486474,0.674360574,positive assoc.
MAGsDB_NHID01,MAGsDB_NYVY01,0.962136215,1.884419194,0.651759094,positive assoc.
MAGsDB_NYSQ01,MAGsDB_NYVQ01,0.851014805,2.305979584,0.737545565,positive assoc.
MAGsDB_NYSO01,MAGsDB_NYVQ01,0.583370361,1.316622227,0.644046885,positive assoc.
MAGsDB_DCCD01,MAGsDB_NYVP01,0.927024326,0.970430051,0.374418605,positive assoc.
MAGsDB_NHJX01,MAGsDB_NYVL01,0.894885123,2.378344894,0.732615083,positive assoc.
MAGsDB_NHLE01,MAGsDB_NYVA01,0.928231001,3.134503928,0.753561254,positive assoc.
MAGsDB_NHBS01,MAGsDB_NYVA01,0.682836867,2.917217228,0.634310134,positive assoc.
MAGsDB_NHGW01,MAGsDB_NYUZ01,0.733392239,2.773949284,0.710781149,positive assoc.
MAGsDB_NHCT01,MAGsDB_NYUY01,0.769157231,2.389693574,0.689876808,positive assoc.
MAGsDB_DCQV01,MAGsDB_NYUY01,0.853623551,1.970450252,0.66130761,positive assoc.
MAGsDB_DCCC01,MAGsDB_NYSP01,0.800040424,2.072252027,0.750992063,positive assoc.
MAGsDB_DALV01,MAGsDB_NHLD01,0.879382074,2.846929114,0.840425532,positive assoc.
MAGsDB_NHIY01,MAGsDB_NHKK01,0.597870663,0.41552125,0.636363636,positive assoc.
MAGsDB_NHJX01,MAGsDB_NHKH01,0.873255789,0.634982331,0.551319648,positive assoc.
MAGsDB_NHFA01,MAGsDB_NHKF01,0.770621657,2.689669554,0.826771654,positive assoc.
MAGsDB_DAJT01,MAGsDB_NHJX01,0.786589641,2.658633504,0.85340729,positive assoc.
MAGsDB_DAJH01,MAGsDB_NHJO01,0.959762919,2.842101427,0.809053498,positive assoc.
MAGsDB_NHFW01,MAGsDB_NHJD01,0.91064372,0.81704736,0.568582375,positive assoc.
MAGsDB_NHIR01,MAGsDB_NHIW01,0.741243243,1.586556023,0.611248966,positive assoc.
MAGsDB_DANB01,MAGsDB_NHID01,0.854932,2.910291334,0.826762246,positive assoc.
MAGsDB_NHBS01,MAGsDB_NHDS01,0.986460331,0.281402873,0.303267045,positive assoc.
MAGsDB_DCBW01,MAGsDB_NHBH01,0.674887092,2.283255075,0.619894865,positive assoc.
MAGsDB_DCBW01,MAGsDB_DCCB01,0.720383704,2.446009075,0.64293305,positive assoc.
MAGsDB_DAMG01,MAGsDB_DBGJ01,0.679596007,2.805683244,0.776258546,positive assoc.
MAGsDB_DAJT01,MAGsDB_DAYH01,0.788117957,0.576182364,0.289416847,positive assoc.
MAGsDB_DALZ01,MAGsDB_DANW01,0.876850529,1.231853257,0.431640625,positive assoc.
MAGsDB_NHKV01,MarDB_GCA_003331415.1_ASM333141v1,0.933531854,0.157176249,0.5,positive assoc.
MAGsDB_NHKD01,MAGsDB_NYYE01,0.69535549,3.340082364,0.788148148,positive assoc.
MAGsDB_NHLT01,MAGsDB_NZUM01,0.781485856,2.92018542,0.829853862,positive assoc.
MAGsDB_DCQV01,MAGsDB_NZAU01,0.894244304,2.145151006,0.918730159,positive assoc.
MAGsDB_NHID01,MAGsDB_NZEJ01,0.826584518,2.3197249,0.747742324,positive assoc.
MAGsDB_NHFA01,MAGsDB_NZUM01,0.777362405,1.139581134,0.569653949,positive assoc.
MAGsDB_NHKV01,MAGsDB_NZUF01,0.816741943,2.331263364,0.658215962,positive assoc.
MAGsDB_NHBS01,MAGsDB_NZTK01,0.770020962,2.205994987,0.635856079,positive assoc.
MAGsDB_NZPK01,MAGsDB_NZSQ01,0.968931823,2.394513514,0.75265215,positive assoc.
MAGsDB_NZIE01,MAGsDB_NZSQ01,0.537360238,2.50093535,0.708333333,positive assoc.
MAGsDB_NZEJ01,MAGsDB_NZSE01,0.754206242,2.068893064,0.656521739,positive assoc.
MAGsDB_DAOJ01,MAGsDB_NZRW01,0.836498082,2.731747547,0.79787234,positive assoc.
MAGsDB_NHEH01,MAGsDB_NZPJ01,0.510768793,2.271393114,0.675913396,positive assoc.
MAGsDB_NZOM01,MAGsDB_NZOY01,0.732420904,0.556281973,0.419859265,positive assoc.
MAGsDB_NHEX01,MAGsDB_NZOY01,0.558422471,0.653301387,0.437850842,positive assoc.
MAGsDB_DDDO01,MAGsDB_NZOY01,0.930955847,0.210381887,0.33692053,positive assoc.
MAGsDB_DJLN01,MAGsDB_NZOM01,0.77943398,0.699812167,0.44101346,positive assoc.
MAGsDB_NHEX01,MAGsDB_NZOB01,0.751341229,0.844501727,0.503862661,positive assoc.
MAGsDB_NZHP01,MAGsDB_NZNY01,0.567577541,1.540040193,0.666666667,positive assoc.
MAGsDB_NZLD01,MAGsDB_NZNH01,0.8606337,1.278267768,0.538422392,positive assoc.
MAGsDB_NZHK01,MAGsDB_NZMK01,0.83011657,2.683475814,0.706592854,positive assoc.
MAGsDB_DEBO01,MAGsDB_NZLE01,0.57491537,2.317614538,0.616641902,positive assoc.
MAGsDB_NHIW01,MAGsDB_NZJJ01,0.556407794,0.123092723,0.550892857,positive assoc.
MAGsDB_DAFS01,MAGsDB_NZIX01,0.898298063,2.789750727,0.778792135,positive assoc.
MAGsDB_NHIW01,MAGsDB_NZIR01,0.869483888,1.701910223,0.598721591,positive assoc.
MAGsDB_NHGT01,MAGsDB_NZIE01,0.441399951,1.30479175,0.686256781,positive assoc.
MAGsDB_NZHA01,MAGsDB_NZHZ01,0.646888435,3.240840192,0.814692982,positive assoc.
MAGsDB_NHKK01,MAGsDB_NZHZ01,0.625486627,3.45553134,0.775661376,positive assoc.
MAGsDB_DBNL01,MAGsDB_NZHU01,0.743930697,0.257698357,0.426936027,positive assoc.
MAGsDB_NHEH01,MAGsDB_NZHK01,0.484591392,0.617673027,0.454545455,positive assoc.
MAGsDB_NHCZ01,MAGsDB_NZHK01,0.630062222,0.400857114,0.376074499,positive assoc.
MAGsDB_NZFP01,MAGsDB_NZGH01,0.750097752,0.052064627,0.270895522,positive assoc.
MAGsDB_NYVA01,MAGsDB_NZFW01,0.993283492,0.712680228,0.419871795,positive assoc.
MAGsDB_NHLI01,MAGsDB_NZFE01,0.912509316,0.309794514,0.556091677,positive assoc.
MAGsDB_NHEX01,MAGsDB_NZAX01,0.581587906,0.612701727,0.470989761,positive assoc.
MAGsDB_NZYO01,MAGsDB_PBXG01,0.61827493,0.964904205,0.377240842,positive assoc.
MAGsDB_NZYH01,MAGsDB_PAJB01,0.935694619,2.301242227,0.723047127,positive assoc.
MAGsDB_PAGW01,MAGsDB_PAJC01,0.976628533,2.081397604,0.718668747,positive assoc.
MAGsDB_DAVY01,MAGsDB_PBPR01,0.911759462,1.845479858,0.504265403,positive assoc.
MAGsDB_NYXO01,MAGsDB_PBOO01,0.836392786,2.788416615,0.752263907,positive assoc.
MAGsDB_PAAF01,MAGsDB_PBOM01,0.954813886,2.240708104,0.673750718,positive assoc.
MAGsDB_NZVQ01,MAGsDB_PBOM01,0.829591215,2.168225017,0.685784015,positive assoc.
MAGsDB_DEAO01,MAGsDB_PBOM01,0.923897025,2.133132617,0.746031746,positive assoc.
MAGsDB_PARE01,MAGsDB_PBNV01,0.623882876,0.663506007,0.399135447,positive assoc.
MAGsDB_PBJS01,MAGsDB_PBNM01,0.73871237,1.948763767,0.641825534,positive assoc.
MAGsDB_PAPO01,MAGsDB_PBNM01,0.916840411,1.768403457,0.58452381,positive assoc.
MAGsDB_NZHJ01,MAGsDB_PBNK01,0.82563336,0.973560817,0.457627119,positive assoc.
MAGsDB_PBGL02,MAGsDB_PBNI01,0.806575298,0.629871462,0.440265487,positive assoc.
MAGsDB_DAIQ01,MAGsDB_PBNI01,0.706792799,1.201754416,0.52746114,positive assoc.
MAGsDB_NZPY02,MAGsDB_PBKX01,0.894037883,3.494080627,0.739748496,positive assoc.
MAGsDB_PBJQ01,MAGsDB_PBJU01,0.706265059,3.102726894,0.872070313,positive assoc.
MAGsDB_NYVA01,MAGsDB_PBJU01,0.794129789,1.099520008,0.564762671,positive assoc.
MAGsDB_PAGI01,MAGsDB_PBJQ01,0.707747325,3.449543514,0.838636364,positive assoc.
MAGsDB_PBAE01,MAGsDB_PBJG01,0.683016956,3.141178057,0.692518874,positive assoc.
MAGsDB_NHID01,MAGsDB_PBJG01,0.652210712,3.3508434,0.749371859,positive assoc.
MAGsDB_NZKF01,MAGsDB_PBIY01,0.79667896,2.71913906,0.762861736,positive assoc.
MAGsDB_NHLD01,MAGsDB_PBIY01,0.724831663,2.78542756,0.753258036,positive assoc.
MAGsDB_NHGO01,MAGsDB_PBIY01,0.761384487,2.668746674,0.692648923,positive assoc.
MAGsDB_DAON01,MAGsDB_PBIQ01,0.773729265,2.730387862,0.78236529,positive assoc.
MAGsDB_PBFL01,MAGsDB_PBHD01,0.708036199,0.604764214,0.300763359,positive assoc.
MAGsDB_PAST01,MAGsDB_PBHD01,0.837311921,1.155967227,0.457219251,positive assoc.
MAGsDB_NZZH01,MAGsDB_PBHD01,0.688020212,0.599048127,0.376452363,positive assoc.
MAGsDB_NZSQ01,MAGsDB_PBHD01,0.621346487,0.714836614,0.55,positive assoc.
MAGsDB_NHJR01,MAGsDB_PBHD01,0.653253019,0.587025314,0.570121951,positive assoc.
MAGsDB_PARN01,MAGsDB_PBGR01,0.781100512,2.297249222,0.738853503,positive assoc.
MAGsDB_PARL01,MAGsDB_PBGO01,0.973755861,0.611721941,0.425225225,positive assoc.
MAGsDB_PAJW01,MAGsDB_PBGO01,0.804206192,2.330532121,0.640988372,positive assoc.
MAGsDB_NZKZ01,MAGsDB_PBPW01,0.752236187,2.53168943,0.73219068,positive assoc.
MAGsDB_PAIF01,MAGsDB_PBFL01,0.605377355,2.3808366,0.567438692,positive assoc.
MAGsDB_PAGM01,MAGsDB_PBPW01,0.659014052,2.902585584,0.812068966,positive assoc.
MAGsDB_NHIY01,MAGsDB_PBPX01,0.510813435,3.329495904,0.742510121,positive assoc.
MAGsDB_NHIW01,MAGsDB_PBXG01,0.562970097,2.222955515,0.641921397,positive assoc.
MAGsDB_NZYM01,MAGsDB_PBWZ01,0.823323046,0.225431114,0.678832117,positive assoc.
MAGsDB_NZFP01,MAGsDB_PBWZ01,0.634993732,3.326008687,0.716927454,positive assoc.
MAGsDB_NZQU01,MAGsDB_PBWQ01,0.801543592,3.510878114,0.791343669,positive assoc.
MAGsDB_NZPY02,MAGsDB_PBWQ01,0.760808445,0.130547114,0.465517241,positive assoc.
MAGsDB_NZPQ01,MAGsDB_PBWQ01,0.780955374,3.222033574,0.770913771,positive assoc.
MAGsDB_PAGS01,MAGsDB_PBWL01,0.898232503,2.289460303,0.712305987,positive assoc.
MAGsDB_PAUD01,MAGsDB_PBWJ01,0.757021904,3.103464633,0.704018547,positive assoc.
MAGsDB_NZXJ01,MAGsDB_PBWJ01,0.731322779,2.827526247,0.708939709,positive assoc.
MAGsDB_NZRW01,MAGsDB_PBWJ01,0.715103941,2.855986567,0.706349206,positive assoc.
MAGsDB_PBFL01,MAGsDB_PBWA01,0.901560843,0.111181914,0.215017065,positive assoc.
MAGsDB_PAZV01,MAGsDB_PBWA01,0.708935082,1.334860027,0.521285141,positive assoc.
MAGsDB_PACV01,MAGsDB_PBVJ01,0.462052765,0.666014432,0.351485149,positive assoc.
MAGsDB_NZPQ01,MAGsDB_PBVJ01,0.913926916,2.447803692,0.571212121,positive assoc.
MAGsDB_NZHA01,MAGsDB_PBVJ01,0.862892866,0.105454414,0.47,positive assoc.
MAGsDB_PBAP01,MAGsDB_PBVH01,0.916751999,0.633998942,0.220713073,positive assoc.
MAGsDB_NZIE01,MAGsDB_PBVC01,0.727911592,3.3565788,0.780468119,positive assoc.
MAGsDB_NZGS01,MAGsDB_PBVC01,0.794402872,1.828332984,0.662768031,positive assoc.
MAGsDB_PBPT01,MAGsDB_PBUG01,0.670598328,3.266137774,0.765941485,positive assoc.
MAGsDB_NZZR01,MAGsDB_PBUF01,0.860993161,2.557912724,0.662561576,positive assoc.
MAGsDB_NYUY01,MAGsDB_PBUF01,0.696727699,1.205251574,0.573251942,positive assoc.
MAGsDB_PAGD01,MAGsDB_PBTH01,0.92505002,2.883893127,0.804362645,positive assoc.
MAGsDB_NZWG01,MAGsDB_PBTH01,0.824968696,2.826238727,0.762833008,positive assoc.
MAGsDB_DALZ01,MAGsDB_PBSP01,0.896044477,0.497013227,0.410206084,positive assoc.
MAGsDB_PAHZ01,MAGsDB_PBRS01,0.761671662,3.460373727,0.648320229,positive assoc.
MAGsDB_NZHP01,MAGsDB_PBRS01,0.837100702,2.291832806,0.538942976,positive assoc.
MAGsDB_PATB01,MAGsDB_PBQX02,0.896158832,2.232183327,0.604143948,positive assoc.
MAGsDB_PBPW01,MAGsDB_PBPX01,0.604137693,2.766087487,0.711111111,positive assoc.
MAGsDB_PBIQ01,MAGsDB_PBPX01,0.862387598,1.708702627,0.642635659,positive assoc.
MAGsDB_PASX01,MAGsDB_PBPW01,0.903739726,0.379387487,0.484335309,positive assoc.
MAGsDB_DBNL01,MAGsDB_PAJC01,0.813482099,1.910638154,0.62389641,positive assoc.
MAGsDB_NZHJ01,MAGsDB_PBFL01,0.727664351,0.745157804,0.420840065,positive assoc.
MAGsDB_NZMU01,MAGsDB_PBEE01,0.794255972,2.851483123,0.748117155,positive assoc.
MAGsDB_NHEH01,MAGsDB_PASA01,0.651633799,2.273820923,0.666666667,positive assoc.
MAGsDB_PAJF01,MAGsDB_PARX01,0.707676801,2.319755714,0.642263759,positive assoc.
MAGsDB_NHDO01,MAGsDB_PARX01,0.812907135,2.397996827,0.509656147,positive assoc.
MAGsDB_NYVQ01,MAGsDB_PARN01,0.738513768,1.015531435,0.63539823,positive assoc.
MAGsDB_NZKZ01,MAGsDB_PARE01,0.704048812,2.05026795,0.552845528,positive assoc.
MAGsDB_NZGS01,MAGsDB_PARE01,0.731471597,1.060273927,0.437611408,positive assoc.
MAGsDB_NHJR01,MAGsDB_PAPZ01,0.832025409,0.7102778,0.63878327,positive assoc.
MAGsDB_NHID01,MAGsDB_PAOX01,0.553647161,2.653787734,0.783166904,positive assoc.
MAGsDB_PAHZ01,MAGsDB_PAOR01,0.630863908,3.283439814,0.805761317,positive assoc.
MAGsDB_PADF01,MAGsDB_PAOK01,0.884028797,1.105949405,0.425631431,positive assoc.
MAGsDB_DAPJ01,MAGsDB_PAOK01,0.831049323,0.921755835,0.436308927,positive assoc.
MAGsDB_PAIC01,MAGsDB_PAML01,0.757709274,0.4901954,0.657559199,positive assoc.
MAGsDB_PAGX01,MAGsDB_PALW01,0.958190536,1.22E-05,0.570168404,positive assoc.
MAGsDB_NHLD01,MAGsDB_PALU01,0.817171859,1.355880614,0.734579439,positive assoc.
MAGsDB_PAGL01,MAGsDB_PAKF01,0.72537761,0.061587214,0.460869565,positive assoc.
MAGsDB_NZYW01,MAGsDB_PAKF01,0.829295738,2.642806614,0.705197133,positive assoc.
MAGsDB_NZXN01,MAGsDB_PAKF01,0.981133282,3.031424214,0.761257434,positive assoc.
MAGsDB_NZSQ01,MAGsDB_PAKF01,0.520103305,2.448091614,0.695945946,positive assoc.
MAGsDB_NZNY01,MAGsDB_PAKF01,0.560822188,2.794389614,0.717391304,positive assoc.
MAGsDB_NZFP01,MAGsDB_PAKF01,0.688184102,2.764678227,0.736763609,positive assoc.
MAGsDB_NHIT01,MAGsDB_PAKF01,0.581340949,2.679472227,0.724489796,positive assoc.
MAGsDB_NZHF01,MAGsDB_PAKE01,0.92292966,2.464929906,0.690776377,positive assoc.
MAGsDB_NYVO01,MAGsDB_PAJG01,0.785710573,2.903704,0.796640141,positive assoc.
MAGsDB_PAGD01,MAGsDB_PAJF01,0.75198549,2.252781114,0.645517241,positive assoc.
MAGsDB_NZVF01,MAGsDB_PAJF01,0.699676096,2.430165114,0.681020734,positive assoc.
MAGsDB_NZHU01,MAGsDB_PAJF01,0.731283027,2.210943914,0.71890686,positive assoc.
MAGsDB_NHJP01,MAGsDB_PAJF01,0.851862133,1.259831114,0.712871287,positive assoc.
MAGsDB_PAIZ01,MAGsDB_PAJD01,0.942004383,0.944034614,0.396355353,positive assoc.
MAGsDB_NZZH01,MAGsDB_PAJD01,0.828208954,2.330273627,0.59430605,positive assoc.
MAGsDB_NZZR01,MAGsDB_PASO01,0.961974356,2.316797624,0.637033625,positive assoc.
MAGsDB_PAOP01,MAGsDB_PBEK01,0.669235863,3.006941324,0.801619433,positive assoc.
MAGsDB_NZIE01,MAGsDB_PASX01,0.71688056,1.037225964,0.625812442,positive assoc.
MAGsDB_NZMV01,MAGsDB_PATT01,0.604689062,1.317086032,0.689655172,positive assoc.
MAGsDB_DKQG01,MAGsDB_PBAP01,0.966549755,2.788158077,0.664846077,positive assoc.
MAGsDB_DDDN01,MAGsDB_PBAJ01,0.896738394,3.010586176,0.685531233,positive assoc.
MAGsDB_DCQV01,MAGsDB_PBAJ01,0.723185539,2.714146572,0.712443946,positive assoc.
MAGsDB_PAMU01,MAGsDB_PAZV01,0.696307182,2.639836992,0.746500778,positive assoc.
MAGsDB_PABV01,MAGsDB_PAZV01,0.800792336,2.888925827,0.786986301,positive assoc.
MAGsDB_NHID01,MAGsDB_PAZE01,0.725950062,2.930783714,0.69268559,positive assoc.
MAGsDB_PATA01,MAGsDB_PAYO01,0.958819486,0.775273832,0.545840407,positive assoc.
MAGsDB_PAMW01,MAGsDB_PAYO01,0.906685245,0.608380818,0.596491228,positive assoc.
MAGsDB_NZXK01,MAGsDB_PAYO01,0.656211854,1.532993418,0.65997994,positive assoc.
MAGsDB_NZSQ01,MAGsDB_PAYO01,0.463182408,0.363781018,0.497624703,positive assoc.
MAGsDB_NZHZ01,MAGsDB_PAYO01,0.605703131,3.222505378,0.798735511,positive assoc.
MAGsDB_NZHA01,MAGsDB_PAYO01,0.729132346,0.320818814,0.544444444,positive assoc.
MAGsDB_NZHZ01,MAGsDB_PAYI01,0.943792529,3.054235973,0.754445964,positive assoc.
MAGsDB_DAVY01,MAGsDB_PAXQ01,0.80364871,3.508377434,0.862931034,positive assoc.
MAGsDB_NZWZ01,MAGsDB_PAXE01,0.619240284,0.131157114,0.407211029,positive assoc.
MAGsDB_NZOY01,MAGsDB_PAXE01,0.51902318,1.352082214,0.6035313,positive assoc.
MAGsDB_PACY01,MAGsDB_PAWZ01,0.869437788,2.198501967,0.63187251,positive assoc.
MAGsDB_PAUK01,MAGsDB_PAWK01,0.682453692,2.137382914,0.645647059,positive assoc.
MAGsDB_NHGO01,MAGsDB_PAWK01,0.855138659,0.111183227,0.406688963,positive assoc.
MAGsDB_NZUB01,MAGsDB_PAVX01,0.947100818,0.258425627,0.385929648,positive assoc.
MAGsDB_NZVJ01,MAGsDB_PAUK01,0.679846521,1.031450414,0.425890279,positive assoc.
MAGsDB_DFRF01,MAGsDB_PAUK01,0.60785836,0.838162894,0.418572736,positive assoc.
MAGsDB_PADF01,MAGsDB_PAUH01,0.89127225,1.122400037,0.409463148,positive assoc.
MAGsDB_NZZH01,MAGsDB_PAUD01,0.848657755,1.413051514,0.562774363,positive assoc.
MAGsDB_PAOX01,MAGsDB_PATV01,0.762980481,2.652175624,0.845679012,positive assoc.
MAGsDB_PABV01,MAGsDB_PATV01,0.802765906,0.588064104,0.394392523,positive assoc.
MAGsDB_PAMY01,MAGsDB_PATT01,0.612889366,0.946557118,0.570626754,positive assoc.
MAGsDB_NZSQ01,MAGsDB_PATT01,0.682127686,0.455735418,0.594262295,positive assoc.
MAGsDB_NZOY01,MAGsDB_PATT01,0.79864805,0.802435692,0.528735632,positive assoc.
MAGsDB_DALZ01,MAGsDB_PATC01,0.921361685,1.121562027,0.377176015,positive assoc.
MAGsDB_NHLD01,MarDB_GCA_003331415.1_ASM333141v1,0.652380963,2.713922499,0.751575158,positive assoc.
MAGsDB_NZPY02,MarDB_SAR116_cluster_bacterium_AG-426-A06,0.455867213,1.941504227,0.652474108,positive assoc.
MAGsDB_PAGL01,MarDB_GCA_003331415.1_ASM333141v1,0.833653086,1.190025599,0.582417582,positive assoc.
MarDB_Pelagibacteraceae_bacterium_AG-337-I02,MarDB_Pelagibacteraceae_bacterium_AG-430-F16,0.375868228,1.510272237,0.494659546,positive assoc.
MarDB_Pelagibacteraceae_bacterium_AG-313-A04,MarDB_Pelagibacteraceae_bacterium_AG-430-F16,0.733578543,0.756252177,0.264231096,positive assoc.
MarDB_Candidatus_Pelagibacter_ubique_SCGC_AAA795-N17,MarDB_Pelagibacteraceae_bacterium_AG-430-F16,0.736683867,0.804733564,0.560134567,positive assoc.
MarDB_Candidatus_Pelagibacter_ubique_SCGC_AAA795-M22,MarDB_Pelagibacteraceae_bacterium_AG-430-F16,0.642210317,1.22E-05,0.264134276,positive assoc.
MAGsDB_TARA_ANE_MAG_00078,MarDB_Pelagibacteraceae_bacterium_AG-430-F16,0.903916702,2.391273124,0.595225176,positive assoc.
MAGsDB_PAGO01,MarDB_Pelagibacteraceae_bacterium_AG-430-F16,0.631084056,2.530087424,0.721264368,positive assoc.
MAGsDB_NZIR01,MarDB_Pelagibacteraceae_bacterium_AG-430-F16,0.77740258,1.032478424,0.278083268,positive assoc.
MarDB_Pelagibacteraceae_bacterium_AG-365-D07,MarDB_Pelagibacteraceae_bacterium_AG-430-E20,0.713211471,0.443204327,0.29703763,positive assoc.
MarDB_Pelagibacteraceae_bacterium_AG-359-O02,MarDB_Pelagibacteraceae_bacterium_AG-430-E20,0.561879065,0.457064227,0.275339186,positive assoc.
MarDB_Pelagibacteraceae_bacterium_AG-325-E08,MarDB_Pelagibacteraceae_bacterium_AG-430-E20,0.616658409,0.199453717,0.233830846,positive assoc.
MAGsDB_NZHZ01,MarDB_Pelagibacteraceae_bacterium_AG-430-E20,0.780686011,3.301777984,0.72741433,positive assoc.
MAGsDB_NZFG01,MarDB_Pelagibacteraceae_bacterium_AG-430-E20,0.874679084,1.760774237,0.637904468,positive assoc.
MAGsDB_NHKD01,MarDB_Pelagibacteraceae_bacterium_AG-430-E20,0.669080954,0.260710054,0.635335074,positive assoc.
MarDB_Pelagibacteraceae_bacterium_AG-422-I02,MarDB_Pelagibacteraceae_bacterium_AG-430-F16,0.69613591,0.754252177,0.430457746,positive assoc.
MarDB_Pelagibacteraceae_bacterium_AG-404-P07,MarDB_Pelagibacteraceae_bacterium_AG-426-P20,0.557615221,0.091882227,0.381363244,positive assoc.
MAGsDB_TARA_ANE_MAG_00017,MarDB_Pelagibacteraceae_bacterium_AG-426-P20,0.756220606,0.843110724,0.429442509,positive assoc.
MAGsDB_PAER01,MarDB_Pelagibacteraceae_bacterium_AG-426-P20,0.58239454,2.509204324,0.676935229,positive assoc.
MAGsDB_PBJS01,MarDB_Pelagibacteraceae_bacterium_AG-426-M19,0.853304539,2.075222787,0.564332735,positive assoc.
MarDB_Pelagibacteraceae_bacterium_AG-390-C22,MarDB_Pelagibacteraceae_bacterium_AG-426-L23,0.526249899,0.354297957,0.228163993,positive assoc.
MarDB_Pelagibacteraceae_bacterium_AG-325-E13,MarDB_Pelagibacteraceae_bacterium_AG-426-L23,0.598119974,0.345164157,0.25,positive assoc.
MarDB_OCS155_cluster_bacterium_AG-333-G23,MarDB_Pelagibacteraceae_bacterium_AG-426-L23,0.600251277,3.071197701,0.642703091,positive assoc.
MarDB_Candidatus_Pelagibacter_ubique_SCGC_AAA795-E07,MarDB_Pelagibacteraceae_bacterium_AG-426-L23,0.490860953,0.281756757,0.434625789,positive assoc.
MAGsDB_TARA_ANW_MAG_00051,MarDB_Pelagibacteraceae_bacterium_AG-426-L23,0.640141558,0.634725904,0.488829312,positive assoc.
MAGsDB_PAGZ01,MarDB_Pelagibacteraceae_bacterium_AG-426-L23,0.654475568,0.376186817,0.39134055,positive assoc.
MAGsDB_NHLI01,MarDB_Pelagibacteraceae_bacterium_AG-426-L23,0.881996572,0.454419044,0.575862069,positive assoc.
MAGsDB_NHIY01,MarDB_Pelagibacteraceae_bacterium_AG-426-L23,0.52142495,0.912760494,0.480106101,positive assoc.
MAGsDB_PAGZ01,MarDB_Pelagibacteraceae_bacterium_AG-426-I15,0.740210713,0.107962227,0.346483705,positive assoc.
MAGsDB_NZFE01,MarDB_Pelagibacteraceae_bacterium_AG-426-I15,0.60176158,0.321092167,0.526679842,positive assoc.
MarDB_Candidatus_Pelagibacter_HTCC7214,MarDB_Pelagibacteraceae_bacterium_AG-426-P20,0.620889246,0.180402197,0.302694136,positive assoc.
MarDB_Pelagibacteraceae_bacterium_AG-426-G09,MarDB_Pelagibacteraceae_bacterium_AG-430-F16,0.504379899,0.379822327,0.225674571,positive assoc.
MarDB_Pelagibacteraceae_bacterium_AG-359-O02,MarDB_Pelagibacteraceae_bacterium_AG-430-I06,0.793461912,0.707972237,0.37768595,positive assoc.
MAGsDB_TARA_MED_MAG_00110,MarDB_Pelagibacteraceae_bacterium_AG-430-P08,0.925109499,2.541867924,0.675451807,positive assoc.
MarDB_Pelagibacteraceae_bacterium_AG-426-M19,MarDB_Pelagibacteraceae_bacterium_GOM-A5,0.578377306,0.008534918,0.475189235,positive assoc.
MAGsDB_NZPH01,MarDB_Pelagibacteraceae_bacterium_GOM-A5,0.532009939,1.249181364,0.703933747,positive assoc.
MarDB_Pelagibacteraceae_bacterium_AG-470-G21,MarDB_Pelagibacteraceae_bacterium_GOM-A1,0.718202983,0.071463127,0.212851406,positive assoc.
MarDB_Pelagibacteraceae_bacterium_AG-426-M19,MarDB_Pelagibacteraceae_bacterium_GOM-A1,0.894145384,0.004053477,0.159270998,positive assoc.
MarDB_Pelagibacteraceae_bacterium_AG-426-G02,MarDB_Pelagibacteraceae_bacterium_GOM-A1,0.739935244,0.470322227,0.265354331,positive assoc.
MarDB_Pelagibacteraceae_bacterium_AG-325-E23,MarDB_Pelagibacteraceae_bacterium_GOM-A1,0.816729248,0.237742227,0.299846626,positive assoc.
MAGsDB_NZNY01,MarDB_Pelagibacteraceae_bacterium_GOM-A1,0.809657055,2.675149624,0.706908583,positive assoc.
MAGsDB_NZKC01,MarDB_Pelagibacteraceae_bacterium_AG-470-G21,0.568706018,0.320033127,0.442664418,positive assoc.
MAGsDB_NZIE01,MarDB_Pelagibacteraceae_bacterium_AG-470-G21,0.713840538,2.962586874,0.745696401,positive assoc.
MAGsDB_NZKC01,MarDB_Pelagibacteraceae_bacterium_AG-461-B04,0.652561963,1.185282137,0.535714286,positive assoc.
MAGsDB_NHGT01,MarDB_Pelagibacteraceae_bacterium_AG-461-B04,0.781912368,2.709887914,0.676718093,positive assoc.
MarDB_Pelagibacteraceae_bacterium_AG-426-G02,MarDB_Pelagibacteraceae_bacterium_AG-447-N18,0.475340856,0.005752227,0.201716738,positive assoc.
MarDB_Pelagibacteraceae_bacterium_AG-426-A02,MarDB_Pelagibacteraceae_bacterium_AG-447-N18,0.491979946,0.493232227,0.379191745,positive assoc.
MarDB_Candidatus_Pelagibacter_ubique_SCGC_AAA795-M18,MarDB_Pelagibacteraceae_bacterium_AG-447-N18,0.518027495,0.395083124,0.409553641,positive assoc.
MAGsDB_TARA_MED_MAG_00093,MarDB_Pelagibacteraceae_bacterium_AG-447-N18,0.788977027,3.129027624,0.660234321,positive assoc.
MAGsDB_DAPP01,MarDB_Pelagibacteraceae_bacterium_AG-447-N18,0.653560758,3.024767237,0.791772152,positive assoc.
MarDB_Pelagibacteraceae_bacterium_AG-422-I02,MarDB_Pelagibacteraceae_bacterium_AG-447-E22,0.526509412,0.859532177,0.512242899,positive assoc.
MarDB_Pelagibacteraceae_bacterium_AG-390-M19,MarDB_Pelagibacteraceae_bacterium_AG-447-E22,0.730339362,0.193322227,0.550839965,positive assoc.
MarDB_Pelagibacteraceae_bacterium_AG-390-A23,MarDB_Pelagibacteraceae_bacterium_AG-447-E22,0.618184428,0.194432227,0.449744463,positive assoc.
MarDB_Pelagibacteraceae_bacterium_AG-426-G09,MarDB_Pelagibacteraceae_bacterium_AG-439-F23,0.786645769,0.299692327,0.338316286,positive assoc.
MarDB_Pelagibacteraceae_bacterium_AG-410-D23,MarDB_Pelagibacteraceae_bacterium_AG-439-F23,0.620781106,0.231142287,0.513124471,positive assoc.
MarDB_Pelagibacteraceae_bacterium_AG-404-N13,MarDB_Pelagibacteraceae_bacterium_AG-439-F23,0.577873328,0.054085227,0.309677419,positive assoc.
MAGsDB_TARA_MED_MAG_00051,MarDB_Pelagibacteraceae_bacterium_AG-439-F23,0.713732432,2.422826622,0.618022865,positive assoc.
MAGsDB_TARA_IOS_MAG_00053,MarDB_Pelagibacteraceae_bacterium_AG-439-F23,0.910232723,1.503312824,0.714716981,positive assoc.
MAGsDB_NHLN01,MarDB_Pelagibacteraceae_bacterium_AG-439-F23,0.555257332,0.389764174,0.664253394,positive assoc.
MAGsDB_NHIY01,MarDB_Pelagibacteraceae_bacterium_AG-439-F23,0.559755531,0.491395894,0.473090278,positive assoc.
MarDB_Pelagibacteraceae_bacterium_AG-430-E20,MarDB_Pelagibacteraceae_bacterium_AG-430-P08,0.533027215,0.183934227,0.264244426,positive assoc.
MarDB_OCS155_cluster_bacterium_AG-422-P13,MarDB_Pelagibacteraceae_bacterium_AG-430-P08,0.826240718,3.3043445,0.682562278,positive assoc.
MarDB_Candidatus_Pelagibacter_ubique_SCGC_AAA795-L23,MarDB_Pelagibacteraceae_bacterium_AG-430-P08,0.678502833,0.033832227,0.371403662,positive assoc.
MarDB_Pelagibacteraceae_bacterium_AG-365-D07,MarDB_Pelagibacteraceae_bacterium_AG-426-G09,0.507255214,1.22E-05,0.206457094,positive assoc.
MarDB_Pelagibacteraceae_bacterium_AG-349-O05,MarDB_Pelagibacteraceae_bacterium_AG-426-G09,0.910152059,0.442912327,0.261942675,positive assoc.
MarDB_Candidatus_Pelagibacter_ubique_SCGC_AAA795-J21,MarDB_Pelagibacteraceae_bacterium_AG-426-G09,0.458987017,0.442912327,0.42983871,positive assoc.
MAGsDB_PBXU01,MarDB_Pelagibacteraceae_bacterium_AG-426-G09,0.495490865,3.123994994,0.712349398,positive assoc.
MarDB_Pelagibacteraceae_bacterium_AG-410-D23,MarDB_Pelagibacteraceae_bacterium_AG-414-M23,0.762650992,0.238372387,0.424528302,positive assoc.
MarDB_Alphaproteobacteria_bacterium_MarineAlpha6_Bin4,MarDB_Pelagibacteraceae_bacterium_AG-414-M23,0.754220843,1.345332337,0.553731343,positive assoc.
MAGsDB_TARA_ANE_MAG_00035,MarDB_Pelagibacteraceae_bacterium_AG-414-M23,0.75614687,0.850722064,0.389114541,positive assoc.
MAGsDB_PBIQ01,MarDB_Pelagibacteraceae_bacterium_AG-414-M23,0.80289758,2.647372737,0.697763578,positive assoc.
MAGsDB_PBCY01,MarDB_Pelagibacteraceae_bacterium_AG-414-M23,0.928068912,1.320082337,0.493314567,positive assoc.
MAGsDB_NZVJ01,MarDB_Pelagibacteraceae_bacterium_AG-414-M23,0.632927477,1.907299837,0.573298429,positive assoc.
MAGsDB_PBIP01,MarDB_Pelagibacteraceae_bacterium_AG-414-E02,0.949928937,1.053107509,0.615571776,positive assoc.
MarDB_Pelagibacteraceae_bacterium_AG-390-O04,MarDB_Pelagibacteraceae_bacterium_AG-410-N23,0.565499851,0.104642227,0.321061644,positive assoc.
MarDB_Pelagibacteraceae_bacterium_AG-390-A02,MarDB_Pelagibacteraceae_bacterium_AG-410-N23,0.515014626,0.200602227,0.416528926,positive assoc.
MarDB_Candidatus_Pelagibacter_ubique_SCGC_AAA795-L23,MarDB_Pelagibacteraceae_bacterium_AG-410-N23,0.534796133,0.104232227,0.383075523,positive assoc.
MarDB_Candidatus_Pelagibacter_ubique_SCGC_AAA795-J21,MarDB_Pelagibacteraceae_bacterium_AG-410-N23,0.47174796,0.193422227,0.516129032,positive assoc.
MarDB_Candidatus_Pelagibacter_ubique_SCGC_AAA795-D22,MarDB_Pelagibacteraceae_bacterium_AG-410-N23,0.492069513,0.131672227,0.318671454,positive assoc.
MAGsDB_NZUO01,MarDB_Pelagibacteraceae_bacterium_AG-410-N23,0.503993505,0.466271114,0.581441264,positive assoc.
MAGsDB_NHGD01,MarDB_Pelagibacteraceae_bacterium_AG-410-N23,0.807970989,0.844932177,0.469483568,positive assoc.
MAGsDB_TARA_ANW_MAG_00064,MarDB_Pelagibacteraceae_bacterium_AG-410-D23,0.5934999,1.484668084,0.634803922,positive assoc.
MAGsDB_PBXI01,MarDB_Pelagibacteraceae_bacterium_AG-410-D23,0.675975975,1.445305784,0.635859519,positive assoc.
MAGsDB_PBPX01,MarDB_Pelagibacteraceae_bacterium_AG-410-D23,0.524121123,3.069242297,0.698572628,positive assoc.
MAGsDB_PBFI01,MarDB_Pelagibacteraceae_bacterium_AG-410-D23,0.661609173,2.256569634,0.671497585,positive assoc.
MarDB_OCS155_cluster_bacterium_AG-422-P13,MarDB_Pelagibacteraceae_bacterium_AG-410-B18,0.48878718,3.09884609,0.694542877,positive assoc.
MarDB_Pelagibacteraceae_bacterium_AG-404-N13,MarDB_Pelagibacteraceae_bacterium_AG-404-P08,0.450309753,1.729035237,0.508591065,positive assoc.
MarDB_Pelagibacteraceae_bacterium_AG-349-E10,MarDB_Pelagibacteraceae_bacterium_AG-404-P08,0.892283201,1.22E-05,0.38330494,positive assoc.
MAGsDB_NHDS01,MarDB_Pelagibacteraceae_bacterium_AG-404-P07,0.769799531,1.550527883,0.591178407,positive assoc.
MAGsDB_TARA_IOS_MAG_00015,MarDB_Pelagibacteraceae_bacterium_AG-404-N13,0.564585554,2.451882664,0.563342318,positive assoc.
MAGsDB_TARA_ANW_MAG_00027,MarDB_Pelagibacteraceae_bacterium_AG-404-N13,0.828093591,3.183115324,0.819123506,positive assoc.
MarDB_Pelagibacteraceae_bacterium_AG-349-L17,MarDB_Pelagibacteraceae_bacterium_AG-390-O04,0.510123113,0.148162227,0.275697211,positive assoc.
MarDB_Pelagibacteraceae_bacterium_AG-337-G04,MarDB_Pelagibacteraceae_bacterium_AG-390-O04,0.713869504,0.412602227,0.267496112,positive assoc.
MarDB_Pelagibacteraceae_bacterium_AG-325-J13,MarDB_Pelagibacteraceae_bacterium_AG-390-O04,0.514370246,0.811778777,0.373970346,positive assoc.
MarDB_Candidatus_Pelagibacter_ubique_SCGC_AAA795-C09,MarDB_Pelagibacteraceae_bacterium_AG-390-O04,0.644185431,0.074152227,0.431079895,positive assoc.
MAGsDB_PAYI01,MarDB_Pelagibacteraceae_bacterium_AG-390-O04,0.760963833,3.125382237,0.634104046,positive assoc.
MAGsDB_NZPH01,MarDB_Pelagibacteraceae_bacterium_AG-422-B15,0.570376157,0.387959914,0.596412556,positive assoc.
MarDB_Pelagibacteraceae_bacterium_AG-390-C22,MarDB_Pelagibacterales_bacterium_MED-G40,0.852540249,0.360313557,0.256294964,positive assoc.
MAGsDB_NZVP01,MarDB_Pelagibacteraceae_bacterium_AG-422-B15,0.688412547,2.754400168,0.711496746,positive assoc.
MarDB_OCS116_cluster_bacterium_AG-435-F03,MarDB_Pelagibacteraceae_bacterium_AG-422-B15,0.621721912,1.962575938,0.483918129,positive assoc.
MarDB_Pelagibacteraceae_bacterium_AG-422-D23,MarDB_Pelagibacteraceae_bacterium_AG-426-G02,0.468472263,0.209462227,0.314942529,positive assoc.
MarDB_Pelagibacteraceae_bacterium_AG-404-P08,MarDB_Pelagibacteraceae_bacterium_AG-426-G02,0.62720433,1.801162237,0.51200565,positive assoc.
MarDB_Candidatus_Pelagibacter_ubique_SCGC_AAA795-F16,MarDB_Pelagibacteraceae_bacterium_AG-426-G02,0.550242213,0.498972227,0.320205479,positive assoc.
MarDB_Candidatus_Pelagibacter_ubique_SCGC_AAA795-E22,MarDB_Pelagibacteraceae_bacterium_AG-426-G02,0.502945618,0.370272227,0.43556701,positive assoc.
MarDB_Candidatus_Pelagibacter_ubique_SCGC_AAA795-E07,MarDB_Pelagibacteraceae_bacterium_AG-426-G02,0.511994347,0.830652177,0.465056083,positive assoc.
MAGsDB_PAYV01,MarDB_Pelagibacteraceae_bacterium_AG-426-G02,0.938036828,1.538502237,0.654092527,positive assoc.
MarDB_Pelagibacteraceae_bacterium_AG-410-B18,MarDB_Pelagibacteraceae_bacterium_AG-426-E17,0.487244066,1.499693837,0.51203966,positive assoc.
MarDB_Candidatus_Pelagibacter_ubique_SCGC_AAA795-M22,MarDB_Pelagibacteraceae_bacterium_AG-426-E17,0.468821963,0.186972227,0.248041775,positive assoc.
MarDB_Candidatus_Pelagibacter_ubique_SCGC_AAA795-E22,MarDB_Pelagibacteraceae_bacterium_AG-426-E17,0.487605631,0.277702227,0.383193277,positive assoc.
MAGsDB_PAZO01,MarDB_Pelagibacteraceae_bacterium_AG-426-E17,0.919633899,3.307582237,0.688256228,positive assoc.
MAGsDB_PAMU01,MarDB_Pelagibacteraceae_bacterium_AG-426-E17,0.751694117,2.390231902,0.586734694,positive assoc.
MAGsDB_PAKF01,MarDB_Pelagibacteraceae_bacterium_AG-426-E17,0.606758204,2.830612237,0.717203456,positive assoc.
MarDB_Pelagibacteraceae_bacterium_AG-422-B15,MarDB_Pelagibacteraceae_bacterium_AG-426-A02,0.460065624,1.237933838,0.524239934,positive assoc.
MarDB_Pelagibacteraceae_bacterium_AG-339-N18,MarDB_Pelagibacteraceae_bacterium_AG-426-A02,0.912635474,0.472182227,0.555339806,positive assoc.
MarDB_Candidatus_Pelagibacter_ubique_SCGC_AAA795-M22,MarDB_Pelagibacteraceae_bacterium_AG-426-A02,0.401208339,0.239202227,0.376313276,positive assoc.
MAGsDB_TARA_ANW_MAG_00005,MarDB_Pelagibacteraceae_bacterium_AG-426-A02,0.653007746,2.341122237,0.700556399,positive assoc.
MAGsDB_PBWQ01,MarDB_Pelagibacteraceae_bacterium_AG-426-A02,0.422778938,2.485129124,0.654219567,positive assoc.
MAGsDB_PADJ01,MarDB_GCA_003331415.1_ASM333141v1,0.731450449,2.304015299,0.689903846,positive assoc.
MarDB_Pelagibacteraceae_bacterium_AG-390-O04,MarDB_Pelagibacteraceae_bacterium_AG-422-D23,0.456623129,0.149262227,0.231678487,positive assoc.
MarDB_Pelagibacteraceae_bacterium_AG-390-A02,MarDB_Pelagibacteraceae_bacterium_AG-422-D23,0.453635964,0.077562227,0.263033175,positive assoc.
MarDB_Candidatus_Pelagibacter_ubique_SCGC_AAA795-P11,MarDB_Pelagibacteraceae_bacterium_AG-422-D23,0.512972344,1.22E-05,0.318681319,positive assoc.
MarDB_Candidatus_Pelagibacter_ubique_SCGC_AAA795-J21,MarDB_Pelagibacteraceae_bacterium_AG-422-D23,0.539830565,0.014022227,0.394466403,positive assoc.
MAGsDB_TARA_MED_MAG_00077,MarDB_Pelagibacteraceae_bacterium_AG-422-D23,0.905683082,2.979400324,0.663182346,positive assoc.
MAGsDB_TARA_ANW_MAG_00064,MarDB_Pelagibacteraceae_bacterium_AG-422-D23,0.55467469,1.670508024,0.526866713,positive assoc.
MAGsDB_PBHD01,MarDB_Pelagibacteraceae_bacterium_AG-422-D23,0.553748996,3.184477237,0.635470826,positive assoc.
MAGsDB_NZWF01,MarDB_Pelagibacteraceae_bacterium_AG-422-D23,0.749896824,2.610212137,0.59921671,positive assoc.
MarDB_Pelagibacteraceae_bacterium_AG-325-E13,MarDB_Pelagibacteraceae_bacterium_AG-422-C23,0.829442501,0.824749577,0.437445319,positive assoc.
MAGsDB_TARA_PSE_MAG_00084,MarDB_Pelagibacteraceae_bacterium_AG-422-C23,0.747951329,0.798784924,0.440645774,positive assoc.
MarDB_Pelagibacteraceae_bacterium_AG-337-G04,MarDB_Pelagibacteraceae_bacterium_AG-422-B15,0.680828483,1.248563838,0.429613421,positive assoc.
MAGsDB_TARA_IOS_MAG_00025,MarDB_Pelagibacteraceae_bacterium_AG-422-B15,0.73887774,2.185832872,0.611192931,positive assoc.
MarDB_Pelagibacteraceae_bacterium_AG-390-A02,MarDB_Pelagibacteraceae_bacterium_AG-390-M19,0.614420594,0.007292227,0.439189189,positive assoc.
MAGsDB_NHKD01,MarDB_Pelagibacterales_bacterium_MED-G42,0.704983294,0.225943354,0.659638554,positive assoc.
MAGsDB_NYUY01,MarDB_Pelagibacterales_bacterium_MED-G43,0.899724911,2.360175214,0.786558346,positive assoc.
MAGsDB_TARA_ANW_MAG_00023,MarDB_alpha_proteobacterium_SCGC_AAA015-O19,0.676870001,3.26983185,0.695142379,positive assoc.
MAGsDB_PBXH01,MarDB_alpha_proteobacterium_SCGC_AAA015-O19,0.68868959,2.725363804,0.757178527,positive assoc.
MAGsDB_PAKF01,MarDB_alpha_proteobacterium_SCGC_AAA015-O19,0.664259782,3.052114004,0.798688525,positive assoc.
MAGsDB_NYVQ01,MarDB_alpha_proteobacterium_SCGC_AAA015-O19,0.589784172,1.411804004,0.523679913,positive assoc.
MarDB_SAR116_cluster_bacterium_AG-426-A06,MarDB_alpha_proteobacterium_SCGC_AAA015-N04,0.856529573,0.511462227,0.500349895,positive assoc.
MAGsDB_NZPN01,MarDB_alpha_proteobacterium_MED-G10,0.751533329,2.489786414,0.638347623,positive assoc.
MAGsDB_NHEU01,MarDB_alpha_proteobacterium_MED-G10,0.591842353,1.483579514,0.513383665,positive assoc.
MAGsDB_DDDO01,MarDB_alpha_proteobacterium_MED-G10,0.78749678,2.914896327,0.698164514,positive assoc.
MarDB_SAR86_cluster_bacterium_AG-313-N18,MarDB_SAR92_bacterium_MED-G29,0.818075001,1.776812988,0.571821306,positive assoc.
MAGsDB_NHLT01,MarDB_SAR92_bacterium_MED-G29,0.910407984,2.624721258,0.767567568,positive assoc.
MAGsDB_NHJR01,MarDB_SAR92_bacterium_MED-G29,0.787384391,3.037520058,0.729710656,positive assoc.
MarDB_OCS116_cluster_bacterium_AG-390-A19,MarDB_SAR86_cluster_bacterium_SAR86B,0.860452427,2.480592494,0.487179487,positive assoc.
MarDB_SAR86_cluster_bacterium_AG-422-O05,MarDB_SAR86_cluster_bacterium_SAR86A,0.882860355,0.190543927,0.131433824,positive assoc.
MAGsDB_TARA_PSW_MAG_00093,MarDB_alpha_proteobacterium_SCGC_AAA015-O19,0.911885367,2.23669811,0.670498084,positive assoc.
MarDB_Oceanospirillales_bacterium_SCGC_AAA298-N10,MarDB_SAR86_cluster_bacterium_SAR86A,0.58678367,0.279690694,0.263401109,positive assoc.
MAGsDB_PBVQ01,MarDB_SAR86_cluster_bacterium_SAR86A,0.821561164,2.778655527,0.669344043,positive assoc.
MAGsDB_PAOE01,MarDB_SAR86_cluster_bacterium_SAR86A,0.519847453,1.179044547,0.392709196,positive assoc.
MAGsDB_PAJW01,MarDB_SAR86_cluster_bacterium_SAR86A,0.674391091,0.083956627,0.28,positive assoc.
MAGsDB_NZRN01,MarDB_SAR86_cluster_bacterium_SAR86A,0.902163255,2.683068174,0.664565826,positive assoc.
MAGsDB_NZGS01,MarDB_SAR86_cluster_bacterium_SAR86A,0.637674652,2.278584747,0.642857143,positive assoc.
MarDB_Prochlorococcus_sp_scB245a_518D8,MarDB_SAR86_cluster_bacterium_AG-447-A08,0.651889563,1.387100914,0.519379845,positive assoc.
MAGsDB_PBJU01,MarDB_SAR86_cluster_bacterium_AG-422-P06,0.808743715,2.914505807,0.752260398,positive assoc.
MAGsDB_NZPH01,MarDB_SAR86_cluster_bacterium_AG-422-P06,0.688436666,2.368505714,0.740856844,positive assoc.
MarDB_Pelagibacteraceae_bacterium_AG-422-B15,MarDB_SAR86_cluster_bacterium_AG-422-O05,0.476678988,2.163841328,0.556348074,positive assoc.
MAGsDB_TARA_ION_MAG_00024,MarDB_SAR86_cluster_bacterium_AG-422-O05,0.830571473,1.923253414,0.595310136,positive assoc.
MAGsDB_PBEY01,MarDB_SAR86_cluster_bacterium_AG-422-O05,0.858484778,2.677113614,0.769230769,positive assoc.
MAGsDB_PAXQ01,MarDB_SAR86_cluster_bacterium_AG-422-O05,0.589754105,3.099115074,0.771747805,positive assoc.
MAGsDB_NYVO01,MarDB_SAR86_cluster_bacterium_AG-422-O05,0.411324167,0.594216114,0.357267951,positive assoc.
MAGsDB_TARA_RED_MAG_00009,MarDB_SAR86_cluster_bacterium_SAR86A,0.856625534,2.272560664,0.58597786,positive assoc.
MAGsDB_NHJT01,MarDB_alpha_proteobacterium_SCGC_AAA536-K22,0.872901225,2.008410934,0.675840979,positive assoc.
MAGsDB_NHKH01,MarDB_alpha_proteobacterium_SCGC_AAA536-K22,0.80907625,2.078739591,0.680603949,positive assoc.
MAGsDB_NHKN01,MarDB_alpha_proteobacterium_SCGC_AAA536-K22,0.793604493,1.978481994,0.679658952,positive assoc.
MAGsDB_TARA_MED_MAG_00110,MarRef_alpha_proteobacterium_HIMB59,0.694604306,2.437677914,0.652759085,positive assoc.
MarRef_Alteromonas_australica_H_17,MarRef_Zunongwangia_profunda_SM-A87,0.853644842,2.706899317,0.56127451,positive assoc.
MAGsDB_NHIW01,MarRef_Synechococcus_sp_RCC307,0.906408543,2.332475237,0.728795812,positive assoc.
MarDB_Synechococcus_sp_BL107,MarRef_Synechococcus_sp_CC9902,0.987788222,0.005231007,0.049242424,positive assoc.
MarDB_Synechococcus_sp_AG-683-C23,MarRef_Synechococcus_sp_CC9902,0.80814755,0.038210207,0.24375,positive assoc.
MAGsDB_NHIR01,MarRef_Synechococcus_sp_CC9605,0.866393124,2.679530189,0.743285124,positive assoc.
MarDB_Prochlorococcus_sp_AG-402-O21,MarRef_Prochlorococcus_marinus_str_NATL1A,0.910887787,0.067791066,0.09352518,positive assoc.
MarDB_Prochlorococcus_sp_AG-331-M18,MarRef_Prochlorococcus_marinus_str_NATL1A,0.835620562,0.01679496,0.388604821,positive assoc.
MAGsDB_DJLG01,MarRef_Prochlorococcus_marinus_str_NATL1A,0.84476012,2.760355012,0.631366616,positive assoc.
MarRef_Prochlorococcus_marinus_bv_HNLC1,MarRef_Prochlorococcus_marinus_bv_HNLC2,0.963207304,0.193860547,0.037212985,positive assoc.
MAGsDB_TARA_PSW_MAG_00085,MarRef_Prochlorococcus_marinus_bv_HNLC2,0.683369458,3.137783374,0.664915353,positive assoc.
MAGsDB_TARA_PSW_MAG_00037,MarRef_Prochlorococcus_marinus_bv_HNLC2,0.777896941,2.926378094,0.638469828,positive assoc.
MAGsDB_TARA_IOS_MAG_00024,MarRef_Prochlorococcus_marinus_bv_HNLC2,0.601721431,2.941629474,0.604802077,positive assoc.
MAGsDB_PBAG01,MarRef_Prochlorococcus_marinus_bv_HNLC1,0.896205977,3.120814367,0.725195822,positive assoc.
MAGsDB_TARA_PSE_MAG_00077,MarRef_Erythrobacter_sp_YH_07,0.898720518,0.2928586,0.224880383,positive assoc.
MAGsDB_NZXW01,MarRef_Erythrobacter_sp_YH_07,0.832966937,1.444689614,0.493666027,positive assoc.
MAGsDB_TARA_PSW_MAG_00048,MarRef_Candidatus_Nitrosopelagicus_brevis_CN25,0.485505131,2.19890899,0.793975256,positive assoc.
MAGsDB_TARA_MED_MAG_00072,MarRef_Candidatus_Nitrosopelagicus_brevis_CN25,0.939099301,2.67940507,0.821375557,positive assoc.
MAGsDB_PBNM01,MarRef_Candidatus_Nitrosopelagicus_brevis_CN25,0.81708473,2.183678564,0.741854637,positive assoc.
MarRef_Alteromonas_australica_H_17,MarRef_Alteromonas_mediterranea_strain_AR43,0.934274464,0.066728974,0.148223765,positive assoc.
MarDB_Erythrobacter_citreus_LAMA_915,MarRef_Alteromonas_mediterranea_strain_AR43,0.819414258,2.469521629,0.519052904,positive assoc.
MarDB_Alcanivorax_sp_UBA1911,MarRef_Alteromonas_australica_H_17,0.811593287,0.903698512,0.442181818,positive assoc.
MAGsDB_NZLD01,MarRef_Alteromonas_australica_H_17,0.643609988,2.233827094,0.687888767,positive assoc.
MAGsDB_DHXI01,MarRef_Alteromonas_australica_H_17,0.85464704,2.635890417,0.596635648,positive assoc.
MarDB_marine_actinobacterium_MedAcidiG1,MarDB_marine_actinobacterium_MedAcidiG2B,0.731378853,0.498611657,0.332092331,positive assoc.
MAGsDB_PADD01,MarDB_marine_actinobacterium_MedAcidiG2B,0.704225793,2.487870444,0.700987306,positive assoc.
MAGsDB_TARA_ANE_MAG_00028,MarDB_marine_actinobacterium_MedAcidiG1,0.864306359,2.588166234,0.626137841,positive assoc.
MAGsDB_PARX01,MarDB_alpha_proteobacterium_SCGC_AAA536-K22,0.771879743,1.641286827,0.551238465,positive assoc.
MAGsDB_NZVF01,MarDB_alpha_proteobacterium_SCGC_AAA536-K22,0.690209698,1.751696227,0.566901408,positive assoc.
MarDB_SAR116_cluster_bacterium_AG-426-A06,MarDB_SAR86_cluster_bacterium_AG-422-E19,0.547521612,2.051882387,0.662913441,positive assoc.
MarDB_Pelagibacterales_bacterium_MED-G43,MarDB_SAR86_cluster_bacterium_AG-422-E19,0.718428552,2.326761127,0.700884956,positive assoc.
MAGsDB_PAFL01,MarDB_SAR86_cluster_bacterium_AG-422-E19,0.549763351,0.608088874,0.409311348,positive assoc.
MAGsDB_NZMU01,MarDB_SAR86_cluster_bacterium_AG-422-E19,0.471234057,1.235103283,0.516521739,positive assoc.
MAGsDB_DFRF01,MarDB_SAR116_cluster_bacterium_AG-447-A06,0.892069459,1.147262207,0.47398568,positive assoc.
MAGsDB_PCCU01,MarDB_SAR116_cluster_bacterium_AG-426-A06,0.779308608,1.510167727,0.595827901,positive assoc.
MAGsDB_PADS01,MarDB_SAR116_cluster_bacterium_AG-426-A06,0.881686568,2.432211114,0.74212994,positive assoc.
MAGsDB_NZSE01,MarDB_SAR116_cluster_bacterium_AG-426-A06,0.644390404,2.058865877,0.679312813,positive assoc.
MAGsDB_NHEX01,MarDB_SAR116_cluster_bacterium_AG-426-A06,0.474584258,2.897681727,0.746546961,positive assoc.
MAGsDB_PCAN01,MarDB_SAR116_cluster_bacterium_AG-321-K23,0.919910801,1.786603637,0.610970996,positive assoc.
MAGsDB_NYVQ01,MarDB_SAR116_cluster_bacterium_AG-321-K23,0.729565322,0.41234925,0.491384102,positive assoc.
MarDB_Candidatus_Pelagibacter_ubique_HTCC9022,MarDB_SAR116_cluster_bacterium_AG-313-A07,0.855537474,1.961062207,0.596537251,positive assoc.
MAGsDB_NZHS01,MarDB_SAR116_cluster_bacterium_AG-313-A07,0.956118949,2.818603927,0.770538244,positive assoc.
MAGsDB_PAGT01,MarDB_Rhodothermaeota_bacterium_MED-G18,0.739737451,1.44030963,0.528717545,positive assoc.
MAGsDB_PAFO01,MarDB_Rhodothermaeota_bacterium_MED-G18,0.715969503,1.410823591,0.527227723,positive assoc.
MAGsDB_NHLT01,MarDB_Rhodothermaeota_bacterium_MED-G18,0.78811574,2.250354477,0.677419355,positive assoc.
MarDB_GCA_003452485.1_ASM345248v1,MarDB_Rhodobacteraceae_bacterium_SB2,0.957481227,0.310281957,0.293056808,positive assoc.
MAGsDB_PAYO01,MarDB_Rhodobacteraceae_bacterium_REDSEA-S34_B6,0.683786714,3.410013367,0.792727273,positive assoc.
MAGsDB_NZPY02,MarDB_Rhodobacteraceae_bacterium_REDSEA-S02_B3,0.686630181,0.968875644,0.399779736,positive assoc.
MAGsDB_NHIW01,MarDB_Rhodobacteraceae_bacterium_MED-G08,0.980558145,1.864139792,0.614293817,positive assoc.
MAGsDB_NHGO01,MarDB_Proteobacteria_bacterium_JGI_0000113-E04,0.81942293,3.052654814,0.839704069,positive assoc.
MarDB_Oceanospirillales_bacterium_SCGC_AAA298-N10,MarDB_Prochlorococcus_sp_scB245a_518D8,0.729206766,0.30309348,0.463432836,positive assoc.
MarDB_Prochlorococcus_marinus_str__XMU1401,MarDB_Prochlorococcus_sp_scB243_498I20,0.904396879,0.029478089,0.075958702,positive assoc.
MarDB_Prochlorococcus_marinus_str__XMU1401,MarDB_Prochlorococcus_sp_scB241_528N17,0.939166585,0.023944309,0.084821429,positive assoc.
MarDB_Prochlorococcus_marinus_str__XMU1401,MarDB_Prochlorococcus_sp_AG-424-P23,0.84532537,0.053538089,0.134756996,positive assoc.
MarDB_Prochlorococcus_marinus_str__XMU1401,MarDB_Prochlorococcus_sp_AG-424-P16,0.972094546,0.026418089,0.22682743,positive assoc.
MarDB_Pelagibacteraceae_bacterium_AG-325-J13,MarDB_Prochlorococcus_sp_AG-402-O21,0.539231896,3.112750821,0.676785714,positive assoc.
MarDB_Prochlorococcus_sp_AG-355-B18,MarDB_Prochlorococcus_sp_AG-355-N18,0.89851559,0.071946984,0.15095729,positive assoc.
MarDB_Prochlorococcus_sp_AG-355-B18,MarDB_Prochlorococcus_sp_AG-355-K03,0.928457916,0.082512934,0.21347464,positive assoc.
MarDB_Prochlorococcus_marinus_str__XMU1401,MarDB_Prochlorococcus_sp_AG-355-K03,0.762159824,0.030034039,0.193693694,positive assoc.
MAGsDB_NHDL01,MarDB_Prochlorococcus_marinus_MIT_9302,0.844322605,3.00776467,0.604863222,positive assoc.
MarDB_Pelagibacteraceae_bacterium_AG-313-A04,MarDB_Pelagibacterales_bacterium_MED-G43,0.620165846,0.074251027,0.570456754,positive assoc.
MarDB_Candidatus_Pelagibacter_ubique_HTCC8051,MarDB_Pelagibacterales_bacterium_MED-G43,0.871883765,0.871230947,0.615323224,positive assoc.
MAGsDB_PAUK01,MarDB_SAR116_cluster_bacterium_AG-447-C21,0.881450424,0.999561594,0.460658083,positive assoc.
MAGsDB_NZFG01,MarDB_Pelagibacterales_bacterium_MED-G42,0.856661677,1.726007537,0.6558669,positive assoc.
MAGsDB_TARA_PSE_MAG_00027,MarDB_SAR116_cluster_bacterium_AG-447-C21,0.864623606,1.020639874,0.404555809,positive assoc.
MAGsDB_NZLB01,MarDB_SAR116_cluster_bacterium_REDSEA-S10_B10N8,0.965459019,1.102549029,0.491830065,positive assoc.
MAGsDB_NZFZ01,MarDB_SAR86_cluster_bacterium_AG-422-E19,0.946323817,0.009982227,0.239887112,positive assoc.
MAGsDB_TARA_MED_MAG_00040,MarDB_SAR86_cluster_bacterium_AG-390-O18,0.802189946,2.554549974,0.632561133,positive assoc.
MAGsDB_PADX01,MarDB_SAR86_cluster_bacterium_AG-390-O18,0.826670647,1.261631324,0.519064125,positive assoc.
MarDB_SAR86_cluster_bacterium_AG-339-G14,MarDB_SAR86_cluster_bacterium_AG-349-I13,0.871311665,1.420576997,0.530705775,positive assoc.
MarDB_Candidatus_Pelagibacter_ubique_SCGC_AAA795-L23,MarDB_SAR86_cluster_bacterium_AG-349-I13,0.935067362,2.662952037,0.628757108,positive assoc.
MAGsDB_PBKO01,MarDB_SAR86_cluster_bacterium_AG-339-G14,0.88107363,1.121467397,0.519351935,positive assoc.
MarDB_GCA_003538025.1_ASM353802v1,MarDB_SAR86_cluster_bacterium_AG-313-N18,0.837167025,1.884080831,0.583118557,positive assoc.
MAGsDB_PADX01,MarDB_SAR86_cluster_bacterium_AG-313-N18,0.644778115,0.632871781,0.514285714,positive assoc.
MAGsDB_NZZO01,MarDB_SAR86_cluster_bacterium_AG-313-N18,0.978803131,2.447799131,0.724366707,positive assoc.
MarDB_Candidatus_Pelagibacter_ubique_HTCC8051,MarDB_SAR86_cluster_SAR86E,0.982751165,2.465632414,0.567970205,positive assoc.
MAGsDB_NZIE01,MarDB_SAR406_cluster_bacterium_SCGC_AAA298-D23,0.589049876,0.022655314,0.404597701,positive assoc.
MAGsDB_DBGJ01,MarDB_SAR406_cluster_bacterium_SCGC_AAA298-D23,0.643741168,2.497002374,0.662991041,positive assoc.
MarDB_Pelagibacteraceae_bacterium_AG-430-P08,MarDB_SAR324_cluster_bacterium_lautmerah10,0.415291965,2.272185839,0.67525299,positive assoc.
MAGsDB_DKQG01,MarDB_SAR324_cluster_bacterium_lautmerah10,0.741750412,1.783716679,0.564658635,positive assoc.
MAGsDB_DAIQ01,MarDB_SAR324_cluster_bacterium_lautmerah10,0.695774915,2.132823027,0.813015184,positive assoc.
MarDB_Pelagibacteraceae_bacterium_AG-325-E23,MarDB_SAR11_cluster_bacterium_PRTSC02,0.616626625,0.844956077,0.566213922,positive assoc.
MarDB_Candidatus_Pelagibacter_ubique_SCGC_AAA795-E07,MarDB_SAR11_cluster_bacterium_PRTSC02,0.727870096,0.281476127,0.557477111,positive assoc.
MAGsDB_TARA_ION_MAG_00053,MarDB_SAR11_cluster_bacterium_PRTSC02,0.854405463,0.284562514,0.448081264,positive assoc.
MAGsDB_NHIT01,MarDB_SAR11_cluster_bacterium_PRTSC02,0.720675772,0.446806067,0.546910755,positive assoc.
MarDB_GCA_003517285.1_ASM351728v1,MarDB_SAR116_cluster_bacterium_REDSEA-S10_B10N8,0.575490363,2.119972829,0.685890834,positive assoc.
MarDB_GCA_003514325.1_ASM351432v1,MarDB_SAR116_cluster_bacterium_REDSEA-S10_B10N8,0.810902596,2.196565655,0.598802395,positive assoc.
MarDB_Erythrobacter_sp_EhN03,MarDB_SAR116_cluster_bacterium_REDSEA-S10_B10N8,0.888611148,1.682508503,0.564258912,positive assoc.
MarDB_Erythrobacter_citreus_LAMA_915,MarDB_SAR116_cluster_bacterium_REDSEA-S10_B10N8,0.600197919,1.696079874,0.571362373,positive assoc.
MAGsDB_TARA_RED_MAG_00011,MarDB_SAR116_cluster_bacterium_REDSEA-S10_B10N8,0.563629251,2.103521095,0.668200644,positive assoc.
MAGsDB_PAZH01,MarDB_SAR116_cluster_bacterium_REDSEA-S10_B10N8,0.727653027,1.135979029,0.520960699,positive assoc.
MAGsDB_PAVY01,MarDB_SAR116_cluster_bacterium_REDSEA-S10_B10N8,0.705107733,1.957682495,0.680423871,positive assoc.
MAGsDB_PASA01,MarDB_SAR116_cluster_bacterium_REDSEA-S10_B10N8,0.91175629,2.328977725,0.687713311,positive assoc.
MAGsDB_PAGS01,MarDB_SAR116_cluster_bacterium_REDSEA-S10_B10N8,0.550433481,1.910339029,0.666666667,positive assoc.
MAGsDB_NZLD01,MarDB_SAR116_cluster_bacterium_REDSEA-S10_B10N8,0.453949457,2.177705705,0.65112782,positive assoc.
MAGsDB_DCQV01,MarDB_SAR116_cluster_bacterium_REDSEA-S10_B10N8,0.852209864,0.177642807,0.336803429,positive assoc.
MarDB_Candidatus_Pelagibacter_ubique_SCGC_AAA795-J21,MarDB_Pelagibacteraceae_bacterium_AG-390-M19,0.564076637,0.071252227,0.541666667,positive assoc.
MAGsDB_DAMG01,MAGsDB_DANB01,0.701897795,0.540067367,0.275154004,positive assoc.
MAGsDB_NZXM01,MarDB_Marine_group_II_euryarchaeote_REDSEA-S37_B2N9,0.823688909,0.966366914,0.542682927,positive assoc.
MAGsDB_PAHS01,MarDB_GCA_003331925.1_ASM333192v1,0.754607677,1.484656816,0.564149785,positive assoc.
MAGsDB_TARA_ION_MAG_00045,MarDB_OCS155_cluster_bacterium_AG-333-G23,0.850063954,2.750206397,0.680189317,positive assoc.
MarDB_Pelagibacteraceae_bacterium_AG-325-E13,MarDB_Pelagibacteraceae_bacterium_AG-345-F21,0.784393076,0.067289627,0.285714286,positive assoc.
MAGsDB_PALK01,MarDB_Pelagibacteraceae_bacterium_AG-339-N18,0.807314634,1.517005257,0.713502399,positive assoc.
MAGsDB_NZMU01,MarDB_OCS155_cluster_bacterium_AG-349-E07,0.506381672,2.796725493,0.731565866,positive assoc.
MAGsDB_NHIO01,MarDB_GCA_003331935.1_ASM333193v1,0.956451927,3.57784865,0.764401294,positive assoc.
MarDB_Pelagibacteraceae_bacterium_AG-325-J13,MarDB_Pelagibacteraceae_bacterium_AG-337-I02,0.400538256,1.420068767,0.560522696,positive assoc.
MAGsDB_NZTK01,MarDB_GCA_003331935.1_ASM333193v1,0.502988794,2.831519424,0.650089874,positive assoc.
MAGsDB_NZWZ01,MarDB_OCS155_cluster_bacterium_AG-349-E07,0.448956118,2.899874837,0.707102953,positive assoc.
MarDB_OCS155_cluster_bacterium_AG-422-J23,MarDB_Pelagibacteraceae_bacterium_AG-337-I02,0.626431993,3.066870843,0.685641999,positive assoc.
MarDB_Flavobacteriaceae_bacterium_UBA5955,MarDB_GCA_003331935.1_ASM333193v1,0.628161271,3.493198456,0.644633111,positive assoc.
MAGsDB_PBXG01,MarDB_OCS155_cluster_bacterium_AG-349-E07,0.485987199,2.904736075,0.704022989,positive assoc.
MAGsDB_PAPC01,MarDB_GCA_003672325.1_ASM367232v1,0.837159263,1.658082114,0.7040715,positive assoc.
MAGsDB_PAMY01,MarDB_GCA_003672325.1_ASM367232v1,0.809584391,3.138458314,0.804505814,positive assoc.
MarDB_Pelagibacteraceae_bacterium_AG-333-C14,MarDB_Pelagibacteraceae_bacterium_AG-337-G06,0.891342342,0.015042227,0.212658228,positive assoc.
MAGsDB_TARA_ANE_MAG_00035,MarDB_OCS155_cluster_bacterium_AG-333-G23,0.865439666,3.179172837,0.655713219,positive assoc.
MAGsDB_PABV01,MarDB_GCA_003672405.1_ASM367240v1,0.651718915,0.611145031,0.376460018,positive assoc.
MAGsDB_DAHO01,MarDB_GCA_003672785.1_ASM367278v1,0.968922405,0.987371124,0.496212121,positive assoc.
MarDB_GCA_003448315.1_ASM344831v1,MarDB_Pelagibacteraceae_bacterium_AG-345-O09,0.707433701,1.775304184,0.685333333,positive assoc.
MarDB_Pelagibacteraceae_bacterium_AG-349-L17,MarDB_Pelagibacteraceae_bacterium_AG-349-O05,0.657574783,0.008182227,0.198517298,positive assoc.
MAGsDB_NZSK01,MarDB_GCA_003331885.1_ASM333188v1,0.688014723,0.83868431,0.589847716,positive assoc.
MAGsDB_PBXC01,MarDB_OCS116_cluster_bacterium_AG-435-F03,0.715065063,0.100214837,0.206589492,positive assoc.
MAGsDB_PAKF01,MarDB_GCA_003331885.1_ASM333188v1,0.752769113,2.427722814,0.681236674,positive assoc.
MarDB_Candidatus_Pelagibacter_ubique_SCGC_AAA795-P11,MarDB_Pelagibacteraceae_bacterium_AG-349-L17,0.548144904,0.011952227,0.346431435,positive assoc.
MarDB_GCA_003331565.1_ASM333156v1,MarDB_OCS155_cluster_bacterium_AG-426-D23,0.899115443,2.801332773,0.733877551,positive assoc.
MarDB_Candidatus_Pelagibacter_ubique_SCGC_AAA795-M18,MarDB_Pelagibacteraceae_bacterium_AG-349-L17,0.443463582,0.376353124,0.393275997,positive assoc.
MAGsDB_PBIY01,MarDB_Pelagibacteraceae_bacterium_AG-337-G06,0.884809315,2.642865574,0.627702703,positive assoc.
MarDB_GCF_900473895.1_N32,MarDB_GCF_900473925.1_N5,0.954706399,0.016435582,0.072646873,positive assoc.
MAGsDB_PAOP01,MarDB_Pelagibacteraceae_bacterium_AG-349-L17,0.550586156,0.380432227,0.654918033,positive assoc.
MAGsDB_TARA_IOS_MAG_00047,MarDB_GCA_003672785.1_ASM367278v1,0.717140079,0.71481362,0.484031936,positive assoc.
MAGsDB_PBHD01,MarDB_GCA_003331885.1_ASM333188v1,0.584683315,0.694467814,0.493280632,positive assoc.
MAGsDB_DAPP01,MarDB_GCA_003672785.1_ASM367278v1,0.941523976,1.104930214,0.496062992,positive assoc.
MarDB_Candidatus_Pelagibacter_ubique_HIMB083,MarDB_Pelagibacteraceae_bacterium_AG-390-M19,0.501365721,0.086401527,0.407492355,positive assoc.
MAGsDB_DDDO01,MarDB_Pelagibacteraceae_bacterium_AG-349-E10,0.862709045,3.075582227,0.715542522,positive assoc.
MarDB_Pelagibacteraceae_bacterium_AG-325-E08,MarDB_Pelagibacteraceae_bacterium_AG-345-O09,0.718107376,0.010601717,0.30079858,positive assoc.
MarDB_Gammaproteobacteria_bacterium_REDSEA-S03_B5,MarDB_OCS116_cluster_bacterium_AG-435-F03,0.61600568,2.35618017,0.556422995,positive assoc.
MAGsDB_NHLN01,MarDB_Pelagibacteraceae_bacterium_AG-337-G06,0.883167803,1.288704084,0.698347107,positive assoc.
MAGsDB_PBHP01,MarDB_Marine_group_II_euryarchaeote_REDSEA-S37_B2N9,0.649074554,0.97531379,0.588865096,positive assoc.
MAGsDB_PBXU01,MarDB_OCS155_cluster_bacterium_AG-349-E07,0.594766707,0.022132514,0.472826087,positive assoc.
MAGsDB_NHJR01,MarDB_OCS155_cluster_bacterium_AG-426-D23,0.774789572,3.160990684,0.716933446,positive assoc.
MarDB_Pelagibacteraceae_bacterium_AG-325-E08,MarDB_Pelagibacteraceae_bacterium_AG-325-E13,0.604821578,0.882789067,0.268356643,positive assoc.
MAGsDB_TARA_ANE_MAG_00017,MarDB_Pelagibacteraceae_bacterium_AG-325-E08,0.868503889,0.865010214,0.327464789,positive assoc.
MAGsDB_NZHO01,MarDB_Pelagibacteraceae_bacterium_AG-325-E08,0.799089936,0.591082914,0.625941423,positive assoc.
MAGsDB_DBUX01,MarDB_Pelagibacteraceae_bacterium_AG-325-E08,0.863160861,2.036346544,0.511254019,positive assoc.
MAGsDB_NHLD01,MarDB_Pelagibacteraceae_bacterium_AG-325-C10,0.686359525,1.46249531,0.707398171,positive assoc.
MAGsDB_NYVL01,MarDB_Pelagibacteraceae_bacterium_AG-313-A04,0.909953103,0.077221814,0.429951691,positive assoc.
MAGsDB_PADX01,MarDB_Pelagibacteraceae_bacterium_AG-325-E23,0.762161594,2.487001174,0.68735271,positive assoc.
MAGsDB_NZNY01,MarDB_OCS155_cluster_bacterium_AG-426-D23,0.580393742,3.016939984,0.735418428,positive assoc.
MAGsDB_DCQV01,MarDB_GCA_003514325.1_ASM351432v1,0.750530839,2.205442632,0.616674889,positive assoc.
MAGsDB_NZYO01,MarDB_OCS155_cluster_bacterium_AG-426-D23,0.708764173,2.386123097,0.683772538,positive assoc.
MarDB_GCA_003671475.1_ASM367147v1,MarDB_Oceanicaulis_sp_HTCC2633,0.7197715,2.115287314,0.539738608,positive assoc.
MarDB_Alcanivorax_sp_UBA1911,MarDB_Oceanicaulis_sp_HTCC2633,0.685548425,2.211185822,0.515926072,positive assoc.
MAGsDB_TARA_PSE_MAG_00009,MarDB_Oceanicaulis_sp_HTCC2633,0.817493404,2.869787727,0.579244464,positive assoc.
MarDB_OCS155_cluster_bacterium_AG-422-J23,MarDB_OCS155_cluster_bacterium_AG-426-D23,0.742450678,0.479041213,0.287984111,positive assoc.
MAGsDB_DAGQ01,MarDB_GCA_003517285.1_ASM351728v1,0.690736235,2.485129327,0.851275669,positive assoc.
MAGsDB_PBXG01,MarDB_Oceanospirillales_bacterium_SCGC_AAA298-N10,0.522383784,1.634947972,0.559695817,positive assoc.
MAGsDB_NZZP01,MarDB_Pelagibacteraceae_bacterium_AG-359-O02,0.503349882,2.318625745,0.554564173,positive assoc.
MAGsDB_PBAP01,MarDB_GCA_003454845.1_ASM345484v1,0.895847833,0.799486327,0.459459459,positive assoc.
MAGsDB_TARA_ION_MAG_00043,MarDB_GCA_003449795.1_ASM344979v1,0.752528846,2.416590513,0.667727562,positive assoc.
MAGsDB_NHBL01,MarDB_GCA_003332035.1_ASM333203v1,0.923546488,2.969646334,0.715895611,positive assoc.
MAGsDB_NHKN01,MarDB_GCA_003332035.1_ASM333203v1,0.909425378,2.55516208,0.727152318,positive assoc.
MAGsDB_PADX01,MarDB_GCA_003332035.1_ASM333203v1,0.8360098,2.63083125,0.756313993,positive assoc.
MAGsDB_PADF01,MarDB_GCA_003602515.1_ASM360251v1,0.855366543,1.302380075,0.45295203,positive assoc.
MarDB_Candidatus_Pelagibacter_ubique_SCGC_AAA795-M18,MarDB_OCS155_cluster_bacterium_AG-349-E07,0.438205394,3.037385504,0.726477024,positive assoc.
MAGsDB_NHLD01,MarDB_Pelagibacteraceae_bacterium_AG-337-G04,0.713763052,1.388104124,0.697368421,positive assoc.
MarDB_GCA_003331585.1_ASM333158v1,MarDB_Pelagibacteraceae_bacterium_AG-333-C14,0.634515686,2.218610324,0.612051456,positive assoc.
MarDB_Candidatus_Pelagibacter_HTCC1002,MarDB_GCA_003452485.1_ASM345248v1,0.824134224,2.172341481,0.579479769,positive assoc.
MAGsDB_NHLD01,MarDB_Pelagibacteraceae_bacterium_AG-333-C14,0.615108071,0.614040014,0.666082384,positive assoc.
MAGsDB_NHIM01,MarDB_Pelagibacteraceae_bacterium_AG-333-C14,0.918904781,2.894012127,0.691188359,positive assoc.
MarDB_OCS155_cluster_bacterium_AG-422-J23,MarDB_OCS155_cluster_bacterium_AG-422-P13,0.513217807,0.008245874,0.178238342,positive assoc.
MarDB_GCF_900474185.1_UW69,MarDB_Pelagibacteraceae_bacterium_AG-325-J13,0.866783082,2.758080754,0.692106639,positive assoc.
MarDB_Candidatus_Pelagibacter_ubique_SCGC_AAA795-E07,MarDB_Pelagibacteraceae_bacterium_AG-325-J13,0.593875335,0.097918827,0.406101049,positive assoc.
MAGsDB_PAQA01,MarDB_GCA_003538025.1_ASM353802v1,0.892251542,2.362039814,0.656061437,positive assoc.
MarDB_Candidatus_Pelagibacter_HTCC7214,MarDB_Pelagibacteraceae_bacterium_AG-325-F15,0.765392927,0.007172227,0.312989045,positive assoc.
MAGsDB_PAHY01,MarDB_GCA_003448315.1_ASM344831v1,0.700172274,2.272234174,0.659271662,positive assoc.
MarDB_Candidatus_Pelagibacter_ubique_SCGC_AAA795-M22,MarDB_OCS155_cluster_bacterium_AG-349-E07,0.477555393,3.080824607,0.689494163,positive assoc.
MarDB_Alphaproteobacteria_bacterium_MarineAlpha3_Bin7,MarDB_GCF_900474185.1_UW69,0.882373273,2.678680404,0.63869863,positive assoc.
MarDB_OCS155_cluster_bacterium_AG-349-E07,MarDB_OCS155_cluster_bacterium_AG-426-D23,0.510321997,0.042194827,0.265524625,positive assoc.
MAGsDB_NZZI01,MarDB_GCA_003331645.1_ASM333164v1,0.725278603,2.61772682,0.768478261,positive assoc.
MarDB_Candidatus_Pelagibacter_ubique_HTCC8051,MarDB_GCA_003331585.1_ASM333158v1,0.70598384,2.523670404,0.593460827,positive assoc.
MAGsDB_NZZH01,MarDB_Marine_Group_II_euryarchaeote_MED-G37,0.924896742,3.159438127,0.796829971,positive assoc.
MAGsDB_PACY01,MarDB_Marine_Group_II_euryarchaeote_MED-G33,0.934753697,2.74710908,0.813492063,positive assoc.
MarDB_GCA_003331375.1_ASM333137v1,MarDB_GCA_003331585.1_ASM333158v1,0.747485772,2.096612841,0.640974967,positive assoc.
MAGsDB_PAKF01,MarDB_OCS116_cluster_bacterium_AG-390-I16,0.757574797,2.957085627,0.748648649,positive assoc.
MAGsDB_PADX01,MarDB_GCA_003331625.1_ASM333162v1,0.938452901,1.26686401,0.528266914,positive assoc.
MAGsDB_PACK01,MarDB_Pelagibacteraceae_bacterium_AG-390-D18,0.846376967,3.406822212,0.741202346,positive assoc.
MarDB_OCS155_cluster_bacterium_AG-333-G23,MarDB_Pelagibacteraceae_bacterium_AG-390-C22,0.559498444,3.112674251,0.641748942,positive assoc.
MAGsDB_TARA_ANE_MAG_00044,MarDB_OCS116_cluster_bacterium_AG-390-I16,0.702648878,2.071574714,0.604499274,positive assoc.
MAGsDB_PAFH01,MarDB_Pelagibacteraceae_bacterium_AG-390-C22,0.994555113,0.155327227,0.343834383,positive assoc.
MAGsDB_NZSK01,MarDB_Pelagibacteraceae_bacterium_AG-390-C22,0.526530131,3.170784864,0.725683891,positive assoc.
MAGsDB_TARA_MED_MAG_00077,MarDB_GCA_003331645.1_ASM333164v1,0.829775631,2.5180407,0.688489209,positive assoc.
MarDB_Pelagibacteraceae_bacterium_AG-390-A02,MarDB_Pelagibacteraceae_bacterium_AG-390-A23,0.504224651,0.079542227,0.353084416,positive assoc.
MarDB_Candidatus_Pelagibacter_ubique_SCGC_AAA795-O19,MarDB_Pelagibacteraceae_bacterium_AG-390-A23,0.507748697,0.012022227,0.440455342,positive assoc.
MAGsDB_TARA_RED_MAG_00059,MarDB_Pelagibacteraceae_bacterium_AG-390-A23,0.808551073,1.842547824,0.538116592,positive assoc.
MAGsDB_TARA_ION_MAG_00044,MarDB_Marine_group_II_euryarchaeote_REDSEA-S11_B3N4,0.637815416,0.253078684,0.275590551,positive assoc.
MAGsDB_NZJJ01,MarDB_Pelagibacteraceae_bacterium_AG-390-A23,0.58195969,1.867039724,0.669656203,positive assoc.
MAGsDB_NHFA01,MarDB_GCA_003331585.1_ASM333158v1,0.711510232,2.646035424,0.807760141,positive assoc.
MAGsDB_DAMG01,MarDB_Marine_group_II_euryarchaeote_REDSEA-S37_B2N9,0.746983198,0.700705764,0.339229969,positive assoc.
MAGsDB_PAUH01,MarDB_GCA_003331415.1_ASM333141v1,0.83411175,2.828056053,0.75018315,positive assoc.
MAGsDB_TARA_ANW_MAG_00064,MarDB_Pelagibacteraceae_bacterium_AG-390-M19,0.621540504,1.671378024,0.604282316,positive assoc.
MAGsDB_NHDO01,MarDB_GCA_003331425.1_ASM333142v1,0.89820309,2.143036016,0.814345992,positive assoc.
MAGsDB_NZZE01,MarDB_GCA_003331425.1_ASM333142v1,0.752471864,2.340221982,0.786705202,positive assoc.
MAGsDB_PAMU01,MarDB_Pelagibacteraceae_bacterium_AG-390-M19,0.600203515,2.524341902,0.696202532,positive assoc.
MAGsDB_TARA_ASW_MAG_00021,MarDB_Marine_group_II_euryarchaeote_REDSEA-S42_B7,0.915198932,0.681954514,0.416184971,positive assoc.
MarDB_Marine_group_II_euryarchaeote_REDSEA-S11_B3N4,MarDB_Marine_group_II_euryarchaeote_REDSEA-S42_B7,0.884334785,0.033179997,0.223429952,positive assoc.
MarDB_Marine_group_II_euryarchaeote_REDSEA-S37_B2N9,MarDB_Marine_group_II_euryarchaeote_REDSEA-S42_B7,0.801344395,0.034007944,0.183312263,positive assoc.
MAGsDB_NZMU01,MarDB_GCA_003331565.1_ASM333156v1,0.890270175,0.47883672,0.498973306,positive assoc.
MAGsDB_NZYI01,MarDB_Pelagibacteraceae_bacterium_AG-390-M19,0.865903318,2.474825524,0.686217009,positive assoc.
MarDB_Pelagibacteraceae_bacterium_AG-390-D18,MarDB_Pelagibacteraceae_bacterium_AG-390-L03,0.901639417,1.22E-05,0.228151585,positive assoc.
MarDB_Candidatus_Pelagibacter_ubique_SCGC_AAA795-P11,MarDB_GCA_003331565.1_ASM333156v1,0.755605223,2.532402413,0.68540203,positive assoc.
MarDB_Pelagibacteraceae_bacterium_AG-325-E23,MarDB_Pelagibacteraceae_bacterium_AG-390-L03,0.733876984,0.469342197,0.319579895,positive assoc.
MarDB_Pelagibacteraceae_bacterium_AG-325-C10,MarDB_Pelagibacteraceae_bacterium_AG-390-L03,0.749635875,0.082503444,0.294072948,positive assoc.
MAGsDB_PADD01,MarDB_Pelagibacteraceae_bacterium_AG-390-D18,0.964599311,2.579450994,0.660159074,positive assoc.
MAGsDB_PAZP01,MarDB_OCS116_cluster_bacterium_AG-390-A19,0.648906708,3.145674807,0.677680378,positive assoc.
MAGsDB_TARA_ASW_MAG_00011,MarDB_Marine_Group_III_euryarchaeote_CG-Epi1,0.869165297,1.648996461,0.547471162,positive assoc.
MAGsDB_NHLN01,MarDB_Pelagibacteraceae_bacterium_AG-390-C22,0.791531255,0.852605324,0.662431942,positive assoc.
MarDB_Pelagibacteraceae_bacterium_AG-333-C14,MarDB_Pelagibacteraceae_bacterium_AG-390-A02,0.733770454,1.339102137,0.519765739,positive assoc.
MAGsDB_DAFS01,MarDB_GCA_003331645.1_ASM333164v1,0.717518615,2.630066114,0.827850038,positive assoc.
MAGsDB_TARA_ANW_MAG_00012,MarDB_Pelagibacteraceae_bacterium_AG-365-D07,0.648335271,2.888785684,0.635869565,positive assoc.
MAGsDB_NYVO01,MarDB_OCS116_cluster_bacterium_AG-430-B22,0.746241674,2.438033614,0.583005507,positive assoc.
MAGsDB_PABC01,MarDB_Gammaproteobacteria_bacterium_REDSEA-S03_B5,0.812338863,2.254963182,0.660089115,positive assoc.
MAGsDB_DAON01,MarDB_Gammaproteobacteria_bacterium_REDSEA-S03_B5,0.732031643,2.567873295,0.781577111,positive assoc.
MAGsDB_DADB01,MarDB_OCS116_cluster_bacterium_AG-430-B22,0.744354486,3.157732204,0.777307963,positive assoc.
MAGsDB_PAYS01,MarDB_Gammaproteobacteria_bacterium_REDSEA-S03_B5,0.96230887,1.91683106,0.627791563,positive assoc.
MAGsDB_NHCZ01,MarDB_GCA_003331645.1_ASM333164v1,0.692477822,2.4663167,0.702112676,positive assoc.
MarDB_Candidatus_Pelagibacter_ubique_SCGC_AAA795-D22,MarDB_Pelagibacteraceae_bacterium_AG-365-D07,0.872290421,0.432142327,0.3425,positive assoc.
MarDB_Candidatus_Pelagibacter_ubique_SCGC_AAA795-E22,MarDB_Pelagibacteraceae_bacterium_AG-365-D07,0.569534315,0.296272327,0.443016281,positive assoc.
MarDB_Candidatus_Pelagibacter_ubique_SCGC_AAA795-O20,MarDB_Pelagibacteraceae_bacterium_AG-365-D07,0.890755678,0.423352327,0.350993377,positive assoc.
MAGsDB_TARA_PSE_MAG_00047,MarDB_GCA_003331635.1_ASM333163v1,0.564743221,0.471099629,0.290758048,positive assoc.
MAGsDB_PAGM01,MarDB_Pelagibacteraceae_bacterium_AG-365-D07,0.67680147,0.425030414,0.626582278,positive assoc.
MAGsDB_PBXO01,MarDB_GCA_003331635.1_ASM333163v1,0.415826254,3.1822865,0.695054945,positive assoc.
MarDB_Pelagibacteraceae_bacterium_AG-337-I02,MarDB_Pelagibacteraceae_bacterium_AG-359-O02,0.498997589,1.545182237,0.508361204,positive assoc.
MAGsDB_NZMT01,MarDB_OCS116_cluster_bacterium_AG-435-F03,0.782050112,1.109552927,0.617977528,positive assoc.
MarDB_OCS116_cluster_bacterium_AG-390-A19,MarDB_OCS116_cluster_bacterium_AG-390-I16,0.746611227,0.084792607,0.316344464,positive assoc.
MAGsDB_PAZP01,MarDB_OCS116_cluster_bacterium_AG-435-F03,0.676247716,3.168779937,0.661333333,positive assoc.
MAGsDB_PAGP01,MarDB_Pelagibacteraceae_bacterium_AG-359-O02,0.837431329,1.018969724,0.564674398,positive assoc.
MAGsDB_NZWF01,MarDB_Pelagibacteraceae_bacterium_AG-390-A02,0.703402281,2.618362137,0.627681661,positive assoc.
MarDB_OCS155_cluster_bacterium_AG-422-P13,MarDB_Pelagibacteraceae_bacterium_AG-359-O02,0.60726066,3.2437545,0.679114799,positive assoc.
MAGsDB_DADB01,MarDB_Marine_Group_III_euryarchaeote_CG-Epi1,0.834416807,1.863451685,0.510447761,positive assoc.
MAGsDB_NZPJ01,MarDB_Pelagibacteraceae_bacterium_AG-390-A02,0.512872287,2.399183124,0.607885305,positive assoc.
MarDB_GCA_003449795.1_ASM344979v1,MarDB_Gammaproteobacteria_bacterium_REDSEA-S03_B5,0.968415273,0.005267481,0.358441558,positive assoc.
MAGsDB_PAGZ01,MarDB_Pelagibacteraceae_bacterium_AG-359-O02,0.648626098,0.689342237,0.43114241,positive assoc.
MAGsDB_PAHL01,MarDB_GCA_003517285.1_ASM351728v1,-0.660051048,2.513138927,0.639766082,negative assoc.
MAGsDB_NZZT01,MAGsDB_PAGL01,-0.814691365,2.41030664,0.820512821,negative assoc.
MAGsDB_DBVI01,MAGsDB_PAIZ01,-0.827458282,2.11454931,0.670411985,negative assoc.
MAGsDB_PBGL02,MarDB_SAR116_cluster_bacterium_AG-426-A06,-0.865447177,2.700026471,0.817269076,negative assoc.
MAGsDB_NZPU01,MAGsDB_PAGI01,-0.767125726,2.791634048,0.648041475,negative assoc.
MAGsDB_PBXW01,MAGsDB_TARA_PSW_MAG_00086,-0.83787694,3.089884984,0.774390244,negative assoc.
MAGsDB_NZPJ01,MAGsDB_TARA_RED_MAG_00011,-0.553210758,2.13258518,0.689066667,negative assoc.
MAGsDB_NZHK01,MAGsDB_TARA_PSW_MAG_00089,-0.929318662,2.638999614,0.654717976,negative assoc.
MAGsDB_NHGT01,MAGsDB_TARA_PSW_MAG_00090,-0.933194518,2.408615,0.652982681,negative assoc.
MAGsDB_PBXX01,MarDB_GCA_003541335.1_ASM354133v1,-0.930533566,2.455058255,0.658328898,negative assoc.
MAGsDB_PBHH01,MarDB_GCA_003517285.1_ASM351728v1,-0.581376221,2.282437705,0.63931523,negative assoc.
MAGsDB_TARA_ANW_MAG_00064,MarDB_GCA_003672325.1_ASM367232v1,-0.760766798,2.846483014,0.841933377,negative assoc.
MAGsDB_NZIY01,MarDB_Marine_Group_II_euryarchaeote_MED-G33,-0.87875247,2.360907227,0.829621381,negative assoc.
MAGsDB_NHID01,MAGsDB_PAEH01,-0.726257086,2.84551196,0.756372258,negative assoc.
MarDB_Candidatus_Pelagibacter_ubique_SCGC_AAA795-L23,MarDB_GCA_003671475.1_ASM367147v1,-0.606332848,2.184101824,0.736272235,negative assoc.
MAGsDB_NHIW01,MAGsDB_PAGT01,-0.770549655,2.853008476,0.724530831,negative assoc.
MAGsDB_NZRW01,MarDB_GCA_003671475.1_ASM367147v1,-0.763139553,2.157112134,0.751644101,negative assoc.
MAGsDB_NZUO01,MAGsDB_PAGX01,-0.768842399,2.647201124,0.818618042,negative assoc.
MAGsDB_TARA_PSE_MAG_00001,MarDB_SAR324_cluster_bacterium_lautmerah10,-0.586601109,1.674128929,0.60815534,negative assoc.
MAGsDB_PAVX01,MarDB_SAR324_cluster_bacterium_lautmerah10,-0.714420378,2.420593929,0.69726472,negative assoc.
MAGsDB_PCCQ01,MarDB_SAR116_cluster_bacterium_REDSEA-S10_B10N8,-0.711208999,2.381789844,0.706043956,negative assoc.
MAGsDB_NZFR01,MAGsDB_PADX01,-0.81482178,2.267701164,0.777074543,negative assoc.
MAGsDB_TARA_PSE_MAG_00074,MarDB_SAR116_cluster_bacterium_REDSEA-S10_B10N8,-0.955679421,1.655318515,0.756228956,negative assoc.
MAGsDB_NZFG01,MarDB_GCA_003672405.1_ASM367240v1,-0.794605374,2.920836531,0.830708661,negative assoc.
MAGsDB_PBHD01,MarDB_GCA_003602455.1_ASM360245v1,-0.918621918,3.086698674,0.772334294,negative assoc.
MAGsDB_PAOX01,MarDB_Acidimicrobiales_bacterium_AG-414-N20,-0.719898051,2.325240247,0.780504431,negative assoc.
MAGsDB_NZOY01,MAGsDB_PABC01,-0.729664938,2.610447009,0.672835821,negative assoc.
MarDB_Candidatus_Pelagibacter_ubique_SCGC_AAA795-O20,MarDB_SAR11_cluster_bacterium_PRTSC02,-0.591633391,0.890376077,0.547957371,negative assoc.
MAGsDB_NZOM01,MAGsDB_PAHY01,-0.796694827,2.665182313,0.661673554,negative assoc.
MAGsDB_NHLN01,MAGsDB_PAGI01,-0.519037543,2.328778584,0.768575851,negative assoc.
MAGsDB_NYVO01,MAGsDB_TARA_ASW_MAG_00002,-0.875381016,1.88350616,0.698376916,negative assoc.
MAGsDB_NHGO01,MarDB_Bacteroidetes_bacterium_MED-G13,-0.892665967,2.942447037,0.710299003,negative assoc.
MAGsDB_TARA_PSE_MAG_00022,MarDB_Candidatus_Pelagibacter_ubique_SCGC_AAA795-N17,-0.803355753,2.064743554,0.775081661,negative assoc.
MAGsDB_PBJD01,MarDB_Candidatus_Pelagibacter_ubique_SCGC_AAA795-N17,-0.950948399,2.931055928,0.749814402,negative assoc.
MAGsDB_PAIY01,MarDB_GCA_003331635.1_ASM333163v1,-0.799107969,2.573964169,0.716658976,negative assoc.
MAGsDB_NYSJ01,MAGsDB_NYWR01,-0.765676081,2.601290814,0.708917197,negative assoc.
MarDB_GCA_003332035.1_ASM333203v1,MarRef_Alteromonas_australica_H_17,-0.808367569,2.497910504,0.689287076,negative assoc.
MAGsDB_PAIF01,MarRef_Alteromonas_australica_H_17,-0.690188759,2.451127804,0.6925809,negative assoc.
MAGsDB_PAIZ01,MarDB_Candidatus_Pelagibacter_ubique_SCGC_AAA795-M22,-0.670526829,2.879364124,0.688259109,negative assoc.
MAGsDB_DAXL01,MarDB_GCA_003331635.1_ASM333163v1,-0.844374143,2.740481748,0.789753826,negative assoc.
MAGsDB_NYVQ01,MarRef_Alteromonas_australica_H_17,-0.503148612,1.530660417,0.633058471,negative assoc.
MAGsDB_NZUK01,MarDB_Candidatus_Pelagibacter_ubique_SCGC_AAA795-M22,-0.911937245,3.063862637,0.666192171,negative assoc.
MAGsDB_DACX01,MAGsDB_NZHJ01,-0.902494907,3.069333004,0.786630655,negative assoc.
MAGsDB_TARA_PSE_MAG_00037,MarDB_Candidatus_Pelagibacter_ubique_SCGC_AAA795-M18,-0.952466597,2.69846522,0.740903639,negative assoc.
MAGsDB_NHKD01,MarDB_GCA_003331645.1_ASM333164v1,-0.619668126,2.52946845,0.755913978,negative assoc.
MAGsDB_PAQM01,MarDB_Candidatus_Pelagibacter_ubique_SCGC_AAA795-M18,-0.954015941,2.875773134,0.70940683,negative assoc.
MAGsDB_DGLR01,MAGsDB_NZIE01,-0.70927614,2.382024426,0.812889813,negative assoc.
MAGsDB_DFVV01,MarDB_Candidatus_Pelagibacter_ubique_SCGC_AAA795-M18,-0.905331267,2.559168806,0.702788006,negative assoc.
MAGsDB_NYUY01,MAGsDB_NZFE01,-0.695877832,2.243966414,0.775239499,negative assoc.
MAGsDB_PAZE01,MarDB_Candidatus_Pelagibacter_ubique_SCGC_AAA795-L23,-0.651986778,3.069538237,0.714801444,negative assoc.
MarDB_SAR406_cluster_bacterium_SCGC_AAA298-D23,MarRef_Candidatus_Nitrosopelagicus_brevis_CN25,-0.770301101,2.455536974,0.803706246,negative assoc.
MAGsDB_PAIA01,MarDB_Candidatus_Pelagibacter_ubique_SCGC_AAA795-O19,-0.871770856,3.240404634,0.790145985,negative assoc.
MAGsDB_PAYO01,MarRef_Synechococcus_sp_RCC307,-0.82781446,2.673972832,0.782343143,negative assoc.
MAGsDB_DAMG01,MAGsDB_DJLG01,-0.914813936,2.500417747,0.790016278,negative assoc.
MAGsDB_DLTN01,MarDB_GCA_003331545.1_ASM333154v1,-0.778057456,2.349215409,0.696351268,negative assoc.
MAGsDB_NHIT01,MarDB_Erythrobacter_citreus_LAMA_915,-0.819218822,2.029523073,0.720700986,negative assoc.
MAGsDB_DAPJ01,MAGsDB_NHEU01,-0.719268024,2.901854214,0.792809263,negative assoc.
MAGsDB_NHID01,MarDB_GCA_003331545.1_ASM333154v1,-0.829371096,2.028275317,0.649717514,negative assoc.
MAGsDB_NYST01,MarRef_Prochlorococcus_marinus_str_NATL1A,-0.846812141,3.353066012,0.871026895,negative assoc.
MarDB_alpha_proteobacterium_MED-G10,MarRef_Candidatus_Nitrosopelagicus_brevis_CN25,-0.803749681,2.394440424,0.801521877,negative assoc.
MAGsDB_NZPU01,MarDB_Candidatus_Pelagibacter_ubique_SCGC_AAA797-I19,-0.752274215,2.717079658,0.679829891,negative assoc.
MAGsDB_NHDL01,MAGsDB_NHKE01,-0.894448519,2.962256757,0.717154812,negative assoc.
MAGsDB_PAGI01,MarRef_Prochlorococcus_marinus_str_MIT_9215,-0.907387367,3.599792827,0.674054054,negative assoc.
MAGsDB_DBNL01,MAGsDB_NHKK01,-0.734279663,2.811530924,0.77574048,negative assoc.
MAGsDB_NZMK01,MarDB_Candidatus_Pelagibacter_ubique_SCGC_AAA795-P11,-0.87679645,1.940775024,0.6549217,negative assoc.
MAGsDB_TARA_PSE_MAG_00002,MarRef_Prochlorococcus_marinus_bv_HNLC2,-0.904537359,3.299040487,0.644052863,negative assoc.
MAGsDB_TARA_IOS_MAG_00020,MarRef_Prochlorococcus_marinus_bv_HNLC2,-0.696327627,3.29600802,0.606621773,negative assoc.
MAGsDB_DACX01,MarDB_GCA_003331635.1_ASM333163v1,-0.861785404,2.7322194,0.790081522,negative assoc.
MAGsDB_DBVI01,MAGsDB_NHKE01,-0.78175813,2.60626241,0.775335775,negative assoc.
MAGsDB_NZWE01,MarDB_GCA_003517285.1_ASM351728v1,-0.689135537,2.098278492,0.624533001,negative assoc.
MAGsDB_NHDX01,MAGsDB_NZJP01,-0.839023292,3.167062314,0.734693878,negative assoc.
MAGsDB_PAJD01,MarDB_alpha_proteobacterium_SCGC_AAA015-O19,-0.682209909,2.993924504,0.694459682,negative assoc.
MAGsDB_NZGX01,MAGsDB_NZVP01,-0.769319415,2.597345567,0.721005155,negative assoc.
MAGsDB_DBNL01,MarDB_Candidatus_Pelagibacter_sp_HTCC7211,-0.889303982,2.660625537,0.671156004,negative assoc.
MarDB_Alcanivorax_sp_UBA1911,MarDB_Bacteroidetes_bacterium_SCGC_AAA795-G10,-0.725363414,2.691630322,0.67677607,negative assoc.
MAGsDB_NZSK01,MAGsDB_NZXB01,-0.602946579,3.017983724,0.754601227,negative assoc.
MAGsDB_TARA_ANW_MAG_00064,MarDB_GCA_003332035.1_ASM333203v1,-0.81590333,2.1817681,0.62075718,negative assoc.
MAGsDB_TARA_PSE_MAG_00001,MarDB_SAR86_cluster_bacterium_AG-447-A08,-0.582623601,2.038879227,0.635568513,negative assoc.
MAGsDB_PAQU01,MarDB_SAR86_cluster_bacterium_AG-447-A08,-0.956914453,2.230984106,0.661099138,negative assoc.
MAGsDB_NHJO01,MAGsDB_NZVJ01,-0.916239205,2.597632727,0.765333333,negative assoc.
MAGsDB_NHEU01,MAGsDB_NZXM01,-0.742157698,2.628958084,0.816813049,negative assoc.
MarDB_Alphaproteobacteria_bacterium_MarineAlpha3_Bin7,MarDB_SAR86_cluster_bacterium_AG-422-P06,-0.772329807,2.419074217,0.730967373,negative assoc.
MAGsDB_NZIX01,MarDB_GCA_003448315.1_ASM344831v1,-0.883813525,2.341729174,0.727646454,negative assoc.
MAGsDB_PCAL01,MarDB_GCA_003448315.1_ASM344831v1,-0.695671914,2.65561866,0.766933333,negative assoc.
MAGsDB_NZOM01,MarDB_GCA_003487445.1_ASM348744v1,-0.931780892,1.2516556,0.578374456,negative assoc.
MAGsDB_DCBW01,MAGsDB_NZZP01,-0.811494416,2.472428583,0.698536585,negative assoc.
MAGsDB_NZUX01,MarDB_Bacteroidetes_bacterium_MED-G21,-0.625119002,1.900798727,0.591199432,negative assoc.
MAGsDB_TARA_PSW_MAG_00047,MarDB_SAR86_cluster_bacterium_AG-422-E19,-0.679927438,2.724941254,0.647706422,negative assoc.
MAGsDB_DAZL01,MAGsDB_NZXN01,-0.761698067,3.10914759,0.819148936,negative assoc.
MAGsDB_TARA_PSW_MAG_00023,MarDB_Candidatus_Pelagibacter_ubique_SCGC_AAA795-F16,-0.940583962,2.783356124,0.697787372,negative assoc.
MAGsDB_PAHQ01,MarDB_Candidatus_Pelagibacter_sp_HTCC7211,-0.87469366,2.802362407,0.638947368,negative assoc.
MAGsDB_NZHU01,MAGsDB_NZUO01,-0.757898984,2.675933924,0.794157609,negative assoc.
MAGsDB_DKGG01,MAGsDB_NZMV01,-0.882134932,1.789702227,0.745684695,negative assoc.
MAGsDB_TARA_ION_MAG_00064,MarDB_Candidatus_Pelagibacter_ubique_SCGC_AAA795-E22,-0.900069181,2.531974324,0.755089059,negative assoc.
MAGsDB_PBNV01,MarDB_alpha_proteobacterium_SCGC_AAA015-N04,-0.662418544,1.170292227,0.544193217,negative assoc.
MAGsDB_TARA_MED_MAG_00051,MarDB_alpha_proteobacterium_MED-G10,-0.662121177,2.300910712,0.517317612,negative assoc.
MAGsDB_TARA_ANE_MAG_00043,MarDB_Candidatus_Pelagibacter_ubique_SCGC_AAA795-E22,-0.733514428,3.070786184,0.730368311,negative assoc.
MAGsDB_NZMT01,MarDB_alpha_proteobacterium_MED-G10,-0.816716665,2.101874917,0.696920583,negative assoc.
MAGsDB_NYZI01,MAGsDB_NZOY01,-0.68232578,2.690407887,0.711123409,negative assoc.
MAGsDB_NYVO01,MAGsDB_NZUX01,-0.663118198,2.276923614,0.659090909,negative assoc.
MAGsDB_TARA_MED_MAG_00032,MarDB_GCA_003331885.1_ASM333188v1,-0.761591613,3.3191448,0.682024169,negative assoc.
MarDB_Pelagibacteraceae_bacterium_AG-447-N18,MarDB_Spongiibacter_tropicus,-0.91211543,2.374868151,0.664398128,negative assoc.
MAGsDB_DAYH01,MAGsDB_NZSQ01,-0.764394038,3.344683614,0.815,negative assoc.
MAGsDB_PBQX02,MarDB_GCA_003331925.1_ASM333192v1,-0.847331703,1.598981116,0.541336353,negative assoc.
MAGsDB_NHID01,MAGsDB_NZUF01,-0.717053767,2.950556714,0.734947644,negative assoc.
MarDB_Pelagibacteraceae_bacterium_AG-337-I02,MarDB_SAR86_cluster_bacterium_SAR86B,-0.897174774,2.255085514,0.591925466,negative assoc.
MAGsDB_PARL01,MarDB_GCA_003331935.1_ASM333193v1,-0.577644203,3.162661684,0.70984127,negative assoc.
MAGsDB_PAGO01,MarDB_Candidatus_Pelagibacter_ubique_HIMB083,-0.841899991,2.645126724,0.728098637,negative assoc.
MAGsDB_NZHS01,MarDB_Synechococcus_sp_AG-683-C23,-0.888270438,2.696759127,0.769905956,negative assoc.
MAGsDB_DGLR01,MAGsDB_NZVP01,-0.670578659,2.44639703,0.758648431,negative assoc.
MAGsDB_PAAM01,MarDB_OCS155_cluster_bacterium_AG-333-G23,-0.780760407,3.288387011,0.662329213,negative assoc.
MAGsDB_DCCG01,MarDB_SAR116_cluster_bacterium_AG-426-A06,-0.837290553,1.998062227,0.744950495,negative assoc.
MAGsDB_PASO01,MAGsDB_TARA_MED_MAG_00023,-0.790217638,2.462596514,0.633540373,negative assoc.
MAGsDB_TARA_PSW_MAG_00029,MarDB_Pelagibacteraceae_bacterium_AG-426-E17,-0.70626893,2.116724607,0.575127138,negative assoc.
MAGsDB_NZLD01,MAGsDB_PBXI01,-0.799143812,2.52250239,0.747878788,negative assoc.
MAGsDB_PBHP01,MarDB_Pelagibacteraceae_bacterium_AG-349-O05,-0.721065283,2.898081784,0.860082305,negative assoc.
MAGsDB_PBZE01,MarDB_Pelagibacteraceae_bacterium_AG-349-O05,-0.944868716,3.13992966,0.802734375,negative assoc.
MAGsDB_NHHC01,MAGsDB_TARA_MED_MAG_00020,-0.678344482,1.40807123,0.647749511,negative assoc.
MAGsDB_NHID01,MAGsDB_TARA_MED_MAG_00018,-0.821657503,2.75210913,0.693731343,negative assoc.
MAGsDB_NZTJ01,MarDB_Pelagibacteraceae_bacterium_AG-349-L17,-0.851743706,3.207297237,0.843398876,negative assoc.
MAGsDB_PABP01,MarDB_Pelagibacteraceae_bacterium_AG-426-A02,-0.899959862,2.644872188,0.777360067,negative assoc.
MAGsDB_PBXO01,MAGsDB_TARA_IOS_MAG_00047,-0.661147892,3.32678992,0.82567216,negative assoc.
MAGsDB_NZOY01,MAGsDB_TARA_IOS_MAG_00047,-0.712240994,3.052610294,0.794511806,negative assoc.
MAGsDB_NZMV01,MAGsDB_TARA_IOS_MAG_00024,-0.615142345,2.596241214,0.731707317,negative assoc.
MAGsDB_DLRY01,MAGsDB_TARA_IOS_MAG_00020,-0.641182125,2.566635413,0.586363636,negative assoc.
MAGsDB_DBHP01,MAGsDB_PCAV01,-0.944325507,2.607030329,0.688113413,negative assoc.
MAGsDB_PAZE01,MarDB_Pelagibacteraceae_bacterium_AG-422-D23,-0.865308225,3.106778237,0.682162162,negative assoc.
MAGsDB_PAGS01,MarDB_Pelagibacteraceae_bacterium_AG-422-D23,-0.617971693,2.465842237,0.696596244,negative assoc.
MAGsDB_TARA_PSE_MAG_00010,MarDB_Pelagibacteraceae_bacterium_AG-422-I02,-0.619833593,1.895890186,0.739991572,negative assoc.
MAGsDB_PBPW01,MAGsDB_TARA_IOS_MAG_00017,-0.766834739,3.022312134,0.713375796,negative assoc.
MAGsDB_DBAG01,MarDB_Pelagibacteraceae_bacterium_AG-426-G02,-0.808400476,2.518339394,0.678856071,negative assoc.
MAGsDB_PAJD01,MAGsDB_PBWQ01,-0.759730636,3.198509614,0.741421569,negative assoc.
MAGsDB_TARA_RED_MAG_00025,MarDB_Pelagibacteraceae_bacterium_AG-337-I02,-0.61578846,2.458544414,0.621607516,negative assoc.
MAGsDB_NZWO01,MarDB_Pelagibacteraceae_bacterium_AG-426-L23,-0.887008207,2.657535224,0.759637188,negative assoc.
MAGsDB_PAZG01,MAGsDB_PBUF01,-0.8868138,3.031737327,0.736656891,negative assoc.
MAGsDB_NZFG01,MAGsDB_TARA_MED_MAG_00075,-0.781150984,3.142129108,0.836685438,negative assoc.
MAGsDB_DALV01,MarDB_Pelagibacteraceae_bacterium_AG-426-L23,-0.725053906,2.834671817,0.820187166,negative assoc.
MAGsDB_PAEE01,MarDB_Pelagibacteraceae_bacterium_AG-426-I15,-0.798268557,2.691618727,0.806517312,negative assoc.
MAGsDB_DCCB01,MAGsDB_PBVJ01,-0.830535293,2.810213232,0.699674002,negative assoc.
MAGsDB_PBNH01,MAGsDB_PBWQ01,-0.830524669,1.711179114,0.680754717,negative assoc.
MAGsDB_NHCT01,MarDB_Pelagibacteraceae_bacterium_AG-339-N18,-0.788783491,2.786669337,0.755332497,negative assoc.
MAGsDB_NZUH01,MAGsDB_PBVS01,-0.812851369,2.79552477,0.66442953,negative assoc.
MAGsDB_NHJH01,MAGsDB_TARA_MED_MAG_00046,-0.939998675,2.85064541,0.776330076,negative assoc.
MAGsDB_PBDE01,MAGsDB_TARA_MED_MAG_00040,-0.762577989,3.0215706,0.738592421,negative assoc.
MAGsDB_NZYI01,MarDB_Pelagibacteraceae_bacterium_AG-426-G09,-0.482835999,2.396085624,0.60972316,negative assoc.
MAGsDB_NZGX01,MarDB_Pelagibacteraceae_bacterium_AG-345-O09,-0.759195566,1.805879237,0.637312459,negative assoc.
MAGsDB_NZZK01,MarDB_Pelagibacteraceae_bacterium_AG-345-O09,-0.713280737,3.127903998,0.76,negative assoc.
MAGsDB_NHLM01,MAGsDB_TARA_MED_MAG_00032,-0.838238955,2.40946241,0.703497615,negative assoc.
MAGsDB_NZJP01,MAGsDB_PBVJ01,-0.818771839,0.851259018,0.440186916,negative assoc.
MAGsDB_NZFG01,MAGsDB_TARA_ANE_MAG_00006,-0.765168965,2.096786721,0.704545455,negative assoc.
MAGsDB_NZSQ01,MAGsDB_TARA_ANE_MAG_00015,-0.850189663,2.60684444,0.755622189,negative assoc.
MAGsDB_PAHL01,MAGsDB_TARA_ANE_MAG_00015,-0.763397938,2.515907954,0.674892042,negative assoc.
MAGsDB_PBAP01,MAGsDB_TARA_ANW_MAG_00001,-0.553875803,2.798347227,0.684023142,negative assoc.
MAGsDB_DANW01,MarDB_Pelagibacteraceae_bacterium_AG-410-B18,-0.753873548,2.923938857,0.819892473,negative assoc.
MarDB_GCF_900473955.1_GEYO,MarDB_Pelagibacteraceae_bacterium_AG-404-P07,-0.780214303,2.919050436,0.691636737,negative assoc.
MAGsDB_TARA_MED_MAG_00020,MarDB_Pelagibacteraceae_bacterium_AG-404-P07,-0.626888472,1.396672414,0.54737516,negative assoc.
MAGsDB_TARA_PSW_MAG_00017,MarDB_Pelagibacteraceae_bacterium_AG-404-N13,-0.614970267,2.845641324,0.721459396,negative assoc.
MAGsDB_NHJH01,MAGsDB_TARA_ANW_MAG_00031,-0.733398972,2.85341545,0.781001138,negative assoc.
MAGsDB_NHCZ01,MAGsDB_TARA_ANW_MAG_00042,-0.734870493,2.522761,0.641666667,negative assoc.
MAGsDB_DFOS01,MarDB_Pelagibacteraceae_bacterium_AG-410-B18,-0.835798008,1.701693827,0.692015209,negative assoc.
MAGsDB_NZIE01,MAGsDB_TARA_ANW_MAG_00042,-0.799796713,2.61178065,0.729306488,negative assoc.
MAGsDB_PBGR01,MarDB_Pelagibacteraceae_bacterium_AG-404-N13,-0.791307624,2.618823024,0.742655699,negative assoc.
MAGsDB_PATV01,MarDB_Pelagibacteraceae_bacterium_AG-390-M19,-0.727701929,2.980965614,0.853284672,negative assoc.
MAGsDB_NZLE01,MAGsDB_TARA_ION_MAG_00011,-0.828939067,2.245205125,0.627879504,negative assoc.
MAGsDB_PBHP01,MAGsDB_TARA_ANW_MAG_00064,-0.719558716,2.72576756,0.877794337,negative assoc.
MAGsDB_NZVJ01,MAGsDB_TARA_ION_MAG_00007,-0.83968965,2.239878814,0.655142979,negative assoc.
MAGsDB_PBZE01,MarDB_Pelagibacteraceae_bacterium_AG-390-O04,-0.764010847,3.10212966,0.792553191,negative assoc.
MAGsDB_NHJH01,MAGsDB_TARA_ASW_MAG_00011,-0.734199584,2.967174736,0.814006024,negative assoc.
MAGsDB_NZXJ01,MAGsDB_TARA_ANW_MAG_00042,-0.710199177,2.419866914,0.680618158,negative assoc.
MAGsDB_TARA_PSE_MAG_00022,MarDB_Pelagibacteraceae_bacterium_AG-410-B18,-0.659069359,1.989903827,0.692816219,negative assoc.
MAGsDB_NZOY01,MAGsDB_TARA_ION_MAG_00020,-0.959926206,2.945324152,0.665560717,negative assoc.
MAGsDB_DBGJ01,MAGsDB_TARA_ANW_MAG_00001,-0.80510884,2.429741724,0.64874394,negative assoc.
MAGsDB_NZLD01,MAGsDB_TARA_IOS_MAG_00015,-0.78339588,2.31637633,0.670758929,negative assoc.
MAGsDB_DAKR01,MarDB_Pelagibacteraceae_bacterium_AG-390-A02,-0.790442526,3.090856034,0.800871189,negative assoc.
MAGsDB_PAIV01,MAGsDB_TARA_ANE_MAG_00024,-0.881647762,2.8193052,0.750486066,negative assoc.
MAGsDB_NZFR01,MarDB_Pelagibacteraceae_bacterium_AG-422-B15,-0.745808542,2.307493828,0.729927007,negative assoc.
MAGsDB_NZOY01,MAGsDB_TARA_IOS_MAG_00011,-0.841554344,2.635338937,0.665692577,negative assoc.
MAGsDB_NZZQ01,MAGsDB_TARA_ANE_MAG_00026,-0.697984695,2.7365047,0.711565585,negative assoc.
MAGsDB_TARA_ION_MAG_00043,MAGsDB_TARA_IOS_MAG_00003,-0.650832415,2.591114313,0.659447983,negative assoc.
MAGsDB_PAYO01,MAGsDB_TARA_ION_MAG_00066,-0.787417624,3.418846598,0.951564077,negative assoc.
MAGsDB_NZJP01,MAGsDB_TARA_ANE_MAG_00044,-0.852269588,3.0390511,0.721611722,negative assoc.
MAGsDB_TARA_ASE_MAG_00006,MAGsDB_TARA_ION_MAG_00044,-0.903443754,2.60705101,0.86014586,negative assoc.
MAGsDB_NZUZ01,MarDB_Pelagibacteraceae_bacterium_AG-410-N23,-0.760419726,1.895449364,0.603145796,negative assoc.
MAGsDB_NZUX01,MarDB_Pelagibacteraceae_bacterium_AG-410-N23,-0.571670413,2.763942237,0.672061928,negative assoc.
MAGsDB_PAGS01,MarDB_Pelagibacteraceae_bacterium_AG-390-C22,-0.692095588,2.307933367,0.689016603,negative assoc.
MAGsDB_PBHD01,MAGsDB_TARA_ANE_MAG_00077,-0.86335653,2.460553961,0.654022989,negative assoc.
MAGsDB_NHHC01,MAGsDB_TARA_ANE_MAG_00082,-0.896136691,2.82201904,0.736128237,negative assoc.
MAGsDB_PBNI01,MarDB_Pelagibacteraceae_bacterium_AG-410-D23,-0.683275223,3.042647288,0.841688654,negative assoc.
MAGsDB_NZIE01,MAGsDB_TARA_ION_MAG_00023,-0.80853417,2.45766265,0.799270073,negative assoc.
MAGsDB_PAEE01,MarDB_Pelagibacteraceae_bacterium_AG-337-I02,-0.67402333,2.724708727,0.8095526,negative assoc.
MAGsDB_TARA_RED_MAG_00074,MarDB_Pelagibacteraceae_bacterium_AG-426-L23,-0.807545918,2.550067004,0.694769231,negative assoc.
MAGsDB_DHXI01,MarDB_Pelagibacteraceae_bacterium_AG-337-I02,-0.880530059,2.902612227,0.680870774,negative assoc.
MAGsDB_PAHN01,MAGsDB_PBRS01,-0.792164862,3.140203957,0.629361422,negative assoc.
MAGsDB_PARH01,MAGsDB_TARA_PSW_MAG_00032,-0.770448904,2.210970631,0.781687156,negative assoc.
MAGsDB_PBNI01,MarDB_OCS116_cluster_bacterium_AG-435-F03,-0.798514314,3.244439328,0.813704497,negative assoc.
MAGsDB_NHDL01,MAGsDB_PASZ01,-0.806099296,2.38571213,0.691082803,negative assoc.
MAGsDB_NZPY02,MAGsDB_PATC01,-0.634447753,3.184878027,0.842564103,negative assoc.
MAGsDB_PAQU01,MAGsDB_TARA_PSW_MAG_00019,-0.819590524,2.108475093,0.640795078,negative assoc.
MAGsDB_NZUX01,MarDB_Pelagibacteraceae_bacterium_GOM-A5,-0.778901766,2.680243678,0.767407407,negative assoc.
MAGsDB_DBNL01,MarDB_OCS155_cluster_bacterium_AG-333-G23,-0.752131296,2.484946441,0.702963918,negative assoc.
MAGsDB_NZUX01,MarDB_OCS116_cluster_bacterium_AG-430-B22,-0.835968018,2.758802227,0.643006263,negative assoc.
MAGsDB_NZZE01,MAGsDB_PATV01,-0.828971982,2.73063157,0.804604854,negative assoc.
MAGsDB_TARA_ANE_MAG_00015,MarDB_OCS155_cluster_bacterium_AG-333-G23,-0.761441886,2.275555937,0.621602289,negative assoc.
MAGsDB_TARA_ANE_MAG_00033,MarDB_OCS155_cluster_bacterium_AG-333-G23,-0.743405881,2.643448997,0.647425897,negative assoc.
MAGsDB_PAPZ01,MAGsDB_PAUK01,-0.6860888,2.7553204,0.770542636,negative assoc.
MAGsDB_PAOR01,MAGsDB_PAVY01,-0.783740938,2.83932178,0.798010712,negative assoc.
MAGsDB_DJZM01,MarDB_Pelagibacteraceae_bacterium_AG-470-G21,-0.826464677,2.942179957,0.659318637,negative assoc.
MAGsDB_NHKD01,MAGsDB_TARA_PSE_MAG_00105,-0.843489918,2.71816955,0.826552463,negative assoc.
MAGsDB_NYVO01,MAGsDB_TARA_PSE_MAG_00084,-0.666801751,2.2438063,0.608549874,negative assoc.
MAGsDB_NZSQ01,MAGsDB_TARA_PSW_MAG_00018,-0.887699197,2.781129833,0.779825412,negative assoc.
MAGsDB_NZSQ01,MarDB_Prochlorococcus_sp_AG-355-B18,-0.696460418,3.44093237,0.750491159,negative assoc.
MAGsDB_PBXW01,MAGsDB_TARA_PSW_MAG_00037,-0.745777997,2.638697034,0.654432524,negative assoc.
MAGsDB_NZFP01,MarDB_Prochlorococcus_sp_AG-363-G03,-0.841836154,3.098174227,0.708438287,negative assoc.
MAGsDB_NZZP01,MAGsDB_PAJC01,-0.854787698,2.360478332,0.684240688,negative assoc.
MAGsDB_TARA_ION_MAG_00005,MarDB_SAR116_cluster_bacterium_AG-321-K23,-0.777047813,1.903718337,0.613284434,negative assoc.
MAGsDB_NHBH01,MAGsDB_TARA_PSW_MAG_00059,-0.786736429,1.121362496,0.548274137,negative assoc.
MAGsDB_PBPR01,MarDB_Nitrosopelagicus_sp_REDSEA-S31_B2,-0.893218998,2.002869244,0.649458784,negative assoc.
MAGsDB_NZLD01,MarDB_OCS116_cluster_bacterium_AG-390-A19,-0.768096162,2.726055884,0.652643547,negative assoc.
MAGsDB_DBAM01,MAGsDB_TARA_PSW_MAG_00054,-0.93316564,2.660305486,0.706223425,negative assoc.
MAGsDB_NHGT01,MAGsDB_TARA_PSW_MAG_00053,-0.871885309,1.8654589,0.711956522,negative assoc.
MAGsDB_TARA_PSE_MAG_00009,MAGsDB_TARA_PSW_MAG_00048,-0.791934967,2.555564894,0.637189293,negative assoc.
MAGsDB_PBEK01,MarDB_OCS116_cluster_bacterium_AG-390-A19,-0.70073545,3.138068294,0.705384615,negative assoc.
MAGsDB_TARA_ANW_MAG_00064,MarDB_Prochlorococcus_sp_scB245a_518D8,-0.808129132,2.5552528,0.680651221,negative assoc.
MarDB_Candidatus_Pelagibacter_ubique_SCGC_AAA795-M22,MarDB_OCS116_cluster_bacterium_AG-390-I16,-0.561419472,2.167605637,0.608182533,negative assoc.
MAGsDB_TARA_PSE_MAG_00009,MAGsDB_TARA_PSW_MAG_00047,-0.778599501,0.876341094,0.401038661,negative assoc.
MAGsDB_PBVJ01,MAGsDB_TARA_PSW_MAG_00042,-0.978954396,3.353298598,0.640186916,negative assoc.
MAGsDB_PBUF01,MAGsDB_TARA_PSW_MAG_00039,-0.685143709,1.989597327,0.832258065,negative assoc.
MarDB_Pelagibacteraceae_bacterium_AG-390-A02,MarDB_Prochlorococcus_sp_AG-402-J18,-0.87007153,3.32100242,0.720207254,negative assoc.
MAGsDB_PAFL01,MAGsDB_PAOR01,-0.791218093,2.7855276,0.795719844,negative assoc.
MAGsDB_NHLD01,MarDB_Prochlorococcus_sp_AG-402-J18,-0.864124298,3.125724296,0.806790622,negative assoc.
MarDB_Marine_group_II_euryarchaeote_REDSEA-S30_B12,MarDB_Pelagibacteraceae_bacterium_AG-447-N18,-0.823588494,3.139277237,0.799227799,negative assoc.
MAGsDB_PAHN01,MAGsDB_TARA_PSW_MAG_00075,-0.769271553,3.040106779,0.763225806,negative assoc.
MAGsDB_NZUO01,MAGsDB_PAXQ01,-0.63323038,3.46617647,0.814562002,negative assoc.
MAGsDB_NZPJ01,MAGsDB_TARA_PSE_MAG_00048,-0.971983236,2.20063376,0.682472989,negative assoc.
MAGsDB_NZPY02,MAGsDB_TARA_MED_MAG_00119,-0.881911791,3.296235614,0.764768494,negative assoc.
MAGsDB_DATW01,MarDB_Pelagibacteraceae_bacterium_AG-325-J13,-0.858830462,2.893056282,0.814165498,negative assoc.
MAGsDB_PCAE01,MarDB_Pelagibacteraceae_bacterium_AG-325-J13,-0.875592007,2.478005234,0.718646865,negative assoc.
MAGsDB_NHLD01,MAGsDB_PBNV01,-0.845714595,1.553434114,0.776571429,negative assoc.
MAGsDB_PAOP01,MAGsDB_PBNV01,-0.676693656,1.602282237,0.756181714,negative assoc.
MarDB_Flavobacteriaceae_bacterium_UBA5955,MarDB_Pelagibacteraceae_bacterium_AG-426-P20,-0.797608306,3.15404903,0.664788732,negative assoc.
MAGsDB_PABV01,MarDB_Pelagibacteraceae_bacterium_AG-426-P20,-0.710524565,3.002990737,0.779279279,negative assoc.
MarDB_Oceanicaulis_sp_HTCC2633,MarDB_Pelagibacteraceae_bacterium_AG-325-E23,-0.736253858,2.103227737,0.624566617,negative assoc.
MAGsDB_PAAF01,MAGsDB_PBPT01,-0.856232703,0.805103574,0.417857143,negative assoc.
MAGsDB_PAAM01,MarDB_Pelagibacteraceae_bacterium_AG-426-P20,-0.723679757,2.281296137,0.555322129,negative assoc.
MarDB_GCA_003672785.1_ASM367278v1,MarDB_Pelagibacteraceae_bacterium_AG-426-M19,-0.6897076,3.027236474,0.827365729,negative assoc.
MAGsDB_NHBS01,MAGsDB_TARA_MED_MAG_00109,-0.929362297,2.461567499,0.848771267,negative assoc.
MAGsDB_PBPR01,MAGsDB_PBPW01,-0.858062498,2.539915258,0.794247788,negative assoc.
MAGsDB_PBIP01,MarDB_Pelagibacteraceae_bacterium_AG-426-M19,-0.807674527,1.321563487,0.625660377,negative assoc.
MAGsDB_PAHY01,MarDB_Pelagibacteraceae_bacterium_AG-426-M19,-0.679790139,2.717713487,0.675262655,negative assoc.
MAGsDB_NYYE01,MAGsDB_PBRS01,-0.836268028,3.278776527,0.650617284,negative assoc.
MAGsDB_DKNM01,MAGsDB_PBPW01,-0.875411065,2.256660051,0.71234495,negative assoc.
MAGsDB_PABP01,MarDB_Pelagibacteraceae_bacterium_AG-430-F16,-0.963638306,2.626962188,0.730815109,negative assoc.
MAGsDB_NZXM01,MAGsDB_PBJS01,-0.681669784,2.114734197,0.831238779,negative assoc.
MAGsDB_PAVY01,MAGsDB_PBJQ01,-0.724356472,2.96255258,0.860953921,negative assoc.
MAGsDB_TARA_ASE_MAG_00006,MarDB_Pelagibacteraceae_bacterium_AG-447-N18,-0.761943102,2.298548634,0.689123734,negative assoc.
MAGsDB_TARA_ANE_MAG_00026,MAGsDB_TARA_PSE_MAG_00027,-0.819104195,2.85599668,0.700410397,negative assoc.
MAGsDB_NZPH01,MAGsDB_PAYP01,-0.741604924,2.255758696,0.812095032,negative assoc.
MAGsDB_NZZP01,MAGsDB_PAYP01,-0.683395624,2.040014517,0.676702863,negative assoc.
MAGsDB_TARA_IOS_MAG_00049,MarDB_Pelagibacteraceae_bacterium_AG-447-E22,-0.76535368,2.544125634,0.731323722,negative assoc.
MAGsDB_NZUZ01,MAGsDB_PAZO01,-0.915717938,3.056619354,0.711178248,negative assoc.
MAGsDB_DKQG01,MAGsDB_PAZV01,-0.82007581,2.541948177,0.73234391,negative assoc.
MAGsDB_TARA_PON_MAG_00016,MarDB_Pelagibacteraceae_bacterium_AG-439-F23,-0.943970295,3.108375064,0.711038961,negative assoc.
MAGsDB_NYUU01,MAGsDB_PBEK01,-0.764823039,2.635657314,0.772791024,negative assoc.
MAGsDB_TARA_ANE_MAG_00043,MarDB_Pelagibacteraceae_bacterium_AG-439-F23,-0.643030465,3.113626184,0.718416091,negative assoc.
MAGsDB_NZLD01,MAGsDB_PBEY01,-0.818072557,2.42879279,0.80338134,negative assoc.
MAGsDB_NZMU01,MAGsDB_PBGR01,-0.699222979,2.284560909,0.784313725,negative assoc.
MAGsDB_NZVP01,MAGsDB_TARA_PON_MAG_00074,-0.808129091,2.745128204,0.924307036,negative assoc.
MAGsDB_PAZJ01,MarDB_Oceanospirillales_bacterium_SCGC_AAA298-N10,-0.790936985,2.284280594,0.614615385,negative assoc.
MAGsDB_NZGX01,MarDB_Pelagibacteraceae_bacterium_AG-430-I06,-0.847295523,1.523819227,0.613561554,negative assoc.
MAGsDB_TARA_MED_MAG_00075,MarDB_Pelagibacteraceae_bacterium_AG-430-F16,-0.908593884,3.125549118,0.800514801,negative assoc.
MAGsDB_TARA_MED_MAG_00051,MAGsDB_TARA_MED_MAG_00133,-0.687693179,2.449671398,0.672816728,negative assoc.
MAGsDB_DLTN01,MAGsDB_PAYI01,-0.702335238,2.230637805,0.564577657,negative assoc.
MAGsDB_PABA01,MAGsDB_PBXX01,-0.765139434,2.093060368,0.651520841,negative assoc.
