Feature,value
Feature A,26.63714612
Feature A,28.61893506
Feature A,39.35224988
Feature A,30.42305035
Feature A,30.77572641
Feature A,40.29038992
Feature A,32.76549724
Feature A,22.40963259
Feature A,25.87888289
Feature A,27.32602818
Feature A,37.34449078
Feature A,32.15888296
Feature A,32.4046287
Feature A,30.6640963
Feature A,26.66495319
Feature A,40.72147882
Feature A,32.98710287
Feature A,18.20029706
Feature A,34.20813541
Feature A,27.16325155
Feature A,23.59305776
Feature A,28.69215051
Feature A,23.84397331
Feature A,25.62665262
Feature A,26.24976439
Feature A,19.87984014
Feature A,35.02672227
Feature A,30.92023871
Feature A,23.17117838
Feature A,37.52288953
Feature A,32.55878533
Feature A,28.2295711
Feature A,35.37075397
Feature A,35.26880093
Feature A,34.92948649
Feature A,34.13184152
Feature A,33.32350592
Feature A,29.62852974
Feature A,28.16422402
Feature A,27.71717399
Feature A,25.83175813
Feature A,28.75249633
Feature A,22.40762189
Feature A,43.01373579
Feature A,37.24777199
Feature A,23.2613485
Feature A,27.58269099
Feature A,27.20006788
Feature A,34.67979071
Feature A,29.4997856
Feature A,31.51991108
Feature A,29.82871947
Feature A,29.74277726
Feature A,38.2116137
Feature A,28.64537409
Feature A,39.09882363
Feature A,20.70748317
Feature A,33.5076825
Feature A,30.74312546
Feature A,31.29564941
Feature A,32.2778369
Feature A,26.98605928
Feature A,28.0007557
Feature A,23.8885477
Feature A,23.56925264
Feature A,31.82117185
Feature A,32.68925867
Feature A,30.31802536
Feature A,35.53360481
Feature A,42.30050811
Feature A,27.053813
Feature A,16.14498675
Feature A,36.03443115
Feature A,25.74479542
Feature A,25.8719483
Feature A,36.15342822
Feature A,28.29136196
Feature A,22.67569373
Feature A,31.08782088
Feature A,29.16665183
Feature A,30.03458512
Feature A,32.31168241
Feature A,27.77603981
Feature A,33.86625929
Feature A,28.67708063
Feature A,31.99069178
Feature A,36.58103408
Feature A,32.61108895
Feature A,28.04441049
Feature A,36.89284571
Feature A,35.96102314
Feature A,33.29038176
Feature A,31.43239041
Feature A,26.23256354
Feature A,38.16391469
Feature A,26.39844248
Feature A,43.12399796
Feature A,39.19566376
Feature A,28.58579785
Feature A,23.8414746
Feature A,25.73756062
Feature A,31.54130225
Feature A,28.51984873
Feature A,27.9147444
Feature A,24.2902886
Feature A,29.72983365
Feature A,25.29057318
Feature A,19.99234838
Feature A,27.71864088
Feature A,35.51397965
Feature A,26.54791822
Feature A,33.64778593
Feature A,20.29270375
Feature A,29.66662821
Feature A,33.11644322
Feature A,31.80692017
Feature A,30.63405716
Feature A,26.15576395
Feature A,24.90177392
Feature A,23.85522726
Feature A,30.70587958
Feature A,24.31515231
Feature A,27.05665534
Feature A,28.46344685
Feature A,41.06317203
Feature A,26.08830059
Feature A,31.41231943
Feature A,30.4677651
Feature A,24.2288602
Feature A,29.57215148
Feature A,38.66730515
Feature A,32.70902432
Feature A,30.24739753
Feature A,27.46501901
Feature A,17.68051667
Feature A,36.78802328
Feature A,21.23615957
Feature A,34.43968507
Feature A,41.45462142
Feature A,21.33664103
Feature A,34.21070601
Feature A,28.42681506
Feature A,20.56713505
Feature A,20.91199408
Feature A,20.39078296
Feature A,26.81456087
Feature A,21.22946649
Feature A,34.12750064
Feature A,42.60065364
Feature A,22.27781714
Feature A,34.72643308
Feature A,34.61425345
Feature A,31.99321547
Feature A,23.94974035
Feature A,29.28328436
Feature A,28.31762799
Feature A,33.3779372
Feature A,27.76536746
Feature A,35.86184032
Feature A,27.75251485
Feature A,36.31626879
Feature A,23.70493796
Feature A,22.43906853
Feature A,49.44623961
Feature A,27.49885447
Feature A,31.78936555
Feature A,33.81941804
Feature A,27.09731625
Feature A,33.10117227
Feature A,32.21378716
Feature A,28.70771695
Feature A,30.3917582
Feature A,29.79559648
Feature A,42.77071139
Feature A,25.55198342
Feature A,23.4240224
Feature A,30.2267304
Feature A,31.8628845
Feature A,32.61914087
Feature A,27.249808
Feature A,23.6200432
Feature A,37.57911106
Feature A,27.90209767
Feature A,24.80692282
Feature A,28.58232259
Feature A,28.81694463
Feature A,36.65952174
Feature A,30.50842375
Feature A,34.52432271
Feature A,27.0042479
Feature A,31.28667186
Feature A,28.05188453
Feature A,30.56750117
Feature A,24.62781985
Feature A,22.1351908
Feature A,41.98328031
Feature A,33.60425294
Feature A,22.49237183
Feature A,26.3330045
Feature A,22.88711949
Feature A,43.19286209
Feature A,37.87447786
Feature A,28.40912966
Feature A,33.25916436
Feature A,27.51396031
Feature A,27.14251863
Feature A,25.26838297
Feature A,26.4322964
Feature A,39.9054448
Feature A,29.67583125
Feature A,30.71547142
Feature A,31.46212458
Feature A,37.39485527
Feature A,26.90361701
Feature A,24.0449571
Feature A,40.05418159
Feature A,27.3530207
Feature A,25.66160418
Feature A,22.58236129
Feature A,22.29170567
Feature A,26.55615912
Feature A,33.7079149
Feature A,36.65908883
Feature A,34.24553012
Feature A,27.81805622
Feature A,30.35849962
Feature A,25.77242122
Feature A,25.69669103
Feature A,35.30790299
Feature A,23.90644453
Feature A,41.73176379
Feature A,29.45808244
Feature A,31.28723296
Feature A,25.56883377
Feature A,26.55366786
Feature A,22.09790321
Feature A,28.90244767
Feature A,32.51389443
Feature A,31.94582606
Feature A,25.31078108
Feature A,25.26826817
Feature A,26.98680769
Feature A,38.97636402
Feature A,23.17617828
Feature A,28.92569043
Feature A,41.41417093
Feature A,29.39415069
Feature A,21.84095578
Feature A,26.01138339
Feature A,32.91275987
Feature A,27.74638277
Feature A,26.62874182
Feature A,27.9364966
Feature A,30.54297988
Feature A,39.59105263
Feature A,29.46860933
Feature A,36.48479698
Feature A,33.78452469
Feature A,29.31816063
Feature A,20.80258798
Feature A,26.87329609
Feature A,27.06077728
Feature A,30.2829266
Feature A,37.80119207
Feature A,43.75847384
Feature A,39.28548635
Feature A,29.20109421
Feature A,19.46083563
Feature A,27.66732082
Feature A,30.53524334
Feature A,35.07007802
Feature A,35.77516781
Feature A,34.10585658
Feature A,21.6283539
Feature A,35.09785827
Feature A,27.3206567
Feature A,31.0488162
Feature A,30.44730706
Feature A,32.56900059
Feature A,30.1480499
Feature A,19.99514941
Feature A,34.41897579
Feature A,32.31615941
Feature A,28.40609025
Feature A,30.70886707
Feature A,30.80423187
Feature A,31.32611681
Feature A,39.845077
Feature A,28.68569773
Feature A,31.0083923
Feature A,37.01030324
Feature A,36.32508614
Feature A,36.87157866
Feature A,26.53519199
Feature A,42.01489638
Feature A,30.40020523
Feature A,41.20111107
Feature A,21.89458388
Feature A,30.12590152
Feature A,37.49948743
Feature A,25.70854688
Feature A,25.48386619
Feature A,24.36876778
Feature A,23.68492032
Feature A,27.3770428
Feature A,31.98707504
Feature A,17.91473701
Feature A,31.2718826
Feature A,37.42005028
Feature A,42.22544411
Feature A,37.80705595
Feature A,34.54064858
Feature A,19.63961761
Feature A,26.39095975
Feature A,27.88772126
Feature A,34.22114342
Feature A,29.365972
Feature A,22.44810823
Feature A,40.10661425
Feature A,35.46834775
Feature A,31.42458163
Feature A,37.30865166
Feature A,21.96735428
Feature A,33.96492179
Feature A,26.86252574
Feature A,34.10247313
Feature A,29.63506827
Feature A,33.79776428
Feature A,38.01310569
Feature A,30.04374054
Feature A,36.10535182
Feature A,22.86939579
Feature A,25.67037336
Feature A,39.11530627
Feature A,32.26432784
Feature A,17.68666308
Feature A,21.81577529
Feature A,28.79531391
Feature A,35.19467643
Feature A,29.38870047
Feature A,33.74512483
Feature A,35.75403227
Feature A,40.02632897
Feature A,30.3361004
Feature A,29.68810856
Feature A,19.48057585
Feature A,30.59596556
Feature A,26.56889965
Feature A,24.1559425
Feature A,28.92056261
Feature A,36.08965904
Feature A,18.04350907
Feature A,27.43632428
Feature A,30.6998237
Feature A,24.64075458
Feature A,32.00341765
Feature A,32.46857952
Feature A,29.80178304
Feature A,15.20461084
Feature A,45.42874888
Feature A,28.76820446
Feature A,33.90715969
Feature A,31.64259895
Feature A,36.14803941
Feature A,34.90595668
Feature A,28.74124097
Feature A,32.26900663
Feature A,24.32754701
Feature A,35.14153807
Feature A,27.23376997
Feature A,44.50064012
Feature A,20.09370663
Feature A,27.21607654
Feature A,34.95227918
Feature A,33.06079528
Feature A,26.46311377
Feature A,24.01931555
Feature A,30.86685423
Feature A,29.91415552
Feature A,19.25831258
Feature A,30.2073064
Feature A,31.14138189
Feature A,31.04835838
Feature A,23.66989774
Feature A,32.85679967
Feature A,38.27142082
Feature A,32.73741842
Feature A,23.18646918
Feature A,27.38612718
Feature A,32.07662172
Feature A,26.11772621
Feature A,17.05412199
Feature A,35.30550492
Feature A,25.02313433
Feature A,26.55863838
Feature A,39.02340365
Feature A,25.35513042
Feature A,35.07438924
Feature A,22.43590273
Feature A,27.87274558
Feature A,29.55866389
Feature A,22.98809145
Feature A,26.19151041
Feature A,29.82695068
Feature A,34.02417581
Feature A,20.09672074
Feature A,27.90147456
Feature A,34.53843863
Feature A,26.76714504
Feature A,31.36375153
Feature A,32.95337142
Feature A,31.60701009
Feature A,33.91954608
Feature A,29.26374803
Feature A,27.51794092
Feature A,14.14110629
Feature A,29.44235389
Feature A,32.58170818
Feature A,33.21239305
Feature A,26.66832989
Feature A,40.67701746
Feature A,31.71854652
Feature A,30.75789515
Feature A,37.63360068
Feature A,25.68920267
Feature A,27.29796826
Feature A,44.38471488
Feature A,30.06677512
Feature A,39.80141053
Feature A,21.36896013
Feature A,28.85689919
Feature A,32.27054342
Feature A,31.80023127
Feature A,23.96618244
Feature A,30.11555565
Feature A,23.53547608
Feature A,34.27621995
Feature A,36.50865054
Feature A,16.65007382
Feature A,37.41416077
Feature A,22.55373302
Feature A,32.72861561
Feature A,33.95941583
Feature A,28.80066103
Feature A,26.12931626
Feature A,30.99192613
Feature A,32.6329122
Feature A,35.29981692
Feature A,17.6859781
Feature A,20.18172439
Feature A,38.58241405
Feature A,36.27977308
Feature A,32.61173369
Feature A,34.29107044
Feature A,35.50304951
Feature A,14.03446321
Feature A,36.66166258
Feature A,27.09007442
Feature A,31.38370098
Feature A,28.22905319
Feature A,35.23178972
Feature A,27.90916531
Feature A,33.1110226
Feature A,27.65589013
Feature A,23.44327675
Feature A,37.26006306
Feature A,34.44540007
Feature A,40.34557343
Feature A,30.3909236
Feature A,36.75001647
Feature A,41.85251432
Feature A,28.31110731
Feature A,22.06229332
Feature A,28.5638906
Feature A,28.71575256
Feature A,30.91008303
Feature A,40.27382986
Feature A,28.04313664
Feature A,32.23802793
Feature A,28.63389561
Feature A,30.12270425
Feature A,31.88434598
Feature A,37.96928818
Feature A,30.72791026
Feature A,34.27705392
Feature A,34.67316018
Feature A,35.48863963
Feature A,26.55363269
Feature A,39.76128729
Feature A,27.71425956
Feature A,29.36529499
Feature A,38.42430161
Feature A,37.76450344
Feature A,23.46004877
Feature A,24.761574
Feature A,21.85152564
Feature A,31.09108316
Feature A,30.98904521
Feature A,32.18468812
Feature A,33.31294629
Feature A,26.38864292
Feature A,24.03780845
Feature A,36.16071034
Feature A,34.50636782
Feature A,20.94500078
Feature A,29.42911529
Feature A,24.62431306
Feature A,17.57549358
Feature A,30.90072079
Feature A,29.52472974
Feature A,29.41578439
Feature A,31.29691525
Feature A,35.29479099
Feature A,31.23358503
Feature A,26.30138494
Feature A,25.59120449
Feature A,29.20918324
Feature A,31.86010192
Feature A,23.76191788
Feature A,28.89414679
Feature A,35.80360356
Feature A,29.35031945
Feature A,25.80947599
Feature A,28.34432899
Feature A,36.68789127
Feature A,33.30026377
Feature A,37.4200548
Feature A,30.83458714
Feature A,32.46165058
Feature A,26.64925853
Feature A,33.63222401
Feature A,26.96199875
Feature A,21.47660697
Feature A,30.76795779
Feature A,41.67510731
Feature A,34.80548604
Feature A,36.99152034
Feature A,32.15313434
Feature A,26.34865693
Feature A,28.78655487
Feature A,28.36051136
Feature A,27.18780132
Feature A,34.2250037
Feature A,22.81581899
Feature A,35.19819679
Feature A,35.18491492
Feature A,22.80826585
Feature A,33.83695199
Feature A,44.58135991
Feature A,26.65670711
Feature A,35.06942545
Feature A,25.30678893
Feature A,36.66426851
Feature A,31.49894832
Feature A,39.91149235
Feature A,21.24617563
Feature A,29.69221268
Feature A,26.83844894
Feature A,28.81641079
Feature A,26.22252754
Feature A,24.99693852
Feature A,33.47233425
Feature A,23.47451572
Feature A,38.90418559
Feature A,22.88276049
Feature A,30.60647491
Feature A,33.19793572
Feature A,33.52041203
Feature A,28.18952002
Feature A,30.47701197
Feature A,35.76758491
Feature A,21.2612045
Feature A,25.30956173
Feature A,31.92241389
Feature A,27.33130813
Feature A,38.22002396
Feature A,34.03952318
Feature A,30.43300051
Feature A,20.95345609
Feature A,30.15660135
Feature A,28.10150479
Feature A,29.38592092
Feature A,22.91064464
Feature A,32.99194826
Feature A,23.76626136
Feature A,28.64266811
Feature A,32.28855498
Feature A,25.29890527
Feature A,33.49794843
Feature A,22.10093759
Feature A,13.14135193
Feature A,32.78980794
Feature A,35.04323896
Feature A,28.28492746
Feature A,33.02475753
Feature A,23.06450085
Feature A,29.23710836
Feature A,18.35088974
Feature A,37.08708535
Feature A,41.15946517
Feature A,36.44407356
Feature A,29.8359182
Feature A,29.80001795
Feature A,20.90359426
Feature A,34.74231206
Feature A,28.73559492
Feature A,26.05954245
Feature A,21.52784524
Feature A,28.20142502
Feature A,24.90563319
Feature A,27.61781688
Feature A,22.69440007
Feature A,40.1255369
Feature A,29.90398484
Feature A,36.44967046
Feature A,14.38980198
Feature A,27.28081302
Feature A,25.94710625
Feature A,22.66244292
Feature A,39.27965493
Feature A,21.50830848
Feature A,31.91034156
Feature A,35.07861771
Feature A,31.06914113
Feature A,24.74846714
Feature A,35.64699484
Feature A,31.02352849
Feature A,23.61901256
Feature A,21.67170571
Feature A,42.52030461
Feature A,25.92898113
Feature A,18.86657008
Feature A,33.19955618
Feature A,31.86138154
Feature A,21.87699399
Feature A,18.34226152
Feature A,29.3021849
Feature A,36.83637775
Feature A,33.81674421
Feature A,27.04237546
Feature A,24.99487061
Feature A,31.62640054
Feature A,30.94412008
Feature A,33.77827048
Feature A,27.6252123
Feature A,35.39612432
Feature A,25.01513084
Feature A,28.0167318
Feature A,34.44488714
Feature A,35.93982965
Feature A,18.36897179
Feature A,30.64314244
Feature A,33.65267407
Feature A,21.29505412
Feature A,32.8837536
Feature A,25.03095438
Feature A,36.12151807
Feature A,33.23089219
Feature A,34.61431377
Feature A,30.72431598
Feature A,35.1818906
Feature A,38.28308717
Feature A,41.79748809
Feature A,29.82962967
Feature A,16.50569346
Feature A,30.18915603
Feature A,31.23336725
Feature A,29.06792792
Feature A,33.40973172
Feature A,36.06406779
Feature A,26.89210542
Feature A,28.23542804
Feature A,32.38705325
Feature A,26.69865755
Feature A,30.5476043
Feature A,18.22975441
Feature A,23.28060167
Feature A,22.03346715
Feature A,24.87825782
Feature A,25.84017283
Feature A,32.29383086
Feature A,35.89267802
Feature A,25.63569883
Feature A,24.01896611
Feature A,23.74986685
Feature A,27.51246764
Feature A,28.56582559
Feature A,32.9017052
Feature A,28.07205095
Feature A,17.52906439
Feature A,29.45139435
Feature A,37.12312086
Feature A,37.14960761
Feature A,25.26622069
Feature A,20.71334074
Feature A,44.74836295
Feature A,29.02546835
Feature A,29.4152925
Feature A,32.52344513
Feature A,20.31576326
Feature A,25.63068533
Feature A,20.75734557
Feature A,25.84143232
Feature A,30.7130966
Feature A,21.81174325
Feature A,33.53989608
Feature A,31.73606417
Feature A,24.57470985
Feature A,31.35794965
Feature A,34.48848697
Feature A,36.36657152
Feature A,28.72291033
Feature A,29.43817924
Feature A,29.47971519
Feature A,38.64877054
Feature A,36.75043135
Feature A,35.00640941
Feature A,28.2759552
Feature A,32.2394486
Feature A,32.41974199
Feature A,23.74996023
Feature A,19.63017291
Feature A,33.85098017
Feature A,20.82413681
Feature A,30.01010213
Feature A,31.50148693
Feature A,33.38320434
Feature A,31.13655743
Feature A,25.60287716
Feature A,35.91819516
Feature A,40.4318026
Feature A,35.28707285
Feature A,18.33809459
Feature A,38.39745711
Feature A,29.66366432
Feature A,33.14948568
Feature A,33.73219942
Feature A,29.41988356
Feature A,29.54842081
Feature A,36.11494242
Feature A,34.26961153
Feature A,35.94157348
Feature A,44.29756017
Feature A,33.98649518
Feature A,31.24428694
Feature A,16.73620134
Feature A,46.15028402
Feature A,27.10393907
Feature A,44.24840829
Feature A,32.24786141
Feature A,39.23058119
Feature A,29.34173807
Feature A,33.06882453
Feature A,31.28374788
Feature A,28.8832758
Feature A,29.27763705
Feature A,36.07700602
Feature A,28.79125112
Feature A,17.77390503
Feature A,28.82466451
Feature A,33.23874363
Feature A,33.6987343
Feature A,33.6994069
Feature A,19.84739087
Feature A,32.21245235
Feature A,35.80715526
Feature A,37.65947209
Feature A,28.65023237
Feature A,28.06864448
Feature A,38.92702699
Feature A,19.99243173
Feature A,27.37902014
Feature A,32.74477248
Feature A,20.29335741
Feature A,31.67776717
Feature A,41.26718413
Feature A,29.97563608
Feature A,28.32927585
Feature A,32.84947028
Feature A,28.32556698
Feature A,34.88040224
Feature A,35.42661279
Feature A,30.01614997
Feature A,22.93984705
Feature A,22.09067564
Feature A,26.44201581
Feature A,34.784283
Feature A,18.25076895
Feature A,18.68204905
Feature A,26.07732105
Feature A,32.36636909
Feature A,24.51860371
Feature A,35.32049422
Feature A,32.00021982
Feature A,28.97616229
Feature A,34.91296882
Feature A,32.33019098
Feature A,27.32438984
Feature A,31.38668961
Feature A,33.88508015
Feature B,38.13770007
Feature B,32.05193875
Feature B,41.13121323
Feature B,42.91761735
Feature B,37.65764734
Feature B,36.86462797
Feature B,35.54624952
Feature B,48.96849508
Feature B,37.65789319
Feature B,35.05023583
Feature B,20.95249319
Feature B,26.60830941
Feature B,35.5339608
Feature B,37.23776427
Feature B,37.66123475
Feature B,40.92904068
Feature B,34.83508554
Feature B,43.28753277
Feature B,30.47090374
Feature B,28.74934368
Feature B,28.62608293
Feature B,40.45378215
Feature B,35.50248035
Feature B,40.73890753
Feature B,34.39376147
Feature B,32.44864739
Feature B,33.78988455
Feature B,24.88429905
Feature B,28.98230844
Feature B,27.34779212
Feature B,42.32593363
Feature B,32.41601945
Feature B,40.73675912
Feature B,45.09894361
Feature B,34.84935115
Feature B,37.70327344
Feature B,25.49359488
Feature B,31.08798133
Feature B,36.3372891
Feature B,37.79452142
Feature B,31.4436113
Feature B,52.109154
Feature B,33.24965917
Feature B,36.38546134
Feature B,39.8987512
Feature B,35.84388819
Feature B,32.13859568
Feature B,42.27183398
Feature B,45.69327194
Feature B,35.82183617
Feature B,39.37360407
Feature B,35.41552501
Feature B,42.09873131
Feature B,29.06299563
Feature B,49.92516134
Feature B,32.37881251
Feature B,27.24690351
Feature B,33.89449304
Feature B,36.8802509
Feature B,45.74172725
Feature B,41.46725806
Feature B,36.85475059
Feature B,27.66309886
Feature B,30.80377353
Feature B,35.02029041
Feature B,51.31815668
Feature B,24.83863455
Feature B,42.78632791
Feature B,32.83659446
Feature B,45.9959454
Feature B,29.16479616
Feature B,36.86173941
Feature B,29.40269435
Feature B,41.42109856
Feature B,44.90267693
Feature B,47.70432604
Feature B,40.78560395
Feature B,47.05959753
Feature B,43.47854345
Feature B,35.20875053
Feature B,38.86222343
Feature B,30.16803473
Feature B,34.88878698
Feature B,43.32578225
Feature B,39.24770486
Feature B,38.74414399
Feature B,29.77121376
Feature B,32.37292062
Feature B,31.41236392
Feature B,38.37177522
Feature B,30.05695422
Feature B,39.37224834
Feature B,29.30150153
Feature B,46.97118275
Feature B,38.7635481
Feature B,31.79397833
Feature B,37.4462756
Feature B,33.8852808
Feature B,38.22688776
Feature B,37.46119631
Feature B,29.91531496
Feature B,31.25211673
Feature B,37.79756211
Feature B,45.83431145
Feature B,42.50770205
Feature B,32.25259516
Feature B,40.95553741
Feature B,35.70858988
Feature B,37.80788191
Feature B,37.56216894
Feature B,51.45269858
Feature B,28.88826714
Feature B,36.60551915
Feature B,25.32013627
Feature B,39.53901554
Feature B,42.57965083
Feature B,44.67397345
Feature B,24.44912849
Feature B,38.47661698
Feature B,45.56021971
Feature B,33.51590482
Feature B,34.72709681
Feature B,35.78077667
Feature B,38.19011251
Feature B,39.99095925
Feature B,43.9069253
Feature B,35.42707446
Feature B,37.17766827
Feature B,50.92798726
Feature B,38.58659357
Feature B,37.13251866
Feature B,27.94654125
Feature B,36.01713629
Feature B,34.67204308
Feature B,35.93372502
Feature B,32.54749415
Feature B,31.87910609
Feature B,31.67535821
Feature B,34.71297291
Feature B,44.20879589
Feature B,42.29451976
Feature B,33.84014929
Feature B,25.88450127
Feature B,30.93249943
Feature B,33.2534368
Feature B,36.62182803
Feature B,32.02435635
Feature B,48.04008414
Feature B,34.36639479
Feature B,28.71633318
Feature B,35.15242946
Feature B,29.96773451
Feature B,36.93693424
Feature B,37.40180168
Feature B,38.13352567
Feature B,26.26885045
Feature B,37.32426775
Feature B,37.86270048
Feature B,27.47334931
Feature B,41.73219384
Feature B,40.70502527
Feature B,49.79771617
Feature B,36.94021792
Feature B,36.28040117
Feature B,36.579515
Feature B,36.41859739
Feature B,24.90916335
Feature B,25.97323765
Feature B,35.5347662
Feature B,32.51359572
Feature B,36.32841915
Feature B,23.33274976
Feature B,27.00781047
Feature B,29.39109937
Feature B,41.91634933
Feature B,29.40905996
Feature B,31.20291628
Feature B,36.47924291
Feature B,34.06352183
Feature B,36.87850307
Feature B,49.83037189
Feature B,29.25237797
Feature B,34.16718216
Feature B,32.8994433
Feature B,45.07437256
Feature B,31.38309046
Feature B,35.50747858
Feature B,40.72280169
Feature B,29.64845678
Feature B,45.93105489
Feature B,40.05457449
Feature B,29.55476034
Feature B,38.72746685
Feature B,34.72015714
Feature B,37.87937263
Feature B,35.46014882
Feature B,42.42309622
Feature B,27.89339769
Feature B,32.86429982
Feature B,34.50485593
Feature B,30.02520765
Feature B,29.76026974
Feature B,35.89211856
Feature B,35.2069492
Feature B,20.70394335
Feature B,42.24344073
Feature B,37.49835442
Feature B,50.49724424
Feature B,40.11118943
Feature B,33.31824415
Feature B,52.78434688
Feature B,52.99335614
Feature B,28.6877291
Feature B,38.81419174
Feature B,34.73251849
Feature B,37.12230688
Feature B,37.36525637
Feature B,28.42859722
Feature B,37.71353748
Feature B,46.49548418
Feature B,35.01545998
Feature B,35.02243974
Feature B,44.39143204
Feature B,41.39037744
Feature B,26.10903109
Feature B,37.37134184
Feature B,45.92128341
Feature B,44.4916581
Feature B,38.51970962
Feature B,40.32732484
Feature B,28.81838873
Feature B,37.8007894
Feature B,30.27330639
Feature B,33.25189159
Feature B,41.6136221
Feature B,29.17864133
Feature B,37.60150951
Feature B,38.56999224
Feature B,36.32947182
Feature B,46.93313293
Feature B,29.86591603
Feature B,39.63678157
Feature B,35.4664166
Feature B,34.43500654
Feature B,38.7845474
Feature B,29.87759646
Feature B,28.1192945
Feature B,33.03311475
Feature B,46.5105429
Feature B,36.33458865
Feature B,37.98860639
Feature B,34.86092017
Feature B,38.82295639
Feature B,30.28992274
Feature B,42.9474628
Feature B,39.50823156
Feature B,31.16128306
Feature B,36.32731947
Feature B,40.29798972
Feature B,39.34638589
Feature B,44.8916041
Feature B,32.32207347
Feature B,42.69681969
Feature B,42.21928806
Feature B,35.02510121
Feature B,30.14443984
Feature B,29.46512885
Feature B,38.74672175
Feature B,35.5732396
Feature B,46.674616
Feature B,39.21082776
Feature B,33.76833075
Feature B,29.84674651
Feature B,32.50558995
Feature B,38.05733036
Feature B,33.29439212
Feature B,39.08538072
Feature B,33.99397169
Feature B,35.36664055
Feature B,31.61694196
Feature B,47.43026151
Feature B,37.99573039
Feature B,37.38380184
Feature B,25.84882551
Feature B,39.9587514
Feature B,29.85825847
Feature B,30.65087055
Feature B,41.51004703
Feature B,33.28379612
Feature B,25.50976632
Feature B,46.61942466
Feature B,21.73555845
Feature B,39.43686918
Feature B,42.10349549
Feature B,32.2141928
Feature B,38.66572231
Feature B,38.63478233
Feature B,42.24373892
Feature B,38.90459633
Feature B,34.53069733
Feature B,41.49595235
Feature B,40.80373414
Feature B,30.3805858
Feature B,27.5952754
Feature B,36.96166524
Feature B,34.35622575
Feature B,30.08676532
Feature B,36.50358408
Feature B,28.08002084
Feature B,36.96735811
Feature B,32.25042967
Feature B,41.74298565
Feature B,50.54693485
Feature B,30.50412454
Feature B,42.34598503
Feature B,40.95089837
Feature B,35.57883465
Feature B,33.27812176
Feature B,45.45184624
Feature B,23.96725309
Feature B,32.14083125
Feature B,27.37893934
Feature B,44.37188063
Feature B,34.8557794
Feature B,32.8519728
Feature B,55.10426684
Feature B,35.69977639
Feature B,33.33750413
Feature B,37.7991915
Feature B,26.58945228
Feature B,38.94181586
Feature B,35.42302079
Feature B,38.81115074
Feature B,30.10577618
Feature B,29.86209695
Feature B,31.83951202
Feature B,31.39206256
Feature B,43.7942998
Feature B,45.47487337
Feature B,35.05864828
Feature B,33.84638064
Feature B,34.02576702
Feature B,36.41541887
Feature B,36.5814254
Feature B,37.74020633
Feature B,31.51992635
Feature B,30.91862167
Feature B,43.18246598
Feature B,32.70823583
Feature B,37.81827417
Feature B,35.6581768
Feature B,30.25290365
Feature B,39.54637146
Feature B,37.03862924
Feature B,44.39870014
Feature B,36.70475751
Feature B,34.01072545
Feature B,37.66976948
Feature B,28.88645011
Feature B,30.98463568
Feature B,39.06163951
Feature B,34.00127459
Feature B,35.60423432
Feature B,35.30866974
Feature B,32.09692429
Feature B,23.88786805
Feature B,38.09300982
Feature B,40.56983705
Feature B,28.26770259
Feature B,44.89441631
Feature B,38.31092894
Feature B,44.04984177
Feature B,30.25697717
Feature B,37.00068773
Feature B,35.39991625
Feature B,40.61104459
Feature B,32.54484259
Feature B,35.93941397
Feature B,25.32804511
Feature B,31.33427134
Feature B,36.7502033
Feature B,31.76207105
Feature B,35.73858309
Feature B,33.19244416
Feature B,39.64158082
Feature B,43.01092985
Feature B,31.06499152
Feature B,34.15778065
Feature B,44.63856755
Feature B,22.80646047
Feature B,34.08097325
Feature B,48.3882257
Feature B,49.16154041
Feature B,36.93957194
Feature B,30.8183463
Feature B,36.99274452
Feature B,32.08335362
Feature B,44.71690369
Feature B,31.16110407
Feature B,38.23746957
Feature B,39.71910045
Feature B,31.45493904
Feature B,41.10914809
Feature B,31.51242017
Feature B,39.78143898
Feature B,42.5799698
Feature B,30.06934247
Feature B,42.64797025
Feature B,33.06280277
Feature B,37.76612033
Feature B,37.21102483
Feature B,33.43682168
Feature B,37.60861722
Feature B,28.61741445
Feature B,35.18317877
Feature B,40.95474499
Feature B,22.9552521
Feature B,27.07244288
Feature B,29.02837465
Feature B,26.46546184
Feature B,38.51749824
Feature B,30.0424299
Feature B,23.01271749
Feature B,32.17458741
Feature B,33.65618849
Feature B,41.14071284
Feature B,29.37748718
Feature B,42.96773553
Feature B,38.39017629
Feature B,38.17411295
Feature B,30.88484598
Feature B,47.72200728
Feature B,35.01437501
Feature B,25.05061449
Feature B,34.77686117
Feature B,24.39333558
Feature B,34.13693931
Feature B,33.46663798
Feature B,40.09097814
Feature B,42.05697711
Feature B,31.64337021
Feature B,40.83665321
Feature B,44.54593866
Feature B,31.29513597
Feature B,32.0855738
Feature B,39.90467018
Feature B,37.09828782
Feature B,39.29264976
Feature B,44.42810577
Feature B,38.32249872
Feature B,42.31020762
Feature B,39.73743277
Feature B,38.60172234
Feature B,38.31650663
Feature B,43.74793983
Feature B,29.98644076
Feature B,29.36890363
Feature B,39.55167602
Feature B,35.28186202
Feature B,36.44403127
Feature B,40.44766426
Feature B,40.51977029
Feature B,34.42397698
Feature B,34.12473679
Feature B,36.44159165
Feature B,42.37810674
Feature B,38.55612292
Feature B,44.59804506
Feature B,35.95417878
Feature B,42.75400563
Feature B,41.29801387
Feature B,39.67250077
Feature B,38.48820424
Feature B,34.32070562
Feature B,35.34577494
Feature B,37.37637297
Feature B,36.29333334
Feature B,41.65934681
Feature B,35.34409726
Feature B,35.57773847
Feature B,33.09408547
Feature B,35.16998203
Feature B,35.58740615
Feature B,22.11758536
Feature B,27.81100982
Feature B,35.56507854
Feature B,34.40829735
Feature B,28.79478403
Feature B,24.05077094
Feature B,33.87378468
Feature B,39.92097459
Feature B,46.63943179
Feature B,35.76925924
Feature B,44.95910904
Feature B,36.49813295
Feature B,36.69319263
Feature B,37.94895188
Feature B,30.77653653
Feature B,35.68969072
Feature B,41.45068619
Feature B,31.50164528
Feature B,34.07036358
Feature B,29.1133755
Feature B,38.12611318
Feature B,38.54879869
Feature B,39.89008411
Feature B,28.68113981
Feature B,36.64341021
Feature B,30.33565385
Feature B,35.99769211
Feature B,44.05574352
Feature B,32.97884828
Feature B,40.30009993
Feature B,31.5019885
Feature B,33.12883074
Feature B,38.6323305
Feature B,31.92532638
Feature B,25.78221099
Feature B,43.59101061
Feature B,38.16214343
Feature B,32.49816336
Feature B,24.03552728
Feature B,47.41325863
Feature B,56.34222493
Feature B,37.24488244
Feature B,41.09883989
Feature B,43.34736187
Feature B,31.7891734
Feature B,33.89282262
Feature B,25.63727378
Feature B,31.58053061
Feature B,39.7344587
Feature B,34.25570406
Feature B,34.71473079
Feature B,35.32464269
Feature B,24.81799811
Feature B,41.02577961
Feature B,27.33904267
Feature B,34.74857903
Feature B,33.36861923
Feature B,34.6884371
Feature B,44.75979567
Feature B,32.50764049
Feature B,31.30141443
Feature B,26.88207603
Feature B,31.16581151
Feature B,29.00289176
Feature B,38.44767718
Feature B,30.82197452
Feature B,37.82425221
Feature B,35.12143507
Feature B,27.39862692
Feature B,31.25635329
Feature B,41.31067473
Feature B,41.41845652
Feature B,48.03343965
Feature B,35.97851815
Feature B,27.02503912
Feature B,31.38949784
Feature B,38.45093103
Feature B,47.40081801
Feature B,36.66005474
Feature B,42.84232095
Feature B,40.60848783
Feature B,28.99145027
Feature B,34.97332409
Feature B,43.83156922
Feature B,41.25657666
Feature B,38.78277685
Feature B,38.86268547
Feature B,33.0515682
Feature B,28.08368812
Feature B,43.77255474
Feature B,27.47868305
Feature B,30.36662448
Feature B,39.77378996
Feature B,28.4268327
Feature B,32.68877752
Feature B,28.90320296
Feature B,39.72398135
Feature B,38.6778781
Feature B,38.53130816
Feature B,38.65478863
Feature B,39.34347448
Feature B,39.83613895
Feature B,24.18803066
Feature B,35.10710183
Feature B,36.67478288
Feature B,40.34805722
Feature B,28.87508354
Feature B,33.00239886
Feature B,29.55814206
Feature B,42.34344128
Feature B,43.6744355
Feature B,40.72606035
Feature B,28.6655797
Feature B,38.7117127
Feature B,42.90269512
Feature B,37.00764588
Feature B,32.603344
Feature B,29.48329056
Feature B,32.00818323
Feature B,40.28909014
Feature B,33.4100334
Feature B,37.36568964
Feature B,43.76967477
Feature B,39.47000964
Feature B,44.18803669
Feature B,25.79052118
Feature B,34.31594232
Feature B,36.39040812
Feature B,39.47153575
Feature B,28.98476027
Feature B,40.83710913
Feature B,37.84434046
Feature B,37.58283608
Feature B,39.05090875
Feature B,35.30184936
Feature B,41.55327659
Feature B,39.88937864
Feature B,35.09874375
Feature B,42.24226212
Feature B,37.75535211
Feature B,40.0125084
Feature B,32.43493415
Feature B,45.48259102
Feature B,35.97606633
Feature B,41.08705661
Feature B,35.39930084
Feature B,34.32222056
Feature B,40.70662947
Feature B,26.49230013
Feature B,38.87019689
Feature B,38.36139824
Feature B,19.82802379
Feature B,38.21026397
Feature B,22.98949352
Feature B,39.95882626
Feature B,33.2765176
Feature B,31.83037905
Feature B,35.95892218
Feature B,44.23831227
Feature B,32.18806154
Feature B,39.34861976
Feature B,38.04694721
Feature B,28.92288823
Feature B,25.5538679
Feature B,24.04448537
Feature B,39.30764527
Feature B,35.79154763
Feature B,47.10343022
Feature B,39.44205065
Feature B,41.09817535
Feature B,44.00630151
Feature B,32.99568541
Feature B,39.06058757
Feature B,41.21275962
Feature B,44.21611013
Feature B,40.57590688
Feature B,38.52688304
Feature B,30.79065572
Feature B,40.37736217
Feature B,39.00159523
Feature B,39.80550152
Feature B,38.54187027
Feature B,34.78897173
Feature B,35.53880461
Feature B,40.12418468
Feature B,37.02978904
Feature B,31.01934855
Feature B,34.25904528
Feature B,28.08524565
Feature B,30.19780858
Feature B,35.13233358
Feature B,25.21120466
Feature B,25.86874515
Feature B,42.6153912
Feature B,32.54028645
Feature B,24.88984962
Feature B,35.32282056
Feature B,43.9264156
Feature B,39.97352578
Feature B,38.64829919
Feature B,43.10247547
Feature B,31.37099135
Feature B,40.37813515
Feature B,32.47748631
Feature B,36.00458512
Feature B,49.28679192
Feature B,41.81660637
Feature B,40.60804628
Feature B,29.35003253
Feature B,31.28258448
Feature B,49.70469888
Feature B,29.44019542
Feature B,37.28687625
Feature B,41.35542636
Feature B,42.11254783
Feature B,42.53467207
Feature B,35.02122606
Feature B,31.07407982
Feature B,34.1564566
Feature B,30.58741195
Feature B,39.76241246
Feature B,42.72213017
Feature B,48.76328131
Feature B,38.1966863
Feature B,30.75131174
Feature B,42.14684918
Feature B,41.42855336
Feature B,34.57050782
Feature B,26.65287058
Feature B,40.56785937
Feature B,42.77486637
Feature B,34.22935302
Feature B,39.21745691
Feature B,34.34465715
Feature B,40.09389147
Feature B,35.29625571
Feature B,33.93194482
Feature B,36.66972299
Feature B,34.29956811
Feature B,32.45389701
Feature B,34.10437841
Feature B,35.95108709
Feature B,37.24497084
Feature B,45.19454173
Feature B,27.85201301
Feature B,34.8022857
Feature B,39.78913877
Feature B,46.57212542
Feature B,38.55608618
Feature B,35.9174795
Feature B,34.15465854
Feature B,38.48584898
Feature B,41.93434752
Feature B,34.89685014
Feature B,36.98256844
Feature B,37.30161806
Feature B,40.37566581
Feature B,42.66828244
Feature B,37.6749649
Feature B,35.54297597
Feature B,44.36797879
Feature B,36.98720471
Feature B,45.46711187
Feature B,35.62846405
Feature B,39.68353779
Feature B,26.72346843
Feature B,35.32564823
Feature B,35.86923276
Feature B,31.4499275
Feature B,29.78464269
Feature B,41.68895582
Feature B,41.4849524
Feature B,28.20760803
Feature B,38.54627277
Feature B,29.32472808
Feature B,29.69356064
Feature B,39.15247469
Feature B,31.883856
Feature B,41.96087989
Feature B,36.23114159
Feature B,39.21689385
Feature B,32.85823981
Feature B,29.09267199
Feature B,41.48851345
Feature B,37.42842895
Feature B,34.56559344
Feature B,36.41541196
Feature B,43.95545006
Feature B,31.81100019
Feature B,31.50354933
Feature B,32.28230968
Feature B,26.49005239
Feature B,40.91776883
Feature B,37.15421788
Feature B,37.24303185
Feature B,35.73991587
Feature B,32.93903735
Feature B,31.05948832
Feature B,41.11113842
Feature B,27.44289196
Feature B,38.64179365
Feature B,31.2443301
Feature B,37.69386129
Feature B,31.55585687
Feature B,32.8599499
Feature B,46.6161955
Feature B,40.00969571
Feature B,23.13061785
Feature B,36.7584745
Feature B,33.28912238
Feature B,29.18024287
Feature B,37.25871534
Feature B,36.7797931
Feature B,34.02896056
Feature B,47.8362214
Feature B,22.5078596
Feature B,41.02931632
Feature C,40.26586038
Feature C,45.93908046
Feature C,39.2760138
Feature C,38.43681263
Feature C,31.737722
Feature C,40.74330943
Feature C,56.87247481
Feature C,47.93821325
Feature C,52.05343293
Feature C,47.48979191
Feature C,48.86557625
Feature C,47.41725849
Feature C,44.85235459
Feature C,38.50482736
Feature C,38.80239158
Feature C,32.39496002
Feature C,41.96509372
Feature C,47.39613406
Feature C,48.19153534
Feature C,42.57079623
Feature C,38.7142343
Feature C,61.74310466
Feature C,46.42011319
Feature C,50.52345183
Feature C,39.97391616
Feature C,41.77225424
Feature C,44.69164259
Feature C,52.05913387
Feature C,40.13115273
Feature C,47.121694
Feature C,29.43111219
Feature C,38.9564734
Feature C,34.24794554
Feature C,48.6801763
Feature C,41.01328147
Feature C,39.65775551
Feature C,50.21459908
Feature C,48.69763715
Feature C,36.61187278
Feature C,44.56719893
Feature C,34.62933259
Feature C,39.14630985
Feature C,51.69946582
Feature C,50.70076771
Feature C,48.65411253
Feature C,38.57457668
Feature C,30.71141118
Feature C,34.9458109
Feature C,47.71533915
Feature C,40.25659268
Feature C,29.02435113
Feature C,40.91887507
Feature C,50.46143533
Feature C,45.86081184
Feature C,37.07244874
Feature C,32.72450009
Feature C,37.04071665
Feature C,42.20716603
Feature C,47.32844221
Feature C,30.36035907
Feature C,48.13921053
Feature C,42.03274636
Feature C,45.41867382
Feature C,32.08046662
Feature C,38.00007372
Feature C,39.31059486
Feature C,48.26334809
Feature C,48.16904428
Feature C,44.61054276
Feature C,51.62527309
Feature C,38.9075328
Feature C,48.07522316
Feature C,41.78435982
Feature C,37.99594742
Feature C,47.54028023
Feature C,50.28660199
Feature C,47.2695025
Feature C,38.94357927
Feature C,39.1812742
Feature C,50.26605508
Feature C,44.11695844
Feature C,46.97744388
Feature C,39.9677881
Feature C,49.56620962
Feature C,37.14746913
Feature C,45.75210913
Feature C,37.09695021
Feature C,27.2245499
Feature C,33.94225494
Feature C,42.8177712
Feature C,47.2975365
Feature C,31.4921875
Feature C,34.49145319
Feature C,52.58727598
Feature C,39.3966039
Feature C,45.03420079
Feature C,38.83838807
Feature C,40.20850269
Feature C,42.52346524
Feature C,42.06577106
Feature C,40.84463873
Feature C,39.18122109
Feature C,23.71283466
Feature C,53.211933
Feature C,52.74254525
Feature C,35.39350955
Feature C,40.99135487
Feature C,50.25165183
Feature C,47.98974014
Feature C,49.65960971
Feature C,35.56951849
Feature C,57.46360858
Feature C,35.19924024
Feature C,46.52349805
Feature C,42.84765588
Feature C,39.57773809
Feature C,39.72350521
Feature C,36.05161912
Feature C,51.73595877
Feature C,42.53707937
Feature C,43.5553077
Feature C,43.257797
Feature C,39.74897548
Feature C,35.19587253
Feature C,43.52235786
Feature C,29.4381633
Feature C,33.48859834
Feature C,35.54161983
Feature C,35.52792682
Feature C,42.6431329
Feature C,51.59092529
Feature C,32.90805514
Feature C,44.60205612
Feature C,47.39726852
Feature C,36.06280679
Feature C,41.68320359
Feature C,46.94166542
Feature C,40.46694538
Feature C,40.67589392
Feature C,43.84636075
Feature C,41.63992048
Feature C,38.66608266
Feature C,41.16830988
Feature C,53.29703875
Feature C,47.24201208
Feature C,36.51241756
Feature C,34.53049427
Feature C,39.84010656
Feature C,49.97264821
Feature C,43.75607471
Feature C,37.79096858
Feature C,47.29340741
Feature C,41.19977767
Feature C,35.275929
Feature C,44.76715473
Feature C,51.14485686
Feature C,44.60680979
Feature C,43.15200223
Feature C,38.06254123
Feature C,45.41039119
Feature C,35.57657679
Feature C,32.08110585
Feature C,41.73988339
Feature C,41.79243897
Feature C,56.19033319
Feature C,34.70191615
Feature C,43.02543794
Feature C,46.83031856
Feature C,48.30355706
Feature C,41.93565309
Feature C,37.54046315
Feature C,41.60529569
Feature C,53.63853595
Feature C,44.89643405
Feature C,29.73313756
Feature C,50.54075477
Feature C,45.24301597
Feature C,41.79856937
Feature C,41.89281827
Feature C,41.10126168
Feature C,43.53935689
Feature C,38.9767984
Feature C,43.66206751
Feature C,36.41186385
Feature C,43.20088125
Feature C,48.64102452
Feature C,45.05523668
Feature C,48.20249806
Feature C,35.45478743
Feature C,42.32875671
Feature C,45.70350182
Feature C,35.59197079
Feature C,51.39488602
Feature C,35.79115193
Feature C,42.98711225
Feature C,42.91099398
Feature C,42.73002181
Feature C,40.7374525
Feature C,44.69962072
Feature C,35.81301305
Feature C,34.26381487
Feature C,38.07258817
Feature C,41.65605538
Feature C,49.54048692
Feature C,51.52472484
Feature C,43.91688878
Feature C,44.28954974
Feature C,40.5381307
Feature C,42.2883185
Feature C,33.57272483
Feature C,43.73960237
Feature C,38.78667851
Feature C,44.00807264
Feature C,39.92411197
Feature C,38.03030559
Feature C,40.68533174
Feature C,39.79857054
Feature C,48.56746925
Feature C,43.25524849
Feature C,44.59494856
Feature C,34.55487849
Feature C,50.98093026
Feature C,42.95622265
Feature C,36.86231158
Feature C,43.85427987
Feature C,47.22260418
Feature C,33.69793717
Feature C,52.14064182
Feature C,41.05181577
Feature C,48.72702468
Feature C,42.43356791
Feature C,40.00546293
Feature C,30.99047972
Feature C,35.39896669
Feature C,41.7519582
Feature C,46.96711527
Feature C,30.70992808
Feature C,50.25264667
Feature C,50.39394279
Feature C,35.14010246
Feature C,44.83380337
Feature C,35.79816472
Feature C,41.24880013
Feature C,47.57197643
Feature C,47.21003789
Feature C,36.90495238
Feature C,39.68018127
Feature C,36.14301857
Feature C,44.03726196
Feature C,32.64554901
Feature C,26.22404735
Feature C,50.81887369
Feature C,55.64083748
Feature C,39.26979876
Feature C,46.56661492
Feature C,41.9549833
Feature C,50.8458828
Feature C,45.3248636
Feature C,43.22198379
Feature C,31.20518129
Feature C,48.49773408
Feature C,39.89487831
Feature C,33.57905949
Feature C,40.78922001
Feature C,41.23933104
Feature C,48.35524124
Feature C,34.99562381
Feature C,38.65413824
Feature C,50.92871957
Feature C,50.15199461
Feature C,48.97928726
Feature C,51.96914367
Feature C,43.22418588
Feature C,38.50869788
Feature C,45.33122437
Feature C,48.35233875
Feature C,56.48179963
Feature C,30.210106
Feature C,43.63941422
Feature C,45.9287675
Feature C,41.67240807
Feature C,32.65306651
Feature C,46.44900535
Feature C,37.32548555
Feature C,45.03516899
Feature C,47.44531024
Feature C,49.70374206
Feature C,32.65281722
Feature C,48.49045109
Feature C,37.45811186
Feature C,34.26588316
Feature C,49.885924
Feature C,48.87755984
Feature C,40.54450039
Feature C,46.55724424
Feature C,36.83804555
Feature C,41.09381053
Feature C,41.4376606
Feature C,40.31555967
Feature C,46.40459242
Feature C,51.22396521
Feature C,39.26537362
Feature C,41.80404929
Feature C,51.82054409
Feature C,40.02574818
Feature C,26.37577098
Feature C,45.08390272
Feature C,36.68119193
Feature C,36.00876956
Feature C,50.52490088
Feature C,56.68798804
Feature C,35.76130475
Feature C,48.18615109
Feature C,41.43511297
Feature C,42.85084476
Feature C,49.33342021
Feature C,43.28204711
Feature C,36.89180788
Feature C,39.17754675
Feature C,46.11681153
Feature C,27.98431601
Feature C,48.57146629
Feature C,32.59709941
Feature C,42.13158638
Feature C,40.85784613
Feature C,49.75841692
Feature C,43.13309589
Feature C,42.61163481
Feature C,46.18881485
Feature C,37.03791266
Feature C,40.82460686
Feature C,49.06550648
Feature C,46.10084173
Feature C,34.34701976
Feature C,45.8277382
Feature C,33.73446225
Feature C,38.41013518
Feature C,49.2655223
Feature C,28.49372895
Feature C,31.32591485
Feature C,49.80823604
Feature C,37.1112433
Feature C,49.46224211
Feature C,40.9904988
Feature C,44.56665407
Feature C,46.87967334
Feature C,38.09272878
Feature C,40.17245446
Feature C,39.50941698
Feature C,58.89650566
Feature C,42.75688241
Feature C,44.83680254
Feature C,39.95547875
Feature C,40.54925614
Feature C,50.27252801
Feature C,39.96669798
Feature C,42.12081782
Feature C,44.26177298
Feature C,39.40965753
Feature C,53.75438494
Feature C,33.42924233
Feature C,54.06775788
Feature C,39.89044867
Feature C,50.14271788
Feature C,30.00493553
Feature C,47.73648373
Feature C,47.25858759
Feature C,34.37269817
Feature C,37.39005673
Feature C,43.16114907
Feature C,48.86301257
Feature C,37.40400418
Feature C,40.65524401
Feature C,51.42808161
Feature C,35.23591655
Feature C,47.68676388
Feature C,44.69260914
Feature C,35.36511283
Feature C,37.99279295
Feature C,46.69966506
Feature C,43.4937566
Feature C,50.55058966
Feature C,38.38929623
Feature C,31.71307382
Feature C,48.28696156
Feature C,38.34827029
Feature C,42.72204316
Feature C,52.31425088
Feature C,40.49751569
Feature C,51.29733196
Feature C,35.4171621
Feature C,47.55306742
Feature C,43.48079527
Feature C,37.57937076
Feature C,34.31994637
Feature C,42.45986198
Feature C,43.53098857
Feature C,43.6646809
Feature C,45.22113613
Feature C,39.2370866
Feature C,38.93037767
Feature C,43.42162727
Feature C,38.75046497
Feature C,49.31536588
Feature C,43.04481525
Feature C,38.3083901
Feature C,31.15864222
Feature C,38.13791336
Feature C,54.27611311
Feature C,38.63542547
Feature C,36.98400416
Feature C,45.91768502
Feature C,44.64775875
Feature C,46.50977434
Feature C,40.33214949
Feature C,48.7359253
Feature C,34.96434684
Feature C,41.70673939
Feature C,37.77515798
Feature C,46.08455183
Feature C,42.78004057
Feature C,48.65824849
Feature C,54.35100521
Feature C,42.84393319
Feature C,38.79230009
Feature C,37.05889964
Feature C,40.42179611
Feature C,41.58238898
Feature C,53.95081149
Feature C,35.22534274
Feature C,35.44069538
Feature C,39.55219986
Feature C,45.52535678
Feature C,46.92667116
Feature C,36.5523918
Feature C,42.76223164
Feature C,41.74264213
Feature C,49.17123882
Feature C,48.53515342
Feature C,40.12631583
Feature C,42.2759626
Feature C,45.91633568
Feature C,32.07904418
Feature C,40.13837421
Feature C,45.4492373
Feature C,38.86060707
Feature C,41.64049079
Feature C,41.87395479
Feature C,37.65808071
Feature C,36.03312098
Feature C,40.80079659
Feature C,39.91783306
Feature C,47.00457039
Feature C,51.17929327
Feature C,41.92846572
Feature C,44.39203195
Feature C,41.57750812
Feature C,45.60815906
Feature C,43.31097277
Feature C,43.41957301
Feature C,48.67749077
Feature C,36.0754731
Feature C,50.68718408
Feature C,44.09467447
Feature C,43.08493206
Feature C,38.63854889
Feature C,41.01673445
Feature C,44.24210883
Feature C,29.61771446
Feature C,38.39086831
Feature C,45.51594967
Feature C,40.23310928
Feature C,37.19683473
Feature C,38.18583281
Feature C,43.41449419
Feature C,32.19100569
Feature C,47.22737544
Feature C,28.98639195
Feature C,38.97996287
Feature C,37.27690513
Feature C,34.50839874
Feature C,35.53255596
Feature C,43.50046412
Feature C,41.28135581
Feature C,40.19488421
Feature C,28.07541735
Feature C,34.05407573
Feature C,41.21215733
Feature C,36.73178908
Feature C,37.21938642
Feature C,48.29724428
Feature C,43.05353009
Feature C,35.73693227
Feature C,39.18782391
Feature C,40.29057911
Feature C,37.91822891
Feature C,36.21567834
Feature C,41.68917551
Feature C,46.44716832
Feature C,43.36111202
Feature C,40.79911792
Feature C,44.32692147
Feature C,46.7635102
Feature C,41.15691625
Feature C,44.73483119
Feature C,35.12656256
Feature C,40.50209587
Feature C,39.47821035
Feature C,43.17398702
Feature C,44.14391708
Feature C,41.25829213
Feature C,37.40271466
Feature C,36.4217147
Feature C,43.67112366
Feature C,50.14102111
Feature C,37.27718643
Feature C,39.69120797
Feature C,43.98408336
Feature C,38.6722773
Feature C,42.72943389
Feature C,41.7144233
Feature C,37.34249046
Feature C,46.98864751
Feature C,47.07784702
Feature C,48.14483704
Feature C,49.60797952
Feature C,38.96182927
Feature C,39.21310862
Feature C,43.567308
Feature C,45.78048586
Feature C,39.96224306
Feature C,39.45993115
Feature C,38.29037083
Feature C,50.89321134
Feature C,26.95100189
Feature C,40.9945318
Feature C,42.22927726
Feature C,35.64234238
Feature C,44.31255537
Feature C,30.1974739
Feature C,47.72981317
Feature C,32.01983649
Feature C,28.78359072
Feature C,37.41861705
Feature C,42.97248236
Feature C,38.09059701
Feature C,38.64427803
Feature C,43.99922985
Feature C,35.64659447
Feature C,41.48490273
Feature C,44.98759796
Feature C,51.80393794
Feature C,44.87671129
Feature C,52.28857795
Feature C,44.7189602
Feature C,41.98055324
Feature C,28.46079086
Feature C,34.65204869
Feature C,40.08622426
Feature C,46.27362274
Feature C,40.06491856
Feature C,45.26189173
Feature C,35.61713189
Feature C,40.3552217
Feature C,43.30203619
Feature C,39.84368569
Feature C,42.67699017
Feature C,37.97551184
Feature C,44.24607134
Feature C,41.51367064
Feature C,41.71770392
Feature C,30.30727748
Feature C,37.95798851
Feature C,33.06213549
Feature C,32.36569165
Feature C,39.03670139
Feature C,41.03520979
Feature C,43.70160135
Feature C,48.5475759
Feature C,44.66640178
Feature C,48.07242204
Feature C,38.84213827
Feature C,40.15295896
Feature C,48.51101331
Feature C,42.0072431
Feature C,31.91853171
Feature C,36.92066689
Feature C,48.04555236
Feature C,38.33557645
Feature C,44.0006648
Feature C,42.08533617
Feature C,39.02185436
Feature C,39.89528165
Feature C,44.35032329
Feature C,43.25747297
Feature C,49.40802084
Feature C,40.80108129
Feature C,36.46075175
Feature C,42.99541861
Feature C,46.23200732
Feature C,55.69180173
Feature C,39.21790192
Feature C,40.04187857
Feature C,47.29495926
Feature C,49.68771676
Feature C,38.04790886
Feature C,45.98742273
Feature C,38.60905492
Feature C,36.22693038
Feature C,45.74016541
Feature C,42.63898663
Feature C,44.33598527
Feature C,38.51697902
Feature C,52.76986774
Feature C,45.99172805
Feature C,39.75358545
Feature C,46.21649359
Feature C,34.7129137
Feature C,41.17349924
Feature C,50.42014739
Feature C,40.86696413
Feature C,47.46294223
Feature C,40.668468
Feature C,28.2118416
Feature C,36.71872473
Feature C,43.33641413
Feature C,50.67931627
Feature C,38.43958725
Feature C,43.65587407
Feature C,36.21108426
Feature C,35.90126255
Feature C,37.33610014
Feature C,50.2143724
Feature C,47.64186054
Feature C,45.56199094
Feature C,48.69277532
Feature C,39.45345002
Feature C,46.55746162
Feature C,43.25777567
Feature C,35.70539445
Feature C,37.01362667
Feature C,42.30031759
Feature C,43.23378037
Feature C,40.07184949
Feature C,36.02105254
Feature C,29.45464836
Feature C,44.55141288
Feature C,40.22836975
Feature C,45.2949653
Feature C,32.72464912
Feature C,34.47998439
Feature C,41.33200875
Feature C,33.52311879
Feature C,30.1022769
Feature C,46.70157245
Feature C,47.40521604
Feature C,35.82021815
Feature C,40.36765639
Feature C,35.19616257
Feature C,43.8985615
Feature C,41.82193019
Feature C,36.78323729
Feature C,37.35469474
Feature C,35.62751284
Feature C,44.61824557
Feature C,45.42605309
Feature C,44.25884937
Feature C,36.94266182
Feature C,31.28298223
Feature C,45.18525398
Feature C,40.93764632
Feature C,41.7636459
Feature C,48.19276791
Feature C,36.63890499
Feature C,48.86409195
Feature C,39.52085103
Feature C,37.72087307
Feature C,40.76552314
Feature C,44.34011837
Feature C,40.75670613
Feature C,36.59695668
Feature C,40.31025433
Feature C,26.74841339
Feature C,38.94892991
Feature C,44.73579731
Feature C,40.98444135
Feature C,46.12996633
Feature C,44.9158946
Feature C,45.87388048
Feature C,45.93626967
Feature C,31.56851543
Feature C,42.02495808
Feature C,51.78040401
Feature C,39.11708864
Feature C,44.71681465
Feature C,42.86036239
Feature C,45.34207335
Feature C,40.3678193
Feature C,38.11020422
Feature C,42.43176507
Feature C,43.24688898
Feature C,40.88800626
Feature C,42.18864399
Feature C,44.4681116
Feature C,37.34289666
Feature C,48.83806594
Feature C,55.20456162
Feature C,50.86323197
Feature C,39.2734929
Feature C,31.06267639
Feature C,42.32518774
Feature C,47.28163932
Feature C,46.66864019
Feature C,34.62151935
Feature C,35.32110894
Feature C,42.80246781
Feature C,45.75648807
Feature C,47.23758998
Feature C,46.89835187
Feature C,36.19214705
Feature C,34.12436966
Feature C,29.92488133
Feature C,45.02959619
Feature C,46.96866939
Feature C,44.01510413
Feature C,35.64525332
Feature C,51.4063005
Feature C,39.77912025
Feature C,52.67423017
Feature C,45.30841203
Feature C,49.14186387
Feature C,43.98361336
Feature C,41.61208663
Feature C,35.92471159
Feature C,38.64891486
Feature C,41.71735298
Feature C,43.69244441
Feature C,41.80068473
Feature C,40.93216807
Feature C,43.1009131
Feature C,38.85376774
Feature C,38.78437526
Feature C,33.26577179
Feature C,47.07762882
Feature C,42.28159421
Feature C,41.4982546
Feature C,37.55448831
Feature C,40.51335682
Feature C,35.47930287
Feature C,35.70421589
Feature C,30.48628937
Feature C,47.89019264
Feature C,42.75578449
Feature C,35.29934175
Feature C,48.98271962
Feature C,45.7475501
Feature C,46.45429365
Feature C,40.6453766
Feature C,39.46276796
Feature C,41.41168259
Feature C,44.42814394
Feature C,46.79948764
Feature C,51.5368149
Feature C,38.94557758
Feature C,35.90661151
Feature C,42.60515199
Feature C,60.13262511
Feature C,39.42830493
Feature C,48.87408731
Feature C,40.54141074
Feature C,39.12874057
Feature C,37.73749727
Feature C,40.73253223
Feature C,51.85070683
Feature C,43.81108032
Feature C,44.92397474
Feature C,47.03241475
Feature C,54.43044908
Feature C,46.65371305
Feature C,33.43733188
Feature C,35.79893199
Feature C,32.46326932
Feature C,24.90871938
Feature C,49.74440357
Feature C,39.03765675
Feature C,44.36982407
Feature C,49.08970712
Feature C,38.92900383
Feature C,41.19019411
Feature C,44.10153708
Feature C,43.35527533
Feature C,37.3541085
Feature C,46.38489366
Feature C,45.27381317
Feature C,40.26930422
Feature C,34.66571453
Feature C,45.80000157
Feature C,50.56511794
Feature C,50.28310496
Feature C,47.2358074
Feature D,45.10118959
Feature D,44.81191848
Feature D,44.47389146
Feature D,45.52981279
Feature D,52.25511373
Feature D,49.53838052
Feature D,36.86183648
Feature D,36.83647422
Feature D,47.86299544
Feature D,48.89963248
Feature D,34.15515395
Feature D,43.10131665
Feature D,48.16536691
Feature D,56.77071549
Feature D,35.92278763
Feature D,40.46733433
Feature D,41.51815892
Feature D,49.05237647
Feature D,49.98503533
Feature D,46.07586461
Feature D,38.32602787
Feature D,44.2166855
Feature D,44.63708408
Feature D,46.78451229
Feature D,57.73731109
Feature D,43.93937682
Feature D,48.45758643
Feature D,43.76760995
Feature D,40.55863291
Feature D,51.81568739
Feature D,41.69622792
Feature D,64.41125514
Feature D,48.55537763
Feature D,48.36152146
Feature D,47.60072873
Feature D,59.06187324
Feature D,51.98356266
Feature D,46.49405614
Feature D,41.00286116
Feature D,41.76763344
Feature D,43.29006417
Feature D,55.28969059
Feature D,46.86611055
Feature D,43.45680826
Feature D,52.75235687
Feature D,56.07108011
Feature D,43.8328111
Feature D,45.33040474
Feature D,50.07170512
Feature D,47.97093338
Feature D,50.43819883
Feature D,58.28519115
Feature D,47.63768068
Feature D,46.31578639
Feature D,50.91248677
Feature D,47.70393282
Feature D,51.76659037
Feature D,46.65617309
Feature D,50.66113629
Feature D,38.61755575
Feature D,48.08342195
Feature D,44.90270408
Feature D,40.85674455
Feature D,45.52158475
Feature D,50.23196967
Feature D,48.55405778
Feature D,52.16090258
Feature D,53.64539546
Feature D,52.97078418
Feature D,46.05306494
Feature D,40.03106281
Feature D,46.31799018
Feature D,55.01793262
Feature D,47.27114181
Feature D,38.17625009
Feature D,50.94829934
Feature D,49.69091586
Feature D,45.59637987
Feature D,49.04016902
Feature D,56.21632602
Feature D,55.79517656
Feature D,45.26221864
Feature D,48.06398917
Feature D,39.27546513
Feature D,43.63348004
Feature D,60.04944238
Feature D,56.98805811
Feature D,46.62447165
Feature D,43.84520913
Feature D,39.80026022
Feature D,60.75631112
Feature D,48.68777835
Feature D,44.43630654
Feature D,54.46840403
Feature D,41.402485
Feature D,52.35938519
Feature D,56.64522181
Feature D,46.73897904
Feature D,56.70768566
Feature D,51.84930859
Feature D,43.92715429
Feature D,51.44587642
Feature D,43.77291284
Feature D,44.79609566
Feature D,52.64630764
Feature D,45.14627163
Feature D,47.85343573
Feature D,54.11404858
Feature D,40.76651763
Feature D,57.5717632
Feature D,60.25173276
Feature D,51.6868875
Feature D,50.53158704
Feature D,45.02146999
Feature D,50.94576848
Feature D,44.98810698
Feature D,49.72901891
Feature D,43.88024395
Feature D,52.73042272
Feature D,52.14821305
Feature D,55.45799405
Feature D,59.89325827
Feature D,44.12134899
Feature D,53.79713575
Feature D,39.43639532
Feature D,45.25509745
Feature D,53.67280011
Feature D,43.5696651
Feature D,50.0738442
Feature D,42.59733184
Feature D,45.77789578
Feature D,47.75521844
Feature D,44.3260874
Feature D,36.32488746
Feature D,49.45857798
Feature D,50.84940057
Feature D,48.82028744
Feature D,45.06751365
Feature D,53.40122194
Feature D,54.46521396
Feature D,33.75797486
Feature D,54.74744903
Feature D,37.32271352
Feature D,45.93269783
Feature D,41.34496132
Feature D,44.2193653
Feature D,55.90130261
Feature D,51.20708033
Feature D,50.96338851
Feature D,35.53204541
Feature D,49.17795206
Feature D,51.77281892
Feature D,53.16568286
Feature D,42.1605159
Feature D,53.62525831
Feature D,39.62876533
Feature D,58.43245811
Feature D,43.20819426
Feature D,52.59014632
Feature D,49.90746807
Feature D,41.61839689
Feature D,54.86555194
Feature D,48.20026106
Feature D,52.91044665
Feature D,49.30915251
Feature D,53.21098351
Feature D,48.13008313
Feature D,54.6913719
Feature D,45.88691481
Feature D,51.16372991
Feature D,50.27142913
Feature D,53.06315866
Feature D,44.27374503
Feature D,49.06614899
Feature D,44.51900953
Feature D,53.45182695
Feature D,44.17988172
Feature D,58.39343218
Feature D,52.74222961
Feature D,47.91775213
Feature D,55.23717885
Feature D,47.49245436
Feature D,51.37957369
Feature D,51.1691664
Feature D,50.53823059
Feature D,44.41941462
Feature D,40.49493433
Feature D,37.91039574
Feature D,45.26222185
Feature D,52.09675915
Feature D,46.5657751
Feature D,40.7798944
Feature D,60.93886561
Feature D,52.21205654
Feature D,59.6797086
Feature D,55.27821812
Feature D,44.33172529
Feature D,45.52847278
Feature D,39.35591413
Feature D,52.44284072
Feature D,57.74195551
Feature D,42.47709073
Feature D,40.78681412
Feature D,53.29606841
Feature D,38.90112579
Feature D,59.52966935
Feature D,51.43281467
Feature D,37.71062968
Feature D,50.12951337
Feature D,48.63109119
Feature D,33.1895188
Feature D,47.74885182
Feature D,44.47643539
Feature D,42.67621804
Feature D,49.43230092
Feature D,53.10534181
Feature D,58.362053
Feature D,32.20495412
Feature D,52.46166797
Feature D,42.28589333
Feature D,54.93798099
Feature D,50.07517004
Feature D,56.66974303
Feature D,39.10343217
Feature D,50.96778779
Feature D,49.77095603
Feature D,54.28717348
Feature D,46.61298895
Feature D,54.86410108
Feature D,45.33023475
Feature D,45.42457558
Feature D,48.15227581
Feature D,41.58448697
Feature D,45.26057015
Feature D,54.66002297
Feature D,57.91097223
Feature D,54.68552808
Feature D,45.45080895
Feature D,49.91087931
Feature D,48.59093789
Feature D,40.44583516
Feature D,49.54444927
Feature D,43.05424003
Feature D,41.63625469
Feature D,52.35303277
Feature D,43.75240868
Feature D,47.1357075
Feature D,42.15770654
Feature D,48.33566656
Feature D,50.95407932
Feature D,51.01527153
Feature D,41.54845214
Feature D,55.5482535
Feature D,56.95783028
Feature D,50.23746256
Feature D,48.94487729
Feature D,48.46405742
Feature D,49.54527568
Feature D,50.25854153
Feature D,48.82094171
Feature D,51.92293903
Feature D,45.98538875
Feature D,54.77606957
Feature D,47.77390313
Feature D,37.4658359
Feature D,47.40167778
Feature D,50.68212272
Feature D,55.38019004
Feature D,48.3612626
Feature D,36.35958479
Feature D,48.0289906
Feature D,40.80472847
Feature D,42.14336578
Feature D,41.84623769
Feature D,43.20463845
Feature D,54.82277454
Feature D,43.0108266
Feature D,45.36562336
Feature D,49.10504077
Feature D,53.34227775
Feature D,43.99976994
Feature D,43.04265682
Feature D,44.88830567
Feature D,40.9696878
Feature D,53.5202001
Feature D,34.9082512
Feature D,44.83384754
Feature D,39.35315987
Feature D,36.25929129
Feature D,48.17194918
Feature D,57.22941397
Feature D,57.80784213
Feature D,44.62334275
Feature D,43.81826575
Feature D,44.77064218
Feature D,52.26066139
Feature D,32.62981822
Feature D,49.48620285
Feature D,45.56675771
Feature D,43.53636902
Feature D,35.96327981
Feature D,46.76504149
Feature D,38.10565937
Feature D,47.90815276
Feature D,42.63058993
Feature D,48.27791835
Feature D,50.76602448
Feature D,44.9775674
Feature D,41.86560926
Feature D,44.32954663
Feature D,43.99563898
Feature D,39.04034503
Feature D,43.31629072
Feature D,46.83956919
Feature D,46.67500014
Feature D,49.97725044
Feature D,55.75125434
Feature D,50.00202619
Feature D,56.85472185
Feature D,44.11244421
Feature D,56.10401046
Feature D,51.56045345
Feature D,40.84974669
Feature D,50.41302607
Feature D,40.57384296
Feature D,53.68338405
Feature D,44.76152313
Feature D,46.58333888
Feature D,43.92278107
Feature D,42.88693025
Feature D,58.21283826
Feature D,53.95082714
Feature D,52.05127846
Feature D,48.44171975
Feature D,52.41800289
Feature D,51.97027666
Feature D,57.62112359
Feature D,53.10023867
Feature D,46.76286596
Feature D,46.71064234
Feature D,45.19156461
Feature D,45.81756864
Feature D,46.57989636
Feature D,55.3372845
Feature D,34.0298422
Feature D,43.78892503
Feature D,47.20271568
Feature D,40.30044958
Feature D,57.71460366
Feature D,46.59631019
Feature D,41.29849121
Feature D,42.65031728
Feature D,53.23437098
Feature D,59.21405604
Feature D,47.25438898
Feature D,48.64217284
Feature D,42.30878964
Feature D,55.89986826
Feature D,52.33594156
Feature D,34.02447922
Feature D,44.12860473
Feature D,46.59529503
Feature D,41.35103596
Feature D,46.36065495
Feature D,41.19935307
Feature D,50.15584772
Feature D,50.01386858
Feature D,52.86590612
Feature D,50.49873682
Feature D,57.56468423
Feature D,45.68317274
Feature D,35.0801798
Feature D,48.15395528
Feature D,51.89909307
Feature D,45.5925864
Feature D,56.40525887
Feature D,54.56861207
Feature D,51.22495979
Feature D,48.41864855
Feature D,44.6909962
Feature D,46.93833979
Feature D,50.81506709
Feature D,53.80678073
Feature D,46.22331206
Feature D,43.63048045
Feature D,62.85363517
Feature D,51.11134302
Feature D,42.57838077
Feature D,53.58587434
Feature D,48.37011899
Feature D,52.96073549
Feature D,48.31078172
Feature D,47.64942569
Feature D,48.54366972
Feature D,50.47668478
Feature D,44.33948561
Feature D,44.06782062
Feature D,46.89132476
Feature D,49.02780859
Feature D,46.09574127
Feature D,49.90190737
Feature D,41.38958752
Feature D,39.41424928
Feature D,59.3520638
Feature D,50.38726268
Feature D,45.6178312
Feature D,46.32025291
Feature D,52.71071119
Feature D,46.73807511
Feature D,49.15268978
Feature D,46.41164624
Feature D,44.99165365
Feature D,51.61313888
Feature D,48.84896735
Feature D,55.810876
Feature D,41.24761885
Feature D,47.18815556
Feature D,46.74606631
Feature D,41.550826
Feature D,53.98715236
Feature D,47.35560151
Feature D,39.68665206
Feature D,44.44715624
Feature D,41.36799864
Feature D,54.23453108
Feature D,63.25742674
Feature D,43.95770509
Feature D,47.44661995
Feature D,49.67841021
Feature D,64.25375651
Feature D,34.02597922
Feature D,44.91626559
Feature D,40.78323146
Feature D,46.63425116
Feature D,46.34460469
Feature D,43.62114716
Feature D,59.00493431
Feature D,49.54239202
Feature D,62.36151225
Feature D,52.94169976
Feature D,40.4081271
Feature D,43.47905271
Feature D,49.63823051
Feature D,44.53260635
Feature D,50.12573813
Feature D,52.39543585
Feature D,50.52673366
Feature D,47.19232299
Feature D,44.1387664
Feature D,40.26407587
Feature D,50.04536939
Feature D,53.53401404
Feature D,47.52198354
Feature D,52.52170592
Feature D,61.3651781
Feature D,59.60292769
Feature D,45.03056714
Feature D,51.28027105
Feature D,43.78673617
Feature D,52.13888054
Feature D,47.64982116
Feature D,49.66552547
Feature D,42.84591231
Feature D,55.23226749
Feature D,47.4949202
Feature D,45.32448025
Feature D,47.54027176
Feature D,48.45839028
Feature D,57.82118407
Feature D,41.33565607
Feature D,62.75394722
Feature D,43.36012568
Feature D,49.04786025
Feature D,35.65115181
Feature D,44.07323682
Feature D,52.39064018
Feature D,51.03139835
Feature D,50.46343333
Feature D,45.19940818
Feature D,36.9385652
Feature D,41.56305224
Feature D,46.62102741
Feature D,51.72982305
Feature D,53.02467289
Feature D,46.18267171
Feature D,47.09068479
Feature D,47.02289086
Feature D,48.3470732
Feature D,57.22286931
Feature D,43.63972483
Feature D,46.77142368
Feature D,48.47235775
Feature D,39.97040464
Feature D,42.47382459
Feature D,49.20157169
Feature D,50.56241477
Feature D,54.84054126
Feature D,45.20576426
Feature D,56.72340373
Feature D,42.8126627
Feature D,38.42230152
Feature D,36.32391933
Feature D,54.62430165
Feature D,49.82923267
Feature D,47.21746866
Feature D,46.23831968
Feature D,57.51753273
Feature D,55.20687302
Feature D,41.97756173
Feature D,39.6538981
Feature D,54.51177529
Feature D,51.36367084
Feature D,44.93411409
Feature D,50.37871179
Feature D,35.86061338
Feature D,44.00915116
Feature D,50.61004323
Feature D,47.56253017
Feature D,40.30867414
Feature D,54.09159678
Feature D,54.97835604
Feature D,42.35976097
Feature D,46.88720023
Feature D,52.38368364
Feature D,53.18234906
Feature D,44.82751431
Feature D,42.72876096
Feature D,50.07045244
Feature D,36.50389069
Feature D,42.29953446
Feature D,52.64152276
Feature D,37.77720957
Feature D,40.79533724
Feature D,46.55528962
Feature D,46.18755899
Feature D,37.47573145
Feature D,51.05627305
Feature D,41.87126198
Feature D,47.05164638
Feature D,46.82056676
Feature D,52.17977244
Feature D,47.60411124
Feature D,47.19391209
Feature D,57.92844506
Feature D,50.23136929
Feature D,51.74124278
Feature D,50.84939176
Feature D,51.42980776
Feature D,56.0144188
Feature D,47.65737503
Feature D,49.45706368
Feature D,59.8178048
Feature D,44.81977012
Feature D,55.74605388
Feature D,44.35753082
Feature D,58.26083805
Feature D,44.00251572
Feature D,43.11376634
Feature D,54.21841575
Feature D,53.7895892
Feature D,51.31026502
Feature D,49.63913118
Feature D,49.45115882
Feature D,60.32856424
Feature D,39.40479303
Feature D,42.0819821
Feature D,40.32515926
Feature D,53.76453294
Feature D,46.52614839
Feature D,47.21994926
Feature D,58.69984091
Feature D,44.52584128
Feature D,60.13676761
Feature D,39.54335512
Feature D,55.90701368
Feature D,49.93872602
Feature D,45.66839688
Feature D,46.96297858
Feature D,56.03384801
Feature D,58.22283523
Feature D,37.92919307
Feature D,68.52656765
Feature D,63.46765593
Feature D,44.84806899
Feature D,47.61370857
Feature D,44.01871587
Feature D,47.44199347
Feature D,52.43915663
Feature D,48.62017689
Feature D,49.15204199
Feature D,56.87284562
Feature D,34.77678913
Feature D,45.05134172
Feature D,48.86650363
Feature D,43.30139618
Feature D,54.36579744
Feature D,45.32696615
Feature D,45.42491908
Feature D,55.1340708
Feature D,53.00576444
Feature D,47.09815513
Feature D,46.0334572
Feature D,39.31100826
Feature D,43.81629249
Feature D,63.59094139
Feature D,47.77550992
Feature D,53.48095134
Feature D,46.89284101
Feature D,51.65894578
Feature D,47.68363915
Feature D,56.18353173
Feature D,44.9781995
Feature D,37.74563899
Feature D,53.3912981
Feature D,46.57359584
Feature D,56.78044548
Feature D,48.7462696
Feature D,56.72244506
Feature D,50.10136176
Feature D,45.90584712
Feature D,52.35359165
Feature D,45.24456942
Feature D,58.10855539
Feature D,48.8795041
Feature D,35.82085744
Feature D,45.16697952
Feature D,38.20576844
Feature D,34.92986816
Feature D,48.35525191
Feature D,51.88716382
Feature D,43.43143867
Feature D,40.02694604
Feature D,44.38781552
Feature D,38.69684837
Feature D,52.21801077
Feature D,51.44701803
Feature D,38.42825094
Feature D,44.25558683
Feature D,54.28329633
Feature D,46.99164459
Feature D,48.05709535
Feature D,50.50344134
Feature D,51.76100518
Feature D,55.23745883
Feature D,52.63539221
Feature D,39.73459762
Feature D,45.82543845
Feature D,49.81379097
Feature D,47.34552074
Feature D,34.92500831
Feature D,43.45131165
Feature D,54.08730691
Feature D,48.94828297
Feature D,39.16463737
Feature D,49.29555724
Feature D,47.04775516
Feature D,52.03112324
Feature D,60.63935161
Feature D,38.90459921
Feature D,44.96961887
Feature D,47.16742236
Feature D,35.18277
Feature D,47.81268002
Feature D,44.44098577
Feature D,61.41361661
Feature D,30.49214272
Feature D,56.92932701
Feature D,54.04814801
Feature D,52.41054978
Feature D,48.88087196
Feature D,43.73519823
Feature D,54.6337884
Feature D,42.68551761
Feature D,52.16857091
Feature D,50.41583511
Feature D,54.45742918
Feature D,44.42072141
Feature D,44.51407423
Feature D,49.81245938
Feature D,49.83411093
Feature D,56.24399012
Feature D,50.91239657
Feature D,48.86904024
Feature D,53.05571906
Feature D,44.73835311
Feature D,54.55783138
Feature D,41.86475038
Feature D,50.02888423
Feature D,37.75892542
Feature D,49.47869555
Feature D,38.59222121
Feature D,46.61109033
Feature D,37.4552673
Feature D,44.16228102
Feature D,43.34299854
Feature D,51.32864792
Feature D,44.50726722
Feature D,43.38842939
Feature D,55.32909413
Feature D,58.01502246
Feature D,54.56088231
Feature D,39.05254497
Feature D,55.6599185
Feature D,40.62877458
Feature D,47.56829387
Feature D,52.40674922
Feature D,46.71667752
Feature D,47.09764318
Feature D,48.75229456
Feature D,50.56714813
Feature D,50.46810407
Feature D,37.64183248
Feature D,46.9461106
Feature D,49.72103114
Feature D,51.54444007
Feature D,46.0958383
Feature D,43.78409016
Feature D,39.79447319
Feature D,43.62715651
Feature D,47.27085045
Feature D,44.18876371
Feature D,51.56821613
Feature D,50.20500739
Feature D,38.34756939
Feature D,49.90399107
Feature D,51.25022795
Feature D,46.43203806
Feature D,47.84102543
Feature D,45.40657016
Feature D,46.23967954
Feature D,41.95775925
Feature D,50.5512456
Feature D,40.65110045
Feature D,44.45721207
Feature D,42.51817159
Feature D,42.77449371
Feature D,45.78866616
Feature D,45.0884849
Feature D,43.80022872
Feature D,46.47939662
Feature D,38.49061435
Feature D,48.66623021
Feature D,51.79107695
Feature D,40.30140785
Feature D,39.52139627
Feature D,61.39198266
Feature D,49.43704344
Feature D,48.31915756
Feature D,46.80895527
Feature D,50.95588657
Feature D,48.22344637
Feature D,44.72452829
Feature D,45.4051436
Feature D,45.93309176
Feature D,46.08198363
Feature D,43.48980676
Feature D,54.44460914
Feature D,48.56293293
Feature D,43.36159902
Feature D,51.54749241
Feature D,50.10137087
Feature D,47.17452251
Feature D,50.4052912
Feature D,42.56172603
Feature D,46.80695848
Feature D,42.00507177
Feature D,40.89713739
Feature D,46.0116081
Feature D,49.00814881
Feature D,42.52196682
Feature D,46.94965123
Feature D,37.01732327
Feature D,45.31957649
Feature D,55.02400365
Feature D,41.09150461
Feature D,40.84240788
Feature D,46.68083125
Feature D,51.2080244
Feature D,55.41665499
Feature D,63.92244437
Feature D,52.80535943
Feature D,52.02872116
Feature D,60.1675447
Feature D,46.19445418
Feature D,46.71990357
Feature D,49.5196209
Feature D,39.47947173
Feature D,36.98738007
Feature D,58.84073624
Feature D,44.55002554
Feature D,45.25271486
Feature D,42.0422654
Feature D,48.86443558
Feature D,51.54684313
Feature D,46.62833257
Feature D,48.08822816
Feature D,53.70835749
Feature D,47.93539154
Feature D,44.63193917
Feature D,47.63633951
Feature E,48.94604192
Feature E,54.6113285
Feature E,48.6124453
Feature E,62.36355267
Feature E,39.08085657
Feature E,56.40776481
Feature E,51.07183666
Feature E,65.92289285
Feature E,52.59321942
Feature E,56.89102416
Feature E,56.32136382
Feature E,55.48603446
Feature E,57.10871901
Feature E,65.9844824
Feature E,59.56505294
Feature E,55.17854489
Feature E,64.74159731
Feature E,57.4991865
Feature E,57.90200159
Feature E,61.47018089
Feature E,54.96663976
Feature E,58.35294415
Feature E,52.35311869
Feature E,54.74901639
Feature E,54.23785576
Feature E,50.16160177
Feature E,66.20791931
Feature E,50.6466144
Feature E,51.86532354
Feature E,61.94650434
Feature E,53.87626662
Feature E,61.00875856
Feature E,50.35585727
Feature E,53.92295004
Feature E,52.49437873
Feature E,48.18531816
Feature E,52.18012828
Feature E,50.06839716
Feature E,59.14468395
Feature E,52.2540985
Feature E,53.50331277
Feature E,49.03293184
Feature E,55.29119403
Feature E,44.32838186
Feature E,36.30076929
Feature E,65.28063806
Feature E,58.54357018
Feature E,57.8083718
Feature E,40.58095041
Feature E,58.0627747
Feature E,57.11888562
Feature E,53.53406975
Feature E,58.95023258
Feature E,60.72341418
Feature E,53.2670184
Feature E,65.67202247
Feature E,59.9301762
Feature E,61.34631229
Feature E,52.10929431
Feature E,53.21326287
Feature E,48.46448747
Feature E,56.44421451
Feature E,55.58406861
Feature E,54.54770132
Feature E,49.91587543
Feature E,52.60818303
Feature E,65.9106707
Feature E,48.42504386
Feature E,51.5634586
Feature E,45.57940468
Feature E,46.55562559
Feature E,52.27940879
Feature E,51.65227619
Feature E,50.29859061
Feature E,49.35693414
Feature E,52.82023846
Feature E,60.80412326
Feature E,51.85319289
Feature E,46.30077682
Feature E,47.58568917
Feature E,41.97391411
Feature E,43.73690207
Feature E,49.5154789
Feature E,48.14150723
Feature E,47.10584334
Feature E,65.93546192
Feature E,64.5067865
Feature E,69.3864558
Feature E,58.65897541
Feature E,53.03250873
Feature E,47.74043583
Feature E,47.39540243
Feature E,51.01875632
Feature E,61.68312556
Feature E,57.99882337
Feature E,59.33700118
Feature E,52.87727143
Feature E,44.67818194
Feature E,55.95841603
Feature E,52.71232817
Feature E,52.17625016
Feature E,67.10503937
Feature E,59.2181477
Feature E,52.62956278
Feature E,42.57932148
Feature E,52.28015118
Feature E,59.94233352
Feature E,56.23692596
Feature E,55.63264421
Feature E,60.27056183
Feature E,52.98594008
Feature E,51.92518785
Feature E,52.4762032
Feature E,58.40707756
Feature E,52.38391121
Feature E,58.56180685
Feature E,46.63089828
Feature E,46.37360987
Feature E,54.76430165
Feature E,58.56229895
Feature E,51.5540825
Feature E,50.53547193
Feature E,36.963743
Feature E,56.24592525
Feature E,48.58287013
Feature E,56.41544944
Feature E,62.56327034
Feature E,51.02448572
Feature E,58.18035229
Feature E,53.08472536
Feature E,56.21162781
Feature E,47.06520369
Feature E,56.50694157
Feature E,61.82976927
Feature E,64.78027113
Feature E,46.87571607
Feature E,57.20211005
Feature E,50.95185498
Feature E,57.13632377
Feature E,52.92921683
Feature E,52.51180041
Feature E,58.09259698
Feature E,58.47720916
Feature E,55.67446223
Feature E,56.78429629
Feature E,56.27076248
Feature E,55.67024401
Feature E,54.54738096
Feature E,59.49366135
Feature E,58.25939575
Feature E,58.76359703
Feature E,60.64181099
Feature E,57.296024
Feature E,53.08201003
Feature E,47.46317746
Feature E,51.07180528
Feature E,48.7802705
Feature E,52.20894848
Feature E,50.84823256
Feature E,52.8198851
Feature E,47.85660049
Feature E,50.2661873
Feature E,56.13352294
Feature E,55.28163572
Feature E,51.57558191
Feature E,60.07693399
Feature E,44.15322335
Feature E,56.89655165
Feature E,63.4189834
Feature E,51.55291345
Feature E,56.32550951
Feature E,50.65027198
Feature E,53.86790978
Feature E,58.89362077
Feature E,48.51591311
Feature E,50.67107521
Feature E,57.19334008
Feature E,56.49425814
Feature E,58.84115509
Feature E,61.51648918
Feature E,58.61911645
Feature E,47.53420436
Feature E,54.9226882
Feature E,51.60547548
Feature E,53.96485501
Feature E,59.50417413
Feature E,55.65693266
Feature E,54.93113016
Feature E,53.27931153
Feature E,56.38211103
Feature E,46.92824887
Feature E,51.47071186
Feature E,63.69945622
Feature E,57.69673706
Feature E,48.22923584
Feature E,46.62866004
Feature E,48.24401848
Feature E,57.48094114
Feature E,56.59895379
Feature E,50.58850618
Feature E,51.78789395
Feature E,59.86936842
Feature E,52.15755834
Feature E,53.64954432
Feature E,56.11520248
Feature E,52.90603422
Feature E,49.58984157
Feature E,51.52235235
Feature E,47.51399739
Feature E,56.8158757
Feature E,61.99224074
Feature E,55.46557582
Feature E,58.87637536
Feature E,50.09318985
Feature E,53.15814734
Feature E,53.18332706
Feature E,45.41615625
Feature E,54.53335766
Feature E,56.87542355
Feature E,58.10043873
Feature E,61.89392424
Feature E,45.16410338
Feature E,57.70590875
Feature E,58.30244444
Feature E,52.73984515
Feature E,57.614756
Feature E,45.51280515
Feature E,55.28636804
Feature E,35.22547085
Feature E,55.87234982
Feature E,63.60938073
Feature E,63.25192217
Feature E,38.04198372
Feature E,57.21016106
Feature E,51.90167403
Feature E,53.84995165
Feature E,40.70319927
Feature E,56.31024301
Feature E,50.83967587
Feature E,56.24333693
Feature E,52.8526908
Feature E,47.84737467
Feature E,55.99917802
Feature E,57.57041443
Feature E,54.32591572
Feature E,57.40260952
Feature E,51.21593623
Feature E,61.70880489
Feature E,51.85216631
Feature E,50.52208866
Feature E,60.24955669
Feature E,60.68929309
Feature E,58.08393382
Feature E,55.32303996
Feature E,63.56931591
Feature E,47.93615464
Feature E,60.82661996
Feature E,64.28636301
Feature E,54.32765744
Feature E,57.51433202
Feature E,57.65821316
Feature E,61.16149205
Feature E,48.84713744
Feature E,59.37423716
Feature E,43.7463176
Feature E,66.46142127
Feature E,50.57196144
Feature E,52.10285421
Feature E,55.55331106
Feature E,46.49812764
Feature E,52.42263094
Feature E,54.36892464
Feature E,51.96019507
Feature E,66.15776437
Feature E,43.27943609
Feature E,53.36766951
Feature E,61.07308373
Feature E,48.98301117
Feature E,53.16629327
Feature E,65.65970938
Feature E,42.79592641
Feature E,49.17841281
Feature E,46.80954862
Feature E,57.77712831
Feature E,48.80322886
Feature E,56.80683362
Feature E,50.12516171
Feature E,53.08484664
Feature E,59.13728928
Feature E,54.82202252
Feature E,42.35576728
Feature E,50.7846752
Feature E,58.28157059
Feature E,65.16088992
Feature E,47.31104313
Feature E,52.62827378
Feature E,53.51046072
Feature E,49.60460108
Feature E,45.70420306
Feature E,65.0327796
Feature E,62.87000676
Feature E,45.5592797
Feature E,42.69616721
Feature E,52.33580263
Feature E,56.58256683
Feature E,53.22727999
Feature E,60.77558757
Feature E,52.52082904
Feature E,47.00671311
Feature E,63.11929376
Feature E,52.59583954
Feature E,52.29615848
Feature E,52.4210503
Feature E,54.33602582
Feature E,40.08802866
Feature E,58.09978279
Feature E,58.32739139
Feature E,57.77547114
Feature E,51.53324628
Feature E,54.59585056
Feature E,45.39052397
Feature E,56.15868213
Feature E,49.09766786
Feature E,61.90135755
Feature E,48.44505859
Feature E,41.6454877
Feature E,55.0359551
Feature E,44.2166632
Feature E,48.43292029
Feature E,58.82419374
Feature E,65.23399049
Feature E,52.42393146
Feature E,59.82990779
Feature E,45.73581683
Feature E,64.38300789
Feature E,53.96947691
Feature E,49.32071854
Feature E,56.38526353
Feature E,49.14450638
Feature E,54.30193818
Feature E,54.61063225
Feature E,61.01474128
Feature E,50.60045344
Feature E,51.74795827
Feature E,54.74396123
Feature E,59.38424687
Feature E,65.37358196
Feature E,63.49311873
Feature E,59.76153212
Feature E,42.58153814
Feature E,59.68394852
Feature E,58.52052223
Feature E,49.81321724
Feature E,50.61041873
Feature E,45.78509793
Feature E,53.92471815
Feature E,54.54378009
Feature E,43.47869724
Feature E,44.5119742
Feature E,55.04691046
Feature E,47.83869637
Feature E,52.20470207
Feature E,60.04630012
Feature E,51.44453279
Feature E,54.76238589
Feature E,57.69462615
Feature E,47.25205373
Feature E,61.45606213
Feature E,59.50209214
Feature E,61.63779176
Feature E,51.44279338
Feature E,45.21408246
Feature E,57.0669777
Feature E,57.71119351
Feature E,69.24221174
Feature E,64.31695756
Feature E,51.21070341
Feature E,47.95933626
Feature E,57.72593378
Feature E,65.95945496
Feature E,46.90119621
Feature E,49.31699035
Feature E,64.48616993
Feature E,65.02312189
Feature E,55.16733849
Feature E,44.27861829
Feature E,50.74457684
Feature E,61.00451304
Feature E,66.92240145
Feature E,53.90474076
Feature E,50.2113292
Feature E,55.8317239
Feature E,54.86927162
Feature E,48.54398816
Feature E,57.55130504
Feature E,62.34266585
Feature E,54.07872256
Feature E,57.7545012
Feature E,55.5125102
Feature E,56.76939656
Feature E,52.71826146
Feature E,61.18725635
Feature E,55.3908188
Feature E,50.98295129
Feature E,57.78274278
Feature E,59.74378515
Feature E,53.55310282
Feature E,37.93101354
Feature E,63.81698632
Feature E,49.49621671
Feature E,51.90513655
Feature E,63.71178444
Feature E,42.61176067
Feature E,47.36073384
Feature E,49.50329575
Feature E,46.12271178
Feature E,60.61972994
Feature E,61.5869768
Feature E,57.00525679
Feature E,51.36356505
Feature E,51.45792015
Feature E,50.59156157
Feature E,50.8517618
Feature E,56.89695356
Feature E,59.45558019
Feature E,51.26053388
Feature E,55.91394239
Feature E,39.68524349
Feature E,54.45502184
Feature E,48.72934886
Feature E,60.59119908
Feature E,61.11494645
Feature E,40.82102771
Feature E,59.53390511
Feature E,50.60562964
Feature E,53.01635387
Feature E,59.39100496
Feature E,58.13500391
Feature E,49.08586053
Feature E,55.92040054
Feature E,51.19754861
Feature E,61.51113202
Feature E,44.57116449
Feature E,58.91852671
Feature E,62.34657653
Feature E,38.34284994
Feature E,57.88647958
Feature E,51.82212251
Feature E,54.66133051
Feature E,52.37955511
Feature E,58.15258384
Feature E,59.56968183
Feature E,57.55878061
Feature E,53.36224339
Feature E,51.45522523
Feature E,53.15811749
Feature E,52.63625309
Feature E,55.23037163
Feature E,49.05242707
Feature E,57.5074835
Feature E,48.010208
Feature E,45.09431096
Feature E,55.5466649
Feature E,56.49174002
Feature E,60.15251744
Feature E,58.35645641
Feature E,55.31872426
Feature E,58.14959767
Feature E,48.11701359
Feature E,47.15634178
Feature E,46.70707202
Feature E,54.26837122
Feature E,57.96882225
Feature E,59.43835348
Feature E,62.90220872
Feature E,55.97520353
Feature E,53.2308513
Feature E,50.03233834
Feature E,55.52440932
Feature E,53.61386835
Feature E,52.0492241
Feature E,49.93786161
Feature E,47.96481061
Feature E,48.10231801
Feature E,62.81298217
Feature E,55.503707
Feature E,51.41956946
Feature E,44.52485352
Feature E,55.15718242
Feature E,51.01619967
Feature E,53.48465069
Feature E,52.75710747
Feature E,58.65633233
Feature E,53.58818845
Feature E,52.9319915
Feature E,68.23703087
Feature E,60.52322519
Feature E,54.78010939
Feature E,49.61281202
Feature E,61.0747781
Feature E,48.40410266
Feature E,53.71161496
Feature E,59.11551449
Feature E,51.53212731
Feature E,51.79674106
Feature E,56.64185485
Feature E,54.8368268
Feature E,52.50448433
Feature E,52.74375579
Feature E,55.50539535
Feature E,56.800372
Feature E,61.7655709
Feature E,51.48460632
Feature E,61.89995671
Feature E,45.20870186
Feature E,50.12948058
Feature E,45.8825889
Feature E,55.85664937
Feature E,56.52516828
Feature E,45.80384749
Feature E,54.28718683
Feature E,48.51680235
Feature E,56.96305713
Feature E,44.67051696
Feature E,59.18830389
Feature E,53.73355241
Feature E,47.78434384
Feature E,53.50246733
Feature E,52.40599785
Feature E,51.81323176
Feature E,45.01590545
Feature E,50.48873906
Feature E,52.96003426
Feature E,45.10048676
Feature E,55.81416831
Feature E,62.23869832
Feature E,58.6925232
Feature E,49.20880225
Feature E,50.0588027
Feature E,51.20584647
Feature E,57.63536049
Feature E,53.76288278
Feature E,48.32966098
Feature E,44.92809234
Feature E,57.35578298
Feature E,47.7362193
Feature E,56.98207243
Feature E,54.43842549
Feature E,58.33062609
Feature E,60.56502901
Feature E,45.46023366
Feature E,60.13382195
Feature E,58.12689047
Feature E,52.15527066
Feature E,53.88150567
Feature E,56.93039031
Feature E,57.96300486
Feature E,43.71574004
Feature E,62.75314189
Feature E,45.5526271
Feature E,41.51301528
Feature E,59.72543631
Feature E,44.93044647
Feature E,52.6551412
Feature E,45.92082663
Feature E,43.23249414
Feature E,51.34731602
Feature E,57.88267215
Feature E,55.89539628
Feature E,50.1451571
Feature E,53.90545772
Feature E,53.40782912
Feature E,53.85885307
Feature E,51.32377023
Feature E,56.16569942
Feature E,47.50378493
Feature E,56.26510437
Feature E,51.96355377
Feature E,51.98640845
Feature E,58.23482456
Feature E,51.43456907
Feature E,48.08789849
Feature E,46.78176995
Feature E,58.01419646
Feature E,40.00027574
Feature E,51.49850656
Feature E,55.08873833
Feature E,45.75023755
Feature E,54.04177775
Feature E,58.02144011
Feature E,43.05342848
Feature E,48.67671625
Feature E,64.57357466
Feature E,50.07225347
Feature E,48.20343324
Feature E,48.85368863
Feature E,51.3940836
Feature E,55.11551932
Feature E,49.7779964
Feature E,55.2103176
Feature E,58.21171648
Feature E,56.01708907
Feature E,58.49895421
Feature E,49.19470599
Feature E,53.26355164
Feature E,57.98573155
Feature E,54.3297473
Feature E,55.2761702
Feature E,54.30516408
Feature E,55.0975011
Feature E,53.85196243
Feature E,47.40365401
Feature E,55.04399599
Feature E,51.26779967
Feature E,62.61467317
Feature E,50.82245898
Feature E,54.91290838
Feature E,42.16043206
Feature E,50.04672744
Feature E,49.02928411
Feature E,61.39022126
Feature E,53.09348429
Feature E,54.86973765
Feature E,55.80178147
Feature E,50.81333112
Feature E,55.80429085
Feature E,63.03974424
Feature E,57.70195626
Feature E,58.28640035
Feature E,48.99286305
Feature E,55.07428524
Feature E,55.76007862
Feature E,50.06939022
Feature E,54.70452329
Feature E,65.84116854
Feature E,48.15280061
Feature E,57.31768591
Feature E,47.55707322
Feature E,56.11198062
Feature E,47.74905135
Feature E,57.54210691
Feature E,46.38936061
Feature E,54.12286599
Feature E,62.04789755
Feature E,52.66515548
Feature E,53.36161443
Feature E,62.42514187
Feature E,66.21777932
Feature E,68.89863068
Feature E,51.63824805
Feature E,47.66918046
Feature E,57.90692605
Feature E,56.61357267
Feature E,61.71124941
Feature E,54.90128021
Feature E,54.96491616
Feature E,63.08255181
Feature E,54.97194462
Feature E,58.09341076
Feature E,56.90710527
Feature E,53.73316848
Feature E,50.79113302
Feature E,51.97471294
Feature E,42.30883819
Feature E,61.6707301
Feature E,44.42933502
Feature E,50.4557971
Feature E,51.77801373
Feature E,61.23317014
Feature E,54.34710423
Feature E,59.66535174
Feature E,52.2346089
Feature E,64.02821069
Feature E,56.92198691
Feature E,57.2837653
Feature E,59.2651859
Feature E,45.10660648
Feature E,53.93685593
Feature E,55.28654549
Feature E,49.39962451
Feature E,54.07302312
Feature E,49.67195801
Feature E,55.31848458
Feature E,43.29103066
Feature E,55.70645753
Feature E,50.18235904
Feature E,59.63603938
Feature E,42.16133701
Feature E,54.25507986
Feature E,52.67454215
Feature E,59.64314168
Feature E,44.51993335
Feature E,50.70761391
Feature E,58.2711691
Feature E,57.67724174
Feature E,56.13800465
Feature E,55.73142184
Feature E,43.98874972
Feature E,59.10637318
Feature E,55.29465638
Feature E,43.11175749
Feature E,52.95929202
Feature E,59.72260657
Feature E,58.22272551
Feature E,50.2122903
Feature E,59.44555061
Feature E,51.61822005
Feature E,56.29175379
Feature E,59.57119621
Feature E,56.34345653
Feature E,50.08378471
Feature E,58.9198942
Feature E,62.86458051
Feature E,48.4248214
Feature E,52.906834
Feature E,60.02195083
Feature E,48.88804867
Feature E,43.68374518
Feature E,51.03180579
Feature E,60.39893866
Feature E,45.8289142
Feature E,52.51017702
Feature E,59.77158047
Feature E,54.28156473
Feature E,57.40151433
Feature E,63.74388096
Feature E,59.40462727
Feature E,57.54714391
Feature E,56.94591845
Feature E,47.04950038
Feature E,59.03518136
Feature E,57.25263973
Feature E,56.42172441
Feature E,54.34320206
Feature E,46.3737127
Feature E,54.92156251
Feature E,61.52973657
Feature E,50.32972224
Feature E,43.19490452
Feature E,65.02816722
Feature E,50.61433238
Feature E,60.8421396
Feature E,57.74432082
Feature E,63.9464166
Feature E,53.74745649
Feature E,52.19733283
Feature E,64.39354787
Feature E,66.93917894
Feature E,55.91111328
Feature E,55.01908227
Feature E,58.45409699
Feature E,49.96477986
Feature E,56.98695691
Feature E,48.06232799
Feature E,52.21512231
Feature E,58.7693012
Feature E,49.42227954
Feature E,59.10516374
Feature E,57.01307436
Feature E,62.60245521
Feature E,66.99397794
Feature E,50.54774545
Feature E,56.343833
Feature E,63.35198269
Feature E,55.19427257
Feature E,50.07712199
Feature E,48.01457517
Feature E,62.40266582
Feature E,69.59695023
Feature E,47.7161983
Feature E,54.66322382
Feature E,44.59158513
Feature E,54.41802724
Feature E,52.15692081
Feature E,53.92768028
Feature E,71.36912634
Feature E,45.60791713
Feature E,56.59268041
Feature E,64.9959463
Feature E,50.33386474
Feature E,49.08394372
Feature E,54.28985676
Feature E,61.80330822
Feature E,51.94125096
Feature E,47.84525238
Feature E,54.42329125
Feature E,41.89308439
Feature E,45.14726927
Feature E,60.51877679
Feature E,56.75289345
Feature E,40.95602142
Feature E,57.70569754
Feature E,40.17122789
Feature E,51.31818773
Feature E,55.79694406
Feature E,45.42915248
Feature E,61.6049849
Feature E,61.28703474
Feature E,49.95086441
Feature E,60.72613146
Feature F,61.17929866
Feature F,63.90067913
Feature F,64.02602513
Feature F,52.29505341
Feature F,47.8433425
Feature F,73.23195639
Feature F,61.38833958
Feature F,62.25385356
Feature F,52.84218889
Feature F,66.79529905
Feature F,71.03686077
Feature F,69.16722063
Feature F,47.85823786
Feature F,53.75695201
Feature F,60.58674961
Feature F,64.1810448
Feature F,56.7366689
Feature F,54.84870419
Feature F,61.37871562
Feature F,54.34414109
Feature F,72.26102581
Feature F,49.0470276
Feature F,63.05275324
Feature F,48.02203676
Feature F,57.0340625
Feature F,68.9060237
Feature F,66.73061145
Feature F,51.60083611
Feature F,51.14341178
Feature F,60.34863504
Feature F,54.28214017
Feature F,62.43462069
Feature F,54.0963691
Feature F,50.3392619
Feature F,57.41898739
Feature F,52.6547362
Feature F,66.5198518
Feature F,57.99116652
Feature F,59.77295578
Feature F,68.28354798
Feature F,71.14692745
Feature F,59.68229869
Feature F,62.0000172
Feature F,67.85458609
Feature F,58.95322653
Feature F,53.73824481
Feature F,65.9652022
Feature F,50.85219276
Feature F,58.52848123
Feature F,57.58706953
Feature F,56.86353398
Feature F,43.47834748
Feature F,56.47859855
Feature F,67.59787758
Feature F,57.18677607
Feature F,56.28574089
Feature F,56.0031631
Feature F,54.75156424
Feature F,60.87613022
Feature F,63.55668425
Feature F,68.6922345
Feature F,50.60345227
Feature F,62.37211998
Feature F,59.08059624
Feature F,61.71171611
Feature F,53.80969639
Feature F,60.27306851
Feature F,53.07831728
Feature F,63.95821966
Feature F,54.3228611
Feature F,60.38128367
Feature F,47.23660394
Feature F,61.96180117
Feature F,66.64633739
Feature F,64.59697726
Feature F,66.32203789
Feature F,51.86434321
Feature F,58.98419168
Feature F,59.58179407
Feature F,64.32117389
Feature F,58.99330874
Feature F,58.7803265
Feature F,70.0687695
Feature F,66.54561077
Feature F,49.46133222
Feature F,57.69233524
Feature F,54.04705088
Feature F,77.8295102
Feature F,57.03399281
Feature F,66.8882387
Feature F,60.57762749
Feature F,60.65298126
Feature F,62.97142169
Feature F,59.14413901
Feature F,64.99762198
Feature F,63.35894264
Feature F,49.88942433
Feature F,56.66632612
Feature F,56.85988126
Feature F,56.96337404
Feature F,66.39170931
Feature F,68.92216221
Feature F,54.4691943
Feature F,63.24861279
Feature F,52.98139244
Feature F,56.65751774
Feature F,61.79079326
Feature F,58.86646327
Feature F,55.91729878
Feature F,52.45530875
Feature F,58.12940078
Feature F,60.31498827
Feature F,63.37340287
Feature F,54.74509906
Feature F,63.52053578
Feature F,53.01696257
Feature F,56.72332787
Feature F,62.70226302
Feature F,55.84490715
Feature F,55.32242335
Feature F,59.71600404
Feature F,60.21260739
Feature F,65.60689175
Feature F,58.59968388
Feature F,49.7952715
Feature F,56.06497141
Feature F,56.21717719
Feature F,54.40603446
Feature F,61.93142221
Feature F,75.01059058
Feature F,64.76500483
Feature F,59.07096264
Feature F,63.0220031
Feature F,68.65660944
Feature F,58.14439694
Feature F,63.98688282
Feature F,63.3713947
Feature F,59.26419105
Feature F,60.33927604
Feature F,63.91134602
Feature F,59.84256814
Feature F,57.96294602
Feature F,56.43606012
Feature F,61.74577246
Feature F,59.66986801
Feature F,57.76957034
Feature F,61.05953082
Feature F,55.36159847
Feature F,55.18548235
Feature F,68.2413968
Feature F,54.71186362
Feature F,61.89472836
Feature F,54.18968053
Feature F,58.61634212
Feature F,62.34217369
Feature F,53.94277929
Feature F,63.57023203
Feature F,61.31349137
Feature F,58.10036226
Feature F,61.47279925
Feature F,60.45026901
Feature F,54.9620998
Feature F,51.61761648
Feature F,60.63679061
Feature F,53.97167298
Feature F,59.78868006
Feature F,50.11154301
Feature F,54.42580506
Feature F,61.63266489
Feature F,66.27193677
Feature F,61.0156713
Feature F,54.0333901
Feature F,57.50797561
Feature F,66.56181676
Feature F,63.11210555
Feature F,64.72224203
Feature F,65.98020572
Feature F,62.26480786
Feature F,66.65627999
Feature F,54.16071627
Feature F,61.79787153
Feature F,57.96310607
Feature F,61.21043337
Feature F,67.95238783
Feature F,63.02276089
Feature F,56.22217984
Feature F,57.89907532
Feature F,54.29196824
Feature F,59.46111449
Feature F,57.00241861
Feature F,64.74943617
Feature F,57.04363437
Feature F,64.26188827
Feature F,64.3243808
Feature F,57.3880187
Feature F,68.55895046
Feature F,60.16154583
Feature F,56.08308947
Feature F,60.44639611
Feature F,54.05422489
Feature F,63.90595968
Feature F,54.62899207
Feature F,67.75795761
Feature F,47.55476049
Feature F,53.32523927
Feature F,57.96992465
Feature F,55.79581488
Feature F,68.08167103
Feature F,59.63744417
Feature F,62.12882649
Feature F,64.24421734
Feature F,60.91726771
Feature F,65.76606023
Feature F,62.63829736
Feature F,64.18928283
Feature F,51.08395521
Feature F,53.2420696
Feature F,46.64155508
Feature F,58.48036282
Feature F,68.59053898
Feature F,54.12958301
Feature F,61.89037933
Feature F,62.64573699
Feature F,61.4311584
Feature F,58.29466431
Feature F,56.29113574
Feature F,56.17939224
Feature F,60.10471948
Feature F,67.79783047
Feature F,55.23895509
Feature F,59.26479368
Feature F,60.59560894
Feature F,64.74848094
Feature F,58.6120313
Feature F,63.82630384
Feature F,51.01960315
Feature F,64.31039793
Feature F,60.57822605
Feature F,53.42612835
Feature F,46.01784818
Feature F,57.80798019
Feature F,64.01316439
Feature F,61.91433178
Feature F,57.81500166
Feature F,60.30039214
Feature F,60.93594361
Feature F,55.48553684
Feature F,60.32733047
Feature F,60.67361128
Feature F,55.66301124
Feature F,61.18917338
Feature F,61.86336188
Feature F,63.15794161
Feature F,64.26627913
Feature F,62.46186368
Feature F,61.80839356
Feature F,59.42741942
Feature F,62.69256183
Feature F,52.38452975
Feature F,63.92562116
Feature F,56.79054375
Feature F,74.02517294
Feature F,56.42197165
Feature F,42.67422103
Feature F,68.23251181
Feature F,56.40808571
Feature F,63.55770551
Feature F,61.35445242
Feature F,66.57787237
Feature F,54.58040386
Feature F,52.86563045
Feature F,66.389814
Feature F,54.24859519
Feature F,50.79783529
Feature F,64.66781697
Feature F,59.60845035
Feature F,73.66922535
Feature F,62.06165774
Feature F,57.88144356
Feature F,56.2368927
Feature F,70.10765204
Feature F,52.71043269
Feature F,63.70177227
Feature F,63.37008009
Feature F,56.56316441
Feature F,69.21430728
Feature F,55.51406721
Feature F,59.88316885
Feature F,62.32577042
Feature F,73.93875584
Feature F,63.69091343
Feature F,70.38928817
Feature F,55.62862426
Feature F,49.52735816
Feature F,65.33614071
Feature F,50.229186
Feature F,51.94673782
Feature F,63.66462121
Feature F,59.66534024
Feature F,65.08211569
Feature F,68.59904845
Feature F,65.4764693
Feature F,62.29397989
Feature F,63.31211168
Feature F,60.86895991
Feature F,70.25035371
Feature F,60.31433629
Feature F,64.84286299
Feature F,54.35930232
Feature F,60.23545342
Feature F,48.01423603
Feature F,60.83237761
Feature F,51.0703394
Feature F,59.20275369
Feature F,58.55929875
Feature F,65.83211567
Feature F,56.14661129
Feature F,56.01492934
Feature F,48.16191774
Feature F,63.7222902
Feature F,66.53202971
Feature F,58.64353657
Feature F,68.88142764
Feature F,57.54146367
Feature F,53.98606775
Feature F,61.3748724
Feature F,64.11770724
Feature F,51.03887776
Feature F,50.18619959
Feature F,60.27851929
Feature F,62.88261172
Feature F,45.93308175
Feature F,49.762875
Feature F,61.84661964
Feature F,65.33240674
Feature F,57.71438646
Feature F,67.20253422
Feature F,56.31728149
Feature F,58.99982512
Feature F,68.09845645
Feature F,59.51065582
Feature F,60.15523861
Feature F,54.60077576
Feature F,60.40206363
Feature F,56.13440649
Feature F,49.2033629
Feature F,54.17704877
Feature F,58.56810546
Feature F,60.98179048
Feature F,66.40821538
Feature F,60.23120536
Feature F,59.23555965
Feature F,66.63680034
Feature F,74.49033836
Feature F,59.4873735
Feature F,67.06791354
Feature F,62.91709719
Feature F,59.54372413
Feature F,48.4746897
Feature F,54.19468353
Feature F,56.65953641
Feature F,53.3387569
Feature F,53.03250036
Feature F,57.52244709
Feature F,65.71133661
Feature F,54.47891684
Feature F,60.70905071
Feature F,58.78204323
Feature F,64.75859879
Feature F,60.23062105
Feature F,58.99102205
Feature F,56.49486355
Feature F,65.351392
Feature F,66.83599846
Feature F,60.1166549
Feature F,79.63069651
Feature F,59.98204073
Feature F,77.5429437
Feature F,59.19672287
Feature F,50.57575763
Feature F,51.45140052
Feature F,54.77118034
Feature F,68.87044789
Feature F,70.21993981
Feature F,62.38565156
Feature F,61.85097176
Feature F,56.77826824
Feature F,55.93994642
Feature F,55.69258139
Feature F,54.77670003
Feature F,56.7604653
Feature F,56.26386139
Feature F,63.1712247
Feature F,64.62491203
Feature F,69.61908453
Feature F,45.30827188
Feature F,62.97071809
Feature F,58.08918913
Feature F,58.40165638
Feature F,50.14977534
Feature F,59.80273167
Feature F,55.34395737
Feature F,62.13455657
Feature F,53.32314489
Feature F,80.67595187
Feature F,55.3074068
Feature F,58.30678013
Feature F,52.62740285
Feature F,58.04896202
Feature F,72.80552763
Feature F,57.6786475
Feature F,63.66122315
Feature F,54.36132135
Feature F,69.23018153
Feature F,62.81010959
Feature F,55.70020183
Feature F,61.38263367
Feature F,57.67881785
Feature F,63.0522508
Feature F,55.14362042
Feature F,62.77929516
Feature F,69.49907017
Feature F,67.57656977
Feature F,61.82995508
Feature F,62.00205981
Feature F,62.52901805
Feature F,65.39027853
Feature F,62.31556288
Feature F,63.6365407
Feature F,63.82686917
Feature F,61.36676306
Feature F,64.32269654
Feature F,60.34703614
Feature F,66.06771832
Feature F,57.43049176
Feature F,61.16262565
Feature F,60.19478467
Feature F,53.55507268
Feature F,67.19295594
Feature F,53.02540072
Feature F,67.83077533
Feature F,53.58920115
Feature F,54.10749921
Feature F,65.16533095
Feature F,59.50953044
Feature F,48.92885496
Feature F,69.02052229
Feature F,45.06883542
Feature F,55.84484387
Feature F,50.87796394
Feature F,56.59219499
Feature F,60.53208677
Feature F,57.99875535
Feature F,56.5268751
Feature F,59.01722487
Feature F,61.61499246
Feature F,54.86544251
Feature F,47.55086264
Feature F,54.44492481
Feature F,48.57385325
Feature F,63.8120324
Feature F,71.22095033
Feature F,53.12722837
Feature F,54.68738733
Feature F,54.7467966
Feature F,64.73034274
Feature F,60.1880681
Feature F,62.9336869
Feature F,64.62881927
Feature F,61.48700765
Feature F,62.68698983
Feature F,53.02460841
Feature F,59.62927031
Feature F,56.30337921
Feature F,52.17102418
Feature F,52.98609394
Feature F,65.62565729
Feature F,52.19671808
Feature F,57.57403184
Feature F,65.8953903
Feature F,61.97555696
Feature F,63.9140834
Feature F,61.98827615
Feature F,59.10674798
Feature F,46.80169453
Feature F,56.34696891
Feature F,51.73015218
Feature F,57.73149428
Feature F,72.32464244
Feature F,60.82935242
Feature F,55.68512233
Feature F,65.33215464
Feature F,62.94823757
Feature F,59.51789959
Feature F,58.6342125
Feature F,59.1270865
Feature F,59.57147985
Feature F,63.71718147
Feature F,60.76594006
Feature F,56.23574013
Feature F,65.00622896
Feature F,55.80957631
Feature F,67.85544289
Feature F,54.11893424
Feature F,64.48791062
Feature F,67.54677972
Feature F,67.33310011
Feature F,59.32703494
Feature F,64.15320086
Feature F,47.174151
Feature F,62.6654159
Feature F,59.34427875
Feature F,63.59894793
Feature F,60.65255444
Feature F,67.76878139
Feature F,58.97609547
Feature F,64.40243711
Feature F,59.36426351
Feature F,63.93457543
Feature F,52.61240344
Feature F,63.63941708
Feature F,57.66245726
Feature F,62.36889012
Feature F,54.74808871
Feature F,63.24984547
Feature F,77.94915196
Feature F,69.24312304
Feature F,65.88227277
Feature F,56.28591019
Feature F,61.9491628
Feature F,59.04997001
Feature F,48.08922663
Feature F,58.55899262
Feature F,58.10077172
Feature F,59.4622181
Feature F,56.80795804
Feature F,63.91097376
Feature F,71.51148348
Feature F,66.93394291
Feature F,63.96111108
Feature F,60.33041453
Feature F,60.45439428
Feature F,66.94513549
Feature F,67.6898934
Feature F,56.44831886
Feature F,65.6988201
Feature F,52.90134129
Feature F,52.84404837
Feature F,69.57470001
Feature F,60.22163561
Feature F,60.2026926
Feature F,65.87413812
Feature F,58.82006048
Feature F,54.92001368
Feature F,60.83014395
Feature F,49.74819998
Feature F,57.16520338
Feature F,59.05955903
Feature F,51.34462389
Feature F,61.10858602
Feature F,55.60360138
Feature F,66.6844652
Feature F,58.31374778
Feature F,53.45399834
Feature F,61.43533643
Feature F,59.6806939
Feature F,60.24190729
Feature F,61.29272847
Feature F,57.635874
Feature F,58.04045476
Feature F,63.88802291
Feature F,69.7604221
Feature F,48.44583736
Feature F,59.18591752
Feature F,65.87809383
Feature F,52.92472841
Feature F,67.00088025
Feature F,57.72463551
Feature F,64.24651273
Feature F,68.84259467
Feature F,65.391461
Feature F,67.28589014
Feature F,46.75303765
Feature F,52.35982318
Feature F,63.48879995
Feature F,54.53531521
Feature F,56.68875303
Feature F,68.30533348
Feature F,60.69896474
Feature F,60.27190727
Feature F,58.52648621
Feature F,50.41262689
Feature F,48.71655621
Feature F,58.69340254
Feature F,62.12843277
Feature F,52.08633131
Feature F,49.15331942
Feature F,67.65305482
Feature F,63.04199011
Feature F,62.89256923
Feature F,65.50257899
Feature F,63.32846142
Feature F,53.66698391
Feature F,67.50093033
Feature F,52.33583968
Feature F,57.12847008
Feature F,62.00157373
Feature F,61.68599081
Feature F,63.536013
Feature F,65.25955248
Feature F,55.14196602
Feature F,52.27544227
Feature F,52.99360147
Feature F,63.44689882
Feature F,57.22347434
Feature F,62.47747277
Feature F,67.09788966
Feature F,55.96959614
Feature F,65.54819368
Feature F,56.1306449
Feature F,63.70088331
Feature F,60.20444759
Feature F,54.89736331
Feature F,65.68710223
Feature F,64.33562639
Feature F,54.78836249
Feature F,60.22621083
Feature F,75.13438842
Feature F,55.48882326
Feature F,58.99972283
Feature F,68.41735842
Feature F,53.31781364
Feature F,74.28248182
Feature F,55.99618713
Feature F,56.87140682
Feature F,59.76867746
Feature F,66.44805853
Feature F,79.4132569
Feature F,62.89988781
Feature F,63.71769732
Feature F,51.75882795
Feature F,60.84745043
Feature F,45.84130417
Feature F,58.45036054
Feature F,68.76855056
Feature F,58.8115797
Feature F,59.6541442
Feature F,60.23426785
Feature F,59.25762306
Feature F,60.60029749
Feature F,50.93259949
Feature F,57.11477141
Feature F,57.95047411
Feature F,63.41864021
Feature F,61.24425982
Feature F,55.44844517
Feature F,65.09408307
Feature F,67.35951253
Feature F,52.32349398
Feature F,61.10406666
Feature F,55.5058454
Feature F,56.35110881
Feature F,62.51918175
Feature F,65.05109877
Feature F,62.28094162
Feature F,56.79093402
Feature F,66.77827206
Feature F,66.19133779
Feature F,54.06370455
Feature F,61.87901115
Feature F,53.04201138
Feature F,68.80040123
Feature F,61.62035747
Feature F,66.40281193
Feature F,62.32886281
Feature F,59.35037768
Feature F,64.50293125
Feature F,53.38009352
Feature F,51.40390544
Feature F,56.21307817
Feature F,61.58170771
Feature F,57.51787158
Feature F,57.20928755
Feature F,65.52510902
Feature F,56.98684372
Feature F,65.84674123
Feature F,55.36238449
Feature F,58.46109982
Feature F,55.04211993
Feature F,57.44280407
Feature F,53.02981879
Feature F,62.68192183
Feature F,67.09388579
Feature F,61.70015217
Feature F,70.27360707
Feature F,50.15939997
Feature F,55.49068756
Feature F,63.14786642
Feature F,63.80027573
Feature F,61.96198031
Feature F,70.47410995
Feature F,70.0523374
Feature F,51.24417383
Feature F,57.49557448
Feature F,51.39579978
Feature F,53.81535617
Feature F,61.48953836
Feature F,62.10844664
Feature F,55.31728983
Feature F,61.80960267
Feature F,55.63298743
Feature F,61.49648321
Feature F,60.67887153
Feature F,58.29592452
Feature F,54.23944522
Feature F,57.20804964
Feature F,62.94687722
Feature F,57.03490894
Feature F,58.04695325
Feature F,53.58143591
Feature F,57.39531122
Feature F,59.85086014
Feature F,55.62534693
Feature F,57.70372596
Feature F,53.39583528
Feature F,64.49498854
Feature F,73.25865107
Feature F,57.44861863
Feature F,62.79999772
Feature F,69.49180468
Feature F,57.69333503
Feature F,57.6650101
Feature F,63.88365086
Feature F,54.2859252
Feature F,58.96118098
Feature F,56.68100955
Feature F,54.19297786
Feature F,62.52417575
Feature F,59.16711664
Feature F,73.01715475
Feature F,42.94189263
Feature F,63.87169158
Feature F,55.07206976
Feature F,58.28262498
Feature F,53.4671941
Feature F,63.47040293
Feature F,68.13250662
Feature F,62.9346732
Feature F,54.52886085
Feature F,69.68686481
Feature F,59.01764001
Feature F,61.07243221
Feature F,59.70456823
Feature F,58.70519566
Feature F,60.4858625
Feature F,53.81668358
Feature F,66.91926781
Feature F,63.87797331
Feature F,60.47297133
Feature F,65.67243438
Feature F,52.66710726
Feature F,66.51077378
Feature F,61.27201124
Feature F,63.01932616
Feature F,57.26572804
Feature F,55.30623848
Feature F,56.7227817
Feature F,66.21751828
Feature F,66.54465993
Feature F,69.32923439
Feature F,59.62801677
Feature F,55.46366134
Feature F,68.83479704
Feature F,50.68833063
Feature F,59.04668773
Feature F,63.61954212
Feature F,53.02629157
Feature F,50.6394253
Feature F,62.93511351
Feature F,69.72630304
Feature F,55.71158083
Feature F,55.87987538
Feature F,54.3503774
Feature F,68.90835599
Feature F,55.75238883
Feature F,54.97533716
Feature F,55.17582006
Feature F,56.47257606
Feature F,56.41369235
Feature F,63.63868485
Feature F,61.81036868
Feature F,62.84848952
Feature F,56.21879826
Feature F,64.34708586
Feature F,41.74119094
Feature F,66.76621303
Feature F,61.1990783
Feature F,57.56938688
Feature F,62.853165
Feature F,52.6612675
